"","Name","POS","H","HR","OBP","R","RBI","SB","AB","BB","HBP","PA","batterIndex","ERA","K/9","SV","W","WHIP","IP","ER","H.pitcher","SO","BB.pitcher","pitcherIndex","symbol","Dollars","teamDrafted","auctionPrice","positionDrafted"
"1","Mike Trout","OF",141,36,0.441,108,96,18,470,113,9,600,1,NA,NA,NA,NA,NA,NA,NA,NA,NA,NA,NA,"",10.2,NA,NA,NA
"2","J.D. Martinez","OF/DH",157,36,0.372,93,109,4,529,62,4,600,2,NA,NA,NA,NA,NA,NA,NA,NA,NA,NA,NA,"",6.9,NA,NA,NA
"3","Bryce Harper","OF",130,33,0.399,90,90,10,485,105,4,600,3,NA,NA,NA,NA,NA,NA,NA,NA,NA,NA,NA,"",6.6,"Jay",16.25,"OF"
"4","Mookie Betts","OF",157,26,0.385,102,84,23,519,67,5,600,4,NA,NA,NA,NA,NA,NA,NA,NA,NA,NA,NA,"",9.6,NA,NA,NA
"5","Giancarlo Stanton","OF/DH",140,44,0.354,94,111,3,522,66,7,600,5,NA,NA,NA,NA,NA,NA,NA,NA,NA,NA,NA,"",6.9,"Pat",8.5,"OF"
"6","Juan Soto","OF",148,27,0.393,87,88,6,506,85,3,600,6,NA,NA,NA,NA,NA,NA,NA,NA,NA,NA,NA,"",5.2,"David",0.5,"OF"
"7","Christian Yelich","OF",154,25,0.381,89,80,14,520,67,6,600,7,NA,NA,NA,NA,NA,NA,NA,NA,NA,NA,NA,"",6.5,"Fish",5.75,"OF"
"8","Anthony Rizzo","1B",142,28,0.385,89,86,6,506,73,16,600,8,NA,NA,NA,NA,NA,NA,NA,NA,NA,NA,NA,"",6.3,NA,NA,NA
"9","Nolan Arenado","3B",152,33,0.357,89,99,3,533,58,4,600,9,NA,NA,NA,NA,NA,NA,NA,NA,NA,NA,NA,"",6.7,NA,NA,NA
"10","Nelson Cruz","DH",149,35,0.361,86,101,1,527,58,10,600,10,NA,NA,NA,NA,NA,NA,NA,NA,NA,NA,NA,"",3.2,NA,NA,NA
"11","Kris Bryant","3B/OF",138,27,0.382,89,83,6,503,76,14,600,11,NA,NA,NA,NA,NA,NA,NA,NA,NA,NA,NA,"",5.3,NA,NA,NA
"12","Joey Votto","1B",135,20,0.409,83,74,3,484,103,7,600,12,NA,NA,NA,NA,NA,NA,NA,NA,NA,NA,NA,"",4.6,NA,NA,NA
"13","Jose Ramirez","3B",147,25,0.374,88,89,21,517,71,5,600,13,NA,NA,NA,NA,NA,NA,NA,NA,NA,NA,NA,"",7.3,"David",2.5,"2B"
"14","Freddie Freeman","1B",148,25,0.38,84,85,7,515,73,7,600,14,NA,NA,NA,NA,NA,NA,NA,NA,NA,NA,NA,"",5.9,NA,NA,NA
"15","Vladimir Guerrero Jr.","3B",165,24,0.368,83,86,5,538,50,5,600,15,NA,NA,NA,NA,NA,NA,NA,NA,NA,NA,NA,"",3.2,"Matt",0.5,"3B"
"16","Paul Goldschmidt","1B",139,25,0.386,84,81,10,503,85,7,600,16,NA,NA,NA,NA,NA,NA,NA,NA,NA,NA,NA,"",5.9,NA,NA,NA
"17","Alex Bregman","3B/SS",144,24,0.371,89,83,10,516,69,8,600,17,NA,NA,NA,NA,NA,NA,NA,NA,NA,NA,NA,"",6.4,"Fish",7,"SS"
"18","Manny Machado","SS",154,31,0.356,86,93,8,535,56,3,600,18,NA,NA,NA,NA,NA,NA,NA,NA,NA,NA,NA,"",6.5,"Sherm",12,"3B"
"19","Aaron Judge","OF",125,34,0.368,92,88,7,498,90,5,600,19,NA,NA,NA,NA,NA,NA,NA,NA,NA,NA,NA,"",5.5,NA,NA,NA
"20","Shohei Ohtani","DH",144,32,0.354,85,96,12,526,63,5,600,20,3.59,10.92,0,14,1.21,200,80,163,243,79,87,"",0.5,NA,NA,NA
"21","Anthony Rendon","3B",150,22,0.373,81,82,4,521,67,7,600,21,NA,NA,NA,NA,NA,NA,NA,NA,NA,NA,NA,"",3.2,NA,NA,NA
"22","Francisco Lindor","SS",152,27,0.358,92,81,18,530,56,5,600,22,NA,NA,NA,NA,NA,NA,NA,NA,NA,NA,NA,"",8,NA,NA,NA
"23","Daniel Murphy","2B",167,22,0.359,80,85,3,546,42,5,600,23,NA,NA,NA,NA,NA,NA,NA,NA,NA,NA,NA,"",2.5,NA,NA,NA
"24","Rhys Hoskins","OF",127,33,0.352,82,90,5,511,76,7,600,24,NA,NA,NA,NA,NA,NA,NA,NA,NA,NA,NA,"",5,"Marc",2.5,"1B"
"25","Justin Turner","3B",149,21,0.371,79,81,4,522,59,13,600,25,NA,NA,NA,NA,NA,NA,NA,NA,NA,NA,NA,"",2.6,NA,NA,NA
"26","Eloy Jimenez","OF",163,28,0.343,77,92,3,552,38,4,600,26,NA,NA,NA,NA,NA,NA,NA,NA,NA,NA,NA,"",3,NA,NA,NA
"27","Yasiel Puig","OF",146,28,0.351,80,90,15,529,59,5,600,27,NA,NA,NA,NA,NA,NA,NA,NA,NA,NA,NA,"",4,NA,NA,NA
"28","Josh Donaldson","3B",130,28,0.364,84,80,4,506,82,5,600,28,NA,NA,NA,NA,NA,NA,NA,NA,NA,NA,NA,"",2.1,NA,NA,NA
"29","Miguel Cabrera","1B",148,23,0.369,77,83,1,521,69,4,600,29,NA,NA,NA,NA,NA,NA,NA,NA,NA,NA,NA,"",2.5,NA,NA,NA
"30","Andrew McCutchen","OF",135,26,0.362,78,79,11,511,75,7,600,30,NA,NA,NA,NA,NA,NA,NA,NA,NA,NA,NA,"",3,NA,NA,NA
"31","Trevor Story","SS",146,30,0.335,84,94,18,540,49,5,600,31,NA,NA,NA,NA,NA,NA,NA,NA,NA,NA,NA,"",5.4,"Kid",0.75,"SS"
"32","Charlie Blackmon","OF",153,23,0.354,91,68,12,533,49,8,600,32,NA,NA,NA,NA,NA,NA,NA,NA,NA,NA,NA,"",5.7,NA,NA,NA
"33","Corey Seager","SS",150,22,0.359,87,71,4,528,59,5,600,33,NA,NA,NA,NA,NA,NA,NA,NA,NA,NA,NA,"",4.1,NA,NA,NA
"34","Joc Pederson","OF",128,31,0.347,83,84,7,513,71,8,600,34,NA,NA,NA,NA,NA,NA,NA,NA,NA,NA,NA,"(",0.5,NA,NA,NA
"35","Ronald Acuna Jr.","OF",149,26,0.347,88,74,22,534,52,5,600,35,NA,NA,NA,NA,NA,NA,NA,NA,NA,NA,NA,"",6.1,"Matt",1.75,"OF"
"36","Andrew Benintendi","OF",150,17,0.366,91,69,17,523,64,4,600,36,NA,NA,NA,NA,NA,NA,NA,NA,NA,NA,NA,"",5.3,"Adam",2.75,"OF"
"37","Marcell Ozuna","OF",157,27,0.346,76,92,2,545,46,4,600,37,NA,NA,NA,NA,NA,NA,NA,NA,NA,NA,NA,"",3.7,NA,NA,NA
"38","Joey Gallo","1B/OF",114,40,0.334,84,96,6,508,79,6,600,38,NA,NA,NA,NA,NA,NA,NA,NA,NA,NA,NA,"",4,NA,NA,NA
"39","Jose Altuve","2B",162,16,0.368,84,74,16,535,51,7,600,39,NA,NA,NA,NA,NA,NA,NA,NA,NA,NA,NA,"",5.9,NA,NA,NA
"40","Matt Carpenter","1B/3B",124,23,0.373,88,64,4,493,91,7,600,40,NA,NA,NA,NA,NA,NA,NA,NA,NA,NA,NA,"",2.9,"Marc",2.5,"3B"
"41","Jesse Winker","OF",146,16,0.377,74,68,3,513,74,5,600,41,NA,NA,NA,NA,NA,NA,NA,NA,NA,NA,NA,"",1,NA,NA,NA
"42","Carlos Santana","1B",126,23,0.366,82,77,3,500,89,4,600,42,NA,NA,NA,NA,NA,NA,NA,NA,NA,NA,NA,"",1,NA,NA,NA
"43","Jose Abreu","1B",153,27,0.339,77,89,2,544,39,11,600,43,NA,NA,NA,NA,NA,NA,NA,NA,NA,NA,NA,"",3.5,NA,NA,NA
"44","George Springer","OF",136,25,0.354,89,70,8,517,66,8,600,44,NA,NA,NA,NA,NA,NA,NA,NA,NA,NA,NA,"",3.6,NA,NA,NA
"45","Cody Bellinger","1B/OF",134,30,0.343,80,90,10,523,67,4,600,45,NA,NA,NA,NA,NA,NA,NA,NA,NA,NA,NA,"",4.3,NA,NA,NA
"46","Xander Bogaerts","SS",153,19,0.355,80,81,9,534,54,6,600,46,NA,NA,NA,NA,NA,NA,NA,NA,NA,NA,NA,"",3.8,"Brendan",2,"SS"
"47","Carlos Correa","SS",138,24,0.352,80,86,4,521,69,4,600,47,NA,NA,NA,NA,NA,NA,NA,NA,NA,NA,NA,"",2.9,NA,NA,NA
"48","Kyle Schwarber","OF",121,32,0.354,79,87,5,503,85,5,600,48,NA,NA,NA,NA,NA,NA,NA,NA,NA,NA,NA,"",2.3,NA,NA,NA
"49","Steve Pearce","1B/DH",141,25,0.344,82,84,2,529,56,8,600,49,NA,NA,NA,NA,NA,NA,NA,NA,NA,NA,NA,"(",0.5,NA,NA,NA
"50","Eugenio Suarez","3B",134,27,0.348,77,86,3,519,67,8,600,50,NA,NA,NA,NA,NA,NA,NA,NA,NA,NA,NA,"",3.3,"David",1,"3B"
"51","Khris Davis","DH",127,37,0.323,82,98,1,528,59,8,600,51,NA,NA,NA,NA,NA,NA,NA,NA,NA,NA,NA,"",2.2,"Kid",3,"OF"
"52","Matt Olson","1B",127,31,0.337,80,88,2,519,69,6,600,52,NA,NA,NA,NA,NA,NA,NA,NA,NA,NA,NA,"",3.3,"Jay",1.5,"CI"
"53","David Peralta","OF",151,21,0.345,77,72,5,538,48,6,600,53,NA,NA,NA,NA,NA,NA,NA,NA,NA,NA,NA,"",0.9,NA,NA,NA
"54","Josh Bell","1B",140,19,0.359,71,74,5,520,72,2,600,54,NA,NA,NA,NA,NA,NA,NA,NA,NA,NA,NA,"",0.2,NA,NA,NA
"55","Nicholas Castellanos","OF",150,22,0.335,75,83,3,544,45,5,600,55,NA,NA,NA,NA,NA,NA,NA,NA,NA,NA,NA,"",3,"Brendan",1,"OF"
"56","Yasmani Grandal","C",91,21,0.344,55,60,2,381,61,3,450,56,NA,NA,NA,NA,NA,NA,NA,NA,NA,NA,NA,"",2.8,NA,NA,NA
"57","Jung Ho Kang","3B",141,24,0.339,72,81,6,531,50,12,600,57,NA,NA,NA,NA,NA,NA,NA,NA,NA,NA,NA,"(",0.5,NA,NA,NA
"58","Edwin Encarnacion","1B/DH",122,31,0.337,77,88,2,515,74,6,600,58,NA,NA,NA,NA,NA,NA,NA,NA,NA,NA,NA,"",1.2,NA,NA,NA
"59","Brandon Belt","1B",128,19,0.359,73,69,4,507,80,6,600,59,NA,NA,NA,NA,NA,NA,NA,NA,NA,NA,NA,"",0.7,NA,NA,NA
"60","Ryan Zimmerman","1B",142,27,0.328,74,89,3,539,49,5,600,60,NA,NA,NA,NA,NA,NA,NA,NA,NA,NA,NA,"",0.5,NA,NA,NA
"61","Trea Turner","SS",154,16,0.35,87,62,37,537,50,4,600,61,NA,NA,NA,NA,NA,NA,NA,NA,NA,NA,NA,"",6.3,NA,NA,NA
"62","C.J. Cron","1B/DH",142,29,0.323,77,88,3,542,39,12,600,62,NA,NA,NA,NA,NA,NA,NA,NA,NA,NA,NA,"",1.1,NA,NA,NA
"63","Jose Martinez","1B/OF",155,17,0.351,72,74,4,538,51,3,600,63,NA,NA,NA,NA,NA,NA,NA,NA,NA,NA,NA,"(",0.5,NA,NA,NA
"64","Gary Sanchez","C",98,25,0.322,60,69,2,398,42,5,450,64,NA,NA,NA,NA,NA,NA,NA,NA,NA,NA,NA,"",4,NA,NA,NA
"65","Michael Conforto","OF",125,26,0.345,74,80,4,513,73,8,600,65,NA,NA,NA,NA,NA,NA,NA,NA,NA,NA,NA,"",1.9,NA,NA,NA
"66","Ryan Braun","OF",143,27,0.331,77,86,14,539,50,5,600,66,NA,NA,NA,NA,NA,NA,NA,NA,NA,NA,NA,"",1.7,NA,NA,NA
"67","Nomar Mazara","OF",146,25,0.336,75,83,2,538,50,5,600,67,NA,NA,NA,NA,NA,NA,NA,NA,NA,NA,NA,"",1,"Pat",1,"OF"
"68","Buster Posey","C",114,10,0.364,51,50,3,396,45,4,450,68,NA,NA,NA,NA,NA,NA,NA,NA,NA,NA,NA,"",3,NA,NA,NA
"69","Adam Eaton","OF",148,11,0.366,79,54,11,521,59,11,600,69,NA,NA,NA,NA,NA,NA,NA,NA,NA,NA,NA,"",0.7,NA,NA,NA
"70","Luke Voit","1B",139,25,0.335,76,81,2,532,53,8,600,70,NA,NA,NA,NA,NA,NA,NA,NA,NA,NA,NA,"(",0.5,NA,NA,NA
"71","Miguel Andujar","3B",156,25,0.321,76,87,4,557,31,5,600,71,NA,NA,NA,NA,NA,NA,NA,NA,NA,NA,NA,"",1.7,NA,NA,NA
"72","Rafael Devers","3B",148,25,0.329,76,85,7,545,47,2,600,72,NA,NA,NA,NA,NA,NA,NA,NA,NA,NA,NA,"",1.3,NA,NA,NA
"73","Matt Chapman","3B",132,26,0.327,80,82,4,530,57,6,600,73,NA,NA,NA,NA,NA,NA,NA,NA,NA,NA,NA,"",2.7,NA,NA,NA
"74","Michael Brantley","OF",152,17,0.344,80,75,10,539,49,5,600,74,NA,NA,NA,NA,NA,NA,NA,NA,NA,NA,NA,"",0.9,"Brendan",0.5,"OF"
"75","Robinson Cano","2B",150,22,0.339,72,78,1,542,47,6,600,75,NA,NA,NA,NA,NA,NA,NA,NA,NA,NA,NA,"",2.5,NA,NA,NA
"76","Stephen Piscotty","OF",138,21,0.339,75,75,4,529,55,10,600,76,NA,NA,NA,NA,NA,NA,NA,NA,NA,NA,NA,"",1.4,NA,NA,NA
"77","Chris Iannetta","C",95,16,0.35,53,55,1,382,55,6,450,77,NA,NA,NA,NA,NA,NA,NA,NA,NA,NA,NA,"",0.5,NA,NA,NA
"78","Shin-Soo Choo","OF/DH",129,19,0.356,81,62,7,508,75,8,600,78,NA,NA,NA,NA,NA,NA,NA,NA,NA,NA,NA,"",0.4,NA,NA,NA
"79","Tommy Pham","OF",131,20,0.352,77,68,16,513,72,7,600,79,NA,NA,NA,NA,NA,NA,NA,NA,NA,NA,NA,"",0.5,NA,NA,NA
"80","Wilmer Flores","1B",153,23,0.328,71,81,2,551,37,6,600,80,NA,NA,NA,NA,NA,NA,NA,NA,NA,NA,NA,"",1,NA,NA,NA
"81","Aaron Hicks","OF",126,22,0.348,81,70,10,511,77,4,600,81,NA,NA,NA,NA,NA,NA,NA,NA,NA,NA,NA,"",1.6,NA,NA,NA
"82","Lorenzo Cain","OF",151,14,0.356,81,55,20,530,55,6,600,82,NA,NA,NA,NA,NA,NA,NA,NA,NA,NA,NA,"",2.9,NA,NA,NA
"83","Nick Senzel","3B",149,18,0.339,70,73,14,539,49,4,600,83,NA,NA,NA,NA,NA,NA,NA,NA,NA,NA,NA,"(",0.5,NA,NA,NA
"84","Justin Smoak","1B",124,27,0.336,76,81,1,517,74,4,600,84,NA,NA,NA,NA,NA,NA,NA,NA,NA,NA,NA,"",1.2,NA,NA,NA
"85","Travis Shaw","2B/3B",131,27,0.334,74,85,5,525,65,5,600,85,NA,NA,NA,NA,NA,NA,NA,NA,NA,NA,NA,"",2.6,NA,NA,NA
"86","Mitch Haniger","OF",137,22,0.339,76,74,6,527,57,9,600,86,NA,NA,NA,NA,NA,NA,NA,NA,NA,NA,NA,"",2.5,NA,NA,NA
"87","Ketel Marte","2B/SS",150,13,0.346,74,58,8,535,52,4,600,87,NA,NA,NA,NA,NA,NA,NA,NA,NA,NA,NA,"",1.5,NA,NA,NA
"88","Gregory Polanco","OF",137,22,0.335,73,76,12,530,60,4,600,88,NA,NA,NA,NA,NA,NA,NA,NA,NA,NA,NA,"(",0.5,NA,NA,NA
"89","Miguel Sano","3B",124,29,0.327,77,85,1,522,69,4,600,89,NA,NA,NA,NA,NA,NA,NA,NA,NA,NA,NA,"",0.9,NA,NA,NA
"90","Dan Vogelbach","1B",127,22,0.347,71,75,2,513,77,4,600,90,NA,NA,NA,NA,NA,NA,NA,NA,NA,NA,NA,"(",0.5,NA,NA,NA
"91","Max Kepler","OF",134,21,0.336,73,74,7,526,62,5,600,91,NA,NA,NA,NA,NA,NA,NA,NA,NA,NA,NA,"",0.9,NA,NA,NA
"92","Eric Thames","1B/OF",122,29,0.329,80,75,9,517,67,7,600,92,NA,NA,NA,NA,NA,NA,NA,NA,NA,NA,NA,"(",0.5,NA,NA,NA
"93","Justin Upton","OF",128,28,0.328,77,85,7,526,63,6,600,93,NA,NA,NA,NA,NA,NA,NA,NA,NA,NA,NA,"",2.3,NA,NA,NA
"94","Mike Moustakas","3B",140,30,0.317,74,88,3,543,45,5,600,94,NA,NA,NA,NA,NA,NA,NA,NA,NA,NA,NA,"",1.6,NA,NA,NA
"95","Javier Baez","2B/3B/SS",150,28,0.313,77,92,16,556,32,6,600,95,NA,NA,NA,NA,NA,NA,NA,NA,NA,NA,NA,"",4.7,"Fish",0.5,"2B"
"96","David Dahl","OF",148,23,0.323,75,80,12,547,42,4,600,96,NA,NA,NA,NA,NA,NA,NA,NA,NA,NA,NA,"",0.6,NA,NA,NA
"97","Jorge Soler","OF",127,24,0.335,72,73,4,520,66,7,600,97,NA,NA,NA,NA,NA,NA,NA,NA,NA,NA,NA,"(",0.5,NA,NA,NA
"98","Nathaniel Lowe","1B",142,22,0.335,72,75,3,534,53,4,600,98,NA,NA,NA,NA,NA,NA,NA,NA,NA,NA,NA,"(",0.5,NA,NA,NA
"99","Christin Stewart","OF/DH",129,26,0.328,77,75,2,525,61,6,600,99,NA,NA,NA,NA,NA,NA,NA,NA,NA,NA,NA,"(",0.5,NA,NA,NA
"100","Justin Bour","1B",128,27,0.337,76,82,2,520,70,3,600,100,NA,NA,NA,NA,NA,NA,NA,NA,NA,NA,NA,"(",0.5,NA,NA,NA
"101","Asdrubal Cabrera","2B/3B/SS",147,20,0.332,75,74,2,541,46,5,600,101,NA,NA,NA,NA,NA,NA,NA,NA,NA,NA,NA,"",0.2,NA,NA,NA
"102","Max Muncy","1B/3B",120,25,0.342,75,76,3,509,79,6,600,102,NA,NA,NA,NA,NA,NA,NA,NA,NA,NA,NA,"",0.5,"Sherm",0.5,"1B"
"103","Peter Alonso","1B",128,30,0.319,71,84,3,531,54,9,600,103,NA,NA,NA,NA,NA,NA,NA,NA,NA,NA,NA,"",0.1,NA,NA,NA
"104","Eddie Rosario","OF",155,24,0.318,77,83,8,558,33,2,600,104,NA,NA,NA,NA,NA,NA,NA,NA,NA,NA,NA,"",2.9,"Jay",0.75,"OF"
"105","Starling Marte","OF",154,17,0.334,76,67,32,548,34,11,600,105,NA,NA,NA,NA,NA,NA,NA,NA,NA,NA,NA,"",3.8,"Adam",6.25,"OF"
"106","Randal Grichuk","OF",133,33,0.299,77,91,5,549,39,6,600,106,NA,NA,NA,NA,NA,NA,NA,NA,NA,NA,NA,"",1.4,NA,NA,NA
"107","Garrett Hampson","2B/SS/OF",157,9,0.35,68,64,27,540,48,4,600,107,NA,NA,NA,NA,NA,NA,NA,NA,NA,NA,NA,"(",0.5,NA,NA,NA
"108","Matt Kemp","OF",146,26,0.317,72,88,1,550,41,2,600,108,NA,NA,NA,NA,NA,NA,NA,NA,NA,NA,NA,"(",0.5,NA,NA,NA
"109","Ian Desmond","1B/OF",145,21,0.329,73,76,18,541,46,6,600,109,NA,NA,NA,NA,NA,NA,NA,NA,NA,NA,NA,"(",0.5,NA,NA,NA
"110","Yoenis Cespedes",NA,137,28,0.318,74,84,4,541,47,6,600,110,NA,NA,NA,NA,NA,NA,NA,NA,NA,NA,NA,NA,NA,NA,NA,NA
"111","Maikel Franco","3B",144,28,0.317,70,85,2,547,42,4,600,111,NA,NA,NA,NA,NA,NA,NA,NA,NA,NA,NA,"(",0.5,NA,NA,NA
"112","Willson Contreras","C",101,14,0.34,51,55,4,394,44,7,450,112,NA,NA,NA,NA,NA,NA,NA,NA,NA,NA,NA,"",1.9,NA,NA,NA
"113","Franmil Reyes","OF",135,28,0.32,71,82,2,537,53,4,600,113,NA,NA,NA,NA,NA,NA,NA,NA,NA,NA,NA,"",1,NA,NA,NA
"114","Brendan Rodgers",NA,155,19,0.323,70,75,9,555,29,8,600,114,NA,NA,NA,NA,NA,NA,NA,NA,NA,NA,NA,NA,NA,NA,NA,NA
"115","Eric Hosmer","1B",141,20,0.339,70,71,6,532,60,2,600,115,NA,NA,NA,NA,NA,NA,NA,NA,NA,NA,NA,"",2.3,NA,NA,NA
"116","Ben Zobrist","2B/OF",140,12,0.352,68,64,5,523,65,4,600,116,NA,NA,NA,NA,NA,NA,NA,NA,NA,NA,NA,"(",0.5,NA,NA,NA
"117","Corey Dickerson","OF",153,21,0.317,72,77,6,556,32,4,600,117,NA,NA,NA,NA,NA,NA,NA,NA,NA,NA,NA,"(",0.5,NA,NA,NA
"118","Ozzie Albies","2B",150,18,0.324,74,71,15,549,39,5,600,118,NA,NA,NA,NA,NA,NA,NA,NA,NA,NA,NA,"",2.9,"Jay",1.75,"2B"
"119","Brandon Nimmo","OF",120,15,0.353,75,53,9,501,78,11,600,119,NA,NA,NA,NA,NA,NA,NA,NA,NA,NA,NA,"",0.2,NA,NA,NA
"120","Ryan McMahon","1B",146,18,0.33,70,75,7,541,46,4,600,120,NA,NA,NA,NA,NA,NA,NA,NA,NA,NA,NA,"(",0.5,NA,NA,NA
"121","Tyler O'Neill","OF",132,32,0.306,73,90,7,542,45,5,600,121,NA,NA,NA,NA,NA,NA,NA,NA,NA,NA,NA,"(",0.5,NA,NA,NA
"122","Josh Fuentes",NA,163,15,0.322,68,73,6,563,23,7,600,122,NA,NA,NA,NA,NA,NA,NA,NA,NA,NA,NA,NA,NA,NA,NA,NA
"123","Tyler White","1B/DH",131,23,0.328,74,78,3,528,59,6,600,123,NA,NA,NA,NA,NA,NA,NA,NA,NA,NA,NA,"(",0.5,NA,NA,NA
"124","Jake Lamb","3B",124,22,0.336,70,73,6,517,72,5,600,124,NA,NA,NA,NA,NA,NA,NA,NA,NA,NA,NA,"(",0.5,NA,NA,NA
"125","Gleyber Torres","2B/SS",137,23,0.329,74,78,9,533,54,5,600,125,NA,NA,NA,NA,NA,NA,NA,NA,NA,NA,NA,"",1.8,NA,NA,NA
"126","Kendrys Morales","DH",133,27,0.323,73,81,3,534,54,5,600,126,NA,NA,NA,NA,NA,NA,NA,NA,NA,NA,NA,"(",0.5,NA,NA,NA
"127","Jonathan Schoop","2B",148,26,0.307,72,84,2,558,28,7,600,127,NA,NA,NA,NA,NA,NA,NA,NA,NA,NA,NA,"",1,NA,NA,NA
"128","Jesus Aguilar","1B",129,29,0.317,73,85,1,534,55,6,600,128,NA,NA,NA,NA,NA,NA,NA,NA,NA,NA,NA,"",1,"Adam",0.5,"1B"
"129","Enrique Hernandez","2B/SS/OF",129,23,0.33,72,75,4,524,64,3,600,129,NA,NA,NA,NA,NA,NA,NA,NA,NA,NA,NA,"(",0.5,NA,NA,NA
"130","Brandon Lowe","2B",134,21,0.328,74,71,7,531,56,5,600,130,NA,NA,NA,NA,NA,NA,NA,NA,NA,NA,NA,"(",0.5,NA,NA,NA
"131","Danny Jansen","C",102,14,0.335,53,52,3,396,40,8,450,131,NA,NA,NA,NA,NA,NA,NA,NA,NA,NA,NA,"",1.2,NA,NA,NA
"132","Jose Fernandez",NA,152,19,0.327,67,74,3,550,36,7,600,132,NA,NA,NA,NA,NA,NA,NA,NA,NA,NA,NA,NA,NA,NA,NA,NA
"133","Jake Bauers","1B/OF",127,19,0.338,73,72,16,518,70,5,600,133,NA,NA,NA,NA,NA,NA,NA,NA,NA,NA,NA,"",0.2,NA,NA,NA
"134","Mitch Moreland","1B",134,21,0.325,75,81,2,533,55,5,600,134,NA,NA,NA,NA,NA,NA,NA,NA,NA,NA,NA,"(",0.5,NA,NA,NA
"135","Steven Souza Jr.","OF",124,22,0.33,70,72,12,520,66,7,600,135,NA,NA,NA,NA,NA,NA,NA,NA,NA,NA,NA,"(",0.5,NA,NA,NA
"136","Brian Dozier","2B",127,23,0.327,72,77,11,525,62,6,600,136,NA,NA,NA,NA,NA,NA,NA,NA,NA,NA,NA,"",0.9,NA,NA,NA
"137","Matt Adams","1B",137,27,0.314,73,85,2,542,46,5,600,137,NA,NA,NA,NA,NA,NA,NA,NA,NA,NA,NA,"(",0.5,NA,NA,NA
"138","Francisco Cervelli","C",98,9,0.357,47,45,4,383,53,9,450,138,NA,NA,NA,NA,NA,NA,NA,NA,NA,NA,NA,"",0.2,NA,NA,NA
"139","Jurickson Profar","1B/3B/SS",137,16,0.335,72,68,7,530,54,9,600,139,NA,NA,NA,NA,NA,NA,NA,NA,NA,NA,NA,"(",0.5,NA,NA,NA
"140","Brian Mundell",NA,150,13,0.339,66,66,4,540,47,5,600,140,NA,NA,NA,NA,NA,NA,NA,NA,NA,NA,NA,NA,NA,NA,NA,NA
"141","Lucas Duda","1B/DH",122,28,0.318,73,82,2,525,60,8,600,141,NA,NA,NA,NA,NA,NA,NA,NA,NA,NA,NA,"(",0.5,NA,NA,NA
"142","Trey Mancini","1B/OF",143,23,0.318,69,78,1,546,42,5,600,142,NA,NA,NA,NA,NA,NA,NA,NA,NA,NA,NA,"",0.7,NA,NA,NA
"143","Evan Gattis",NA,134,30,0.305,71,87,2,544,43,6,600,143,NA,NA,NA,NA,NA,NA,NA,NA,NA,NA,NA,NA,NA,NA,NA,NA
"144","Willians Astudillo","P/C/2B/3B/OF/DH",124,13,0.32,52,56,6,425,14,6,450,144,NA,NA,NA,NA,NA,NA,NA,NA,NA,NA,NA,"(",0.5,NA,NA,NA
"145","Ji-Man Choi",NA,125,21,0.333,70,72,4,519,69,5,600,145,NA,NA,NA,NA,NA,NA,NA,NA,NA,NA,NA,NA,NA,NA,NA,NA
"146","J.T. Realmuto","C",110,14,0.323,49,53,4,410,29,6,450,146,NA,NA,NA,NA,NA,NA,NA,NA,NA,NA,NA,"",2.3,"Marc",0.75,"C"
"147","Didi Gregorius","SS",146,22,0.317,74,81,8,549,38,6,600,147,NA,NA,NA,NA,NA,NA,NA,NA,NA,NA,NA,"(",0.5,NA,NA,NA
"148","Jorge Polanco","SS",147,13,0.333,77,62,14,541,47,4,600,148,NA,NA,NA,NA,NA,NA,NA,NA,NA,NA,NA,"",2.2,NA,NA,NA
"149","Victor Robles","OF",148,13,0.335,72,62,28,540,40,11,600,149,NA,NA,NA,NA,NA,NA,NA,NA,NA,NA,NA,"",1.4,NA,NA,NA
"150","Wil Myers","3B/OF",127,23,0.322,73,72,17,527,62,4,600,150,NA,NA,NA,NA,NA,NA,NA,NA,NA,NA,NA,"",1.2,NA,NA,NA
"151","Mark Trumbo","DH",135,30,0.306,71,84,1,546,44,4,600,151,NA,NA,NA,NA,NA,NA,NA,NA,NA,NA,NA,"(",0.5,NA,NA,NA
"152","Yuli Gurriel","1B/3B",159,16,0.32,69,76,4,561,25,7,600,152,NA,NA,NA,NA,NA,NA,NA,NA,NA,NA,NA,"(",0.5,NA,NA,NA
"153","Yandy Diaz","1B/3B/DH",140,8,0.363,63,56,4,516,73,4,600,153,NA,NA,NA,NA,NA,NA,NA,NA,NA,NA,NA,"(",0.5,NA,NA,NA
"154","Paul DeJong","SS",138,25,0.312,70,83,2,545,40,8,600,154,NA,NA,NA,NA,NA,NA,NA,NA,NA,NA,NA,"",0.7,NA,NA,NA
"155","Nick Markakis","OF",145,11,0.35,65,65,2,529,60,4,600,155,NA,NA,NA,NA,NA,NA,NA,NA,NA,NA,NA,"(",0.5,NA,NA,NA
"156","Marwin Gonzalez","1B/2B/SS/OF",140,19,0.327,66,73,6,537,50,5,600,156,NA,NA,NA,NA,NA,NA,NA,NA,NA,NA,NA,"(",0.5,NA,NA,NA
"157","Robbie Grossman",NA,128,11,0.354,65,59,3,509,79,4,600,157,NA,NA,NA,NA,NA,NA,NA,NA,NA,NA,NA,NA,NA,NA,NA,NA
"158","Ian Happ","3B/OF",119,24,0.332,72,75,11,513,74,5,600,158,NA,NA,NA,NA,NA,NA,NA,NA,NA,NA,NA,"(",0.5,NA,NA,NA
"159","Jason Heyward","OF",143,12,0.341,62,66,5,531,56,5,600,159,NA,NA,NA,NA,NA,NA,NA,NA,NA,NA,NA,"(",0.5,NA,NA,NA
"160","Matt Joyce",NA,118,21,0.336,74,65,4,510,77,4,600,160,NA,NA,NA,NA,NA,NA,NA,NA,NA,NA,NA,NA,NA,NA,NA,NA
"161","Josh Reddick","OF",141,19,0.33,73,74,7,537,55,2,600,161,NA,NA,NA,NA,NA,NA,NA,NA,NA,NA,NA,"(",0.5,NA,NA,NA
"162","Kyle Tucker","OF",137,23,0.317,72,78,16,541,47,5,600,162,NA,NA,NA,NA,NA,NA,NA,NA,NA,NA,NA,"(",0.5,NA,NA,NA
"163","Jackie Bradley Jr.","OF",130,18,0.33,75,72,13,525,57,10,600,163,NA,NA,NA,NA,NA,NA,NA,NA,NA,NA,NA,"",0.1,NA,NA,NA
"164","Roberto Ramos",NA,137,23,0.317,70,76,5,540,47,5,600,164,NA,NA,NA,NA,NA,NA,NA,NA,NA,NA,NA,NA,NA,NA,NA,NA
"165","Odubel Herrera","OF",145,18,0.327,66,69,8,543,44,6,600,165,NA,NA,NA,NA,NA,NA,NA,NA,NA,NA,NA,"",0.2,NA,NA,NA
"166","Kolten Wong","2B",137,14,0.342,62,65,10,525,52,14,600,166,NA,NA,NA,NA,NA,NA,NA,NA,NA,NA,NA,"(",0.5,NA,NA,NA
"167","Alex Dickerson",NA,142,17,0.327,64,70,6,540,45,8,600,167,NA,NA,NA,NA,NA,NA,NA,NA,NA,NA,NA,NA,NA,NA,NA,NA
"168","Greg Bird","1B",119,27,0.315,74,79,2,523,63,7,600,168,NA,NA,NA,NA,NA,NA,NA,NA,NA,NA,NA,"(",0.5,NA,NA,NA
"169","Rougned Odor","2B",136,26,0.306,75,81,15,546,39,8,600,169,NA,NA,NA,NA,NA,NA,NA,NA,NA,NA,NA,"",1.3,NA,NA,NA
"170","Howie Kendrick","2B",153,12,0.335,68,65,10,545,41,7,600,170,NA,NA,NA,NA,NA,NA,NA,NA,NA,NA,NA,"(",0.5,NA,NA,NA
"171","Brian Anderson","3B/OF",138,15,0.335,65,62,3,532,52,10,600,171,NA,NA,NA,NA,NA,NA,NA,NA,NA,NA,NA,"(",0.5,NA,NA,NA
"172","Kurt Suzuki","C",108,14,0.322,50,57,1,408,26,10,450,172,NA,NA,NA,NA,NA,NA,NA,NA,NA,NA,NA,"(",0.5,NA,NA,NA
"173","Joe Panik","2B",148,10,0.343,64,57,6,535,51,5,600,173,NA,NA,NA,NA,NA,NA,NA,NA,NA,NA,NA,"(",0.5,NA,NA,NA
"174","Melky Cabrera",NA,154,14,0.326,66,69,3,553,37,4,600,174,NA,NA,NA,NA,NA,NA,NA,NA,NA,NA,NA,NA,NA,NA,NA,NA
"175","Willie Calhoun","OF",146,20,0.32,70,74,3,547,40,5,600,175,NA,NA,NA,NA,NA,NA,NA,NA,NA,NA,NA,"(",0.5,NA,NA,NA
"176","Derek Dietrich",NA,134,17,0.328,69,66,2,531,41,20,600,176,NA,NA,NA,NA,NA,NA,NA,NA,NA,NA,NA,NA,NA,NA,NA,NA
"177","Jeff McNeil","2B",150,13,0.328,68,62,8,547,38,8,600,177,NA,NA,NA,NA,NA,NA,NA,NA,NA,NA,NA,"(",0.5,NA,NA,NA
"178","Franklin Gutierrez",NA,129,24,0.316,72,73,6,533,53,6,600,178,NA,NA,NA,NA,NA,NA,NA,NA,NA,NA,NA,NA,NA,NA,NA,NA
"179","Hunter Renfroe","OF",136,29,0.298,69,87,3,552,37,5,600,179,NA,NA,NA,NA,NA,NA,NA,NA,NA,NA,NA,"(",0.5,NA,NA,NA
"180","Clint Frazier",NA,130,22,0.316,75,74,9,533,53,5,600,180,NA,NA,NA,NA,NA,NA,NA,NA,NA,NA,NA,NA,NA,NA,NA,NA
"181","Tyler Flowers","C",97,13,0.335,48,52,1,392,40,13,450,181,NA,NA,NA,NA,NA,NA,NA,NA,NA,NA,NA,"(",0.5,NA,NA,NA
"182","Logan Morrison","1B/DH",118,26,0.319,70,79,2,521,66,7,600,182,NA,NA,NA,NA,NA,NA,NA,NA,NA,NA,NA,"(",0.5,NA,NA,NA
"183","A.J. Pollock","OF",136,21,0.316,77,68,17,540,45,8,600,183,NA,NA,NA,NA,NA,NA,NA,NA,NA,NA,NA,"",0.6,NA,NA,NA
"184","Yonathan Daza",NA,170,8,0.33,63,63,14,564,23,5,600,184,NA,NA,NA,NA,NA,NA,NA,NA,NA,NA,NA,NA,NA,NA,NA,NA
"185","Michael Reed",NA,129,14,0.342,70,62,11,517,69,5,600,185,NA,NA,NA,NA,NA,NA,NA,NA,NA,NA,NA,NA,NA,NA,NA,NA
"186","Austin Meadows","OF",145,19,0.316,72,71,17,549,38,4,600,186,NA,NA,NA,NA,NA,NA,NA,NA,NA,NA,NA,"(",0.5,NA,NA,NA
"187","Jedd Gyorko","3B",132,22,0.321,67,76,4,534,56,4,600,187,NA,NA,NA,NA,NA,NA,NA,NA,NA,NA,NA,"(",0.5,NA,NA,NA
"188","Wilson Ramos","C",108,18,0.312,50,61,1,414,30,2,450,188,NA,NA,NA,NA,NA,NA,NA,NA,NA,NA,NA,"",1.3,NA,NA,NA
"189","Jean Segura","SS",156,13,0.33,72,59,19,552,33,7,600,189,NA,NA,NA,NA,NA,NA,NA,NA,NA,NA,NA,"",2.4,"Matt",4.5,"SS"
"190","Dexter Fowler","OF",123,15,0.341,66,64,9,512,74,7,600,190,NA,NA,NA,NA,NA,NA,NA,NA,NA,NA,NA,"(",0.5,NA,NA,NA
"191","Scott Schebler","OF",129,25,0.312,68,79,5,535,47,11,600,191,NA,NA,NA,NA,NA,NA,NA,NA,NA,NA,NA,"(",0.5,NA,NA,NA
"192","Tyler Austin","1B/DH",129,26,0.306,71,79,4,538,50,4,600,192,NA,NA,NA,NA,NA,NA,NA,NA,NA,NA,NA,"(",0.5,NA,NA,NA
"193","Dustin Pedroia","2B",145,11,0.344,70,63,6,532,57,3,600,193,NA,NA,NA,NA,NA,NA,NA,NA,NA,NA,NA,"(",0.5,NA,NA,NA
"194","Jose Osuna",NA,148,16,0.316,65,72,6,552,36,4,600,194,NA,NA,NA,NA,NA,NA,NA,NA,NA,NA,NA,NA,NA,NA,NA,NA
"195","Danny Valencia",NA,140,20,0.32,66,73,3,542,47,4,600,195,NA,NA,NA,NA,NA,NA,NA,NA,NA,NA,NA,NA,NA,NA,NA,NA
"196","Ramon Laureano","OF",135,18,0.322,76,62,18,534,51,7,600,196,NA,NA,NA,NA,NA,NA,NA,NA,NA,NA,NA,"",0.2,NA,NA,NA
"197","Rowdy Tellez",NA,139,20,0.316,68,74,7,544,45,5,600,197,NA,NA,NA,NA,NA,NA,NA,NA,NA,NA,NA,NA,NA,NA,NA,NA
"198","Domingo Santana","OF",123,20,0.329,67,68,7,520,68,5,600,198,NA,NA,NA,NA,NA,NA,NA,NA,NA,NA,NA,"(",0.5,NA,NA,NA
"199","Yonder Alonso","1B",126,23,0.323,68,72,1,526,64,3,600,199,NA,NA,NA,NA,NA,NA,NA,NA,NA,NA,NA,"(",0.5,NA,NA,NA
"200","Carlos Gonzalez","OF",136,22,0.314,68,78,4,542,49,3,600,200,NA,NA,NA,NA,NA,NA,NA,NA,NA,NA,NA,"(",0.5,NA,NA,NA
"201","Aledmys Diaz","3B/SS",144,20,0.312,72,76,7,550,36,6,600,201,NA,NA,NA,NA,NA,NA,NA,NA,NA,NA,NA,"(",0.5,NA,NA,NA
"202","Denard Span","OF",138,14,0.328,71,59,11,534,52,5,600,202,NA,NA,NA,NA,NA,NA,NA,NA,NA,NA,NA,"(",0.5,NA,NA,NA
"203","Adam Frazier","2B/OF",146,9,0.339,68,54,11,535,49,7,600,203,NA,NA,NA,NA,NA,NA,NA,NA,NA,NA,NA,"(",0.5,NA,NA,NA
"204","Billy McKinney","OF",130,22,0.31,74,70,4,537,50,5,600,204,NA,NA,NA,NA,NA,NA,NA,NA,NA,NA,NA,"(",0.5,NA,NA,NA
"205","Esteban Quiroz",NA,133,16,0.334,62,62,7,525,60,7,600,205,NA,NA,NA,NA,NA,NA,NA,NA,NA,NA,NA,NA,NA,NA,NA,NA
"206","Hanley Ramirez",NA,134,23,0.316,69,78,6,539,48,7,600,206,NA,NA,NA,NA,NA,NA,NA,NA,NA,NA,NA,NA,NA,NA,NA,NA
"207","Austin Listi",NA,135,21,0.316,65,71,2,539,45,8,600,207,NA,NA,NA,NA,NA,NA,NA,NA,NA,NA,NA,NA,NA,NA,NA,NA
"208","Raimel Tapia","OF/DH",158,10,0.324,68,66,18,557,31,4,600,208,NA,NA,NA,NA,NA,NA,NA,NA,NA,NA,NA,"(",0.5,NA,NA,NA
"209","Eduardo Nunez","2B/3B",160,14,0.318,70,73,15,562,26,4,600,209,NA,NA,NA,NA,NA,NA,NA,NA,NA,NA,NA,"(",0.5,NA,NA,NA
"210","Whit Merrifield","2B/OF",150,11,0.33,74,55,27,545,41,5,600,210,NA,NA,NA,NA,NA,NA,NA,NA,NA,NA,NA,"",3.2,NA,NA,NA
"211","Alex Verdugo","OF",147,15,0.327,66,67,7,544,44,4,600,211,NA,NA,NA,NA,NA,NA,NA,NA,NA,NA,NA,"(",0.5,NA,NA,NA
"212","Joe Mauer",NA,106,7,0.346,53,39,2,395,46,3,450,212,NA,NA,NA,NA,NA,NA,NA,NA,NA,NA,NA,NA,NA,NA,NA,NA
"213","Ronald Guzman","1B",135,20,0.321,69,71,3,535,50,7,600,213,NA,NA,NA,NA,NA,NA,NA,NA,NA,NA,NA,"(",0.5,NA,NA,NA
"214","Mike Tauchman",NA,144,12,0.332,67,65,15,537,50,4,600,214,NA,NA,NA,NA,NA,NA,NA,NA,NA,NA,NA,NA,NA,NA,NA,NA
"215","Jeimer Candelario","3B",126,18,0.323,72,63,3,525,60,7,600,215,NA,NA,NA,NA,NA,NA,NA,NA,NA,NA,NA,"(",0.5,NA,NA,NA
"216","Adrian Gonzalez",NA,140,18,0.324,65,73,2,540,49,5,600,216,NA,NA,NA,NA,NA,NA,NA,NA,NA,NA,NA,NA,NA,NA,NA,NA
"217","Scooter Gennett","2B",144,19,0.314,69,76,4,550,39,4,600,217,NA,NA,NA,NA,NA,NA,NA,NA,NA,NA,NA,"",0.9,"Kid",0.5,"2B"
"218","Nori Aoki",NA,147,9,0.339,67,55,8,536,44,10,600,218,NA,NA,NA,NA,NA,NA,NA,NA,NA,NA,NA,NA,NA,NA,NA,NA
"219","Colin Moran","3B",143,16,0.328,61,69,3,539,49,5,600,219,NA,NA,NA,NA,NA,NA,NA,NA,NA,NA,NA,"(",0.5,NA,NA,NA
"220","Nick Williams","OF",137,23,0.307,67,77,5,546,38,8,600,220,NA,NA,NA,NA,NA,NA,NA,NA,NA,NA,NA,"(",0.5,NA,NA,NA
"221","Troy Tulowitzki","SS",137,23,0.312,70,77,3,544,44,5,600,221,NA,NA,NA,NA,NA,NA,NA,NA,NA,NA,NA,"(",0.5,NA,NA,NA
"222","Kole Calhoun","OF",128,20,0.323,75,68,5,527,60,5,600,222,NA,NA,NA,NA,NA,NA,NA,NA,NA,NA,NA,"(",0.5,NA,NA,NA
"223","Johan Camargo","3B",141,16,0.322,64,71,2,542,46,5,600,223,NA,NA,NA,NA,NA,NA,NA,NA,NA,NA,NA,"(",0.5,NA,NA,NA
"224","Neil Walker","1B/2B/3B",131,18,0.329,59,64,2,526,60,5,600,224,NA,NA,NA,NA,NA,NA,NA,NA,NA,NA,NA,"(",0.5,NA,NA,NA
"225","Curtis Granderson","OF/DH",115,20,0.328,73,62,5,511,74,7,600,225,NA,NA,NA,NA,NA,NA,NA,NA,NA,NA,NA,"(",0.5,NA,NA,NA
"226","Brent Rooker",NA,135,24,0.304,73,77,5,545,41,5,600,226,NA,NA,NA,NA,NA,NA,NA,NA,NA,NA,NA,NA,NA,NA,NA,NA
"227","Jordan Luplow","OF",130,19,0.319,72,71,9,532,54,6,600,227,NA,NA,NA,NA,NA,NA,NA,NA,NA,NA,NA,"(",0.5,NA,NA,NA
"228","Austin Dean","OF",146,15,0.32,58,64,4,548,39,5,600,228,NA,NA,NA,NA,NA,NA,NA,NA,NA,NA,NA,"(",0.5,NA,NA,NA
"229","Jose Bautista","3B/OF",107,21,0.333,71,64,6,501,85,7,600,229,NA,NA,NA,NA,NA,NA,NA,NA,NA,NA,NA,"(",0.5,NA,NA,NA
"230","Cesar Hernandez","2B",132,9,0.35,70,48,14,515,72,4,600,230,NA,NA,NA,NA,NA,NA,NA,NA,NA,NA,NA,"",0.3,NA,NA,NA
"231","Adrian Beltre",NA,141,19,0.318,65,76,1,546,43,7,600,231,NA,NA,NA,NA,NA,NA,NA,NA,NA,NA,NA,NA,NA,NA,NA,NA
"232","Marcus Semien","SS",135,18,0.319,70,68,12,536,53,2,600,232,NA,NA,NA,NA,NA,NA,NA,NA,NA,NA,NA,"",1.1,NA,NA,NA
"233","Lonnie Chisenhall","OF",141,16,0.321,61,68,6,542,45,6,600,233,NA,NA,NA,NA,NA,NA,NA,NA,NA,NA,NA,"(",0.5,NA,NA,NA
"234","Eduardo Escobar","3B/SS",137,18,0.314,66,71,4,542,46,5,600,234,NA,NA,NA,NA,NA,NA,NA,NA,NA,NA,NA,"(",0.5,NA,NA,NA
"235","Kyle Seager","3B",130,23,0.311,69,77,3,538,49,7,600,235,NA,NA,NA,NA,NA,NA,NA,NA,NA,NA,NA,"(",0.5,NA,NA,NA
"236","LaMonte Wade",NA,137,12,0.337,68,61,8,528,59,5,600,236,NA,NA,NA,NA,NA,NA,NA,NA,NA,NA,NA,NA,NA,NA,NA,NA
"237","Ben Gamel",NA,143,9,0.333,63,58,10,537,51,4,600,237,NA,NA,NA,NA,NA,NA,NA,NA,NA,NA,NA,NA,NA,NA,NA,NA
"238","Adam Jones","OF",149,21,0.307,71,72,4,558,29,6,600,238,NA,NA,NA,NA,NA,NA,NA,NA,NA,NA,NA,"(",0.5,NA,NA,NA
"239","Yadier Molina","C",110,13,0.317,48,53,5,413,27,5,450,239,NA,NA,NA,NA,NA,NA,NA,NA,NA,NA,NA,"",1.8,NA,NA,NA
"240","Yangervis Solarte","2B/3B",141,19,0.314,68,75,3,547,42,5,600,240,NA,NA,NA,NA,NA,NA,NA,NA,NA,NA,NA,"(",0.5,NA,NA,NA
"241","Tyler Naquin","OF",142,15,0.322,68,69,7,541,45,5,600,241,NA,NA,NA,NA,NA,NA,NA,NA,NA,NA,NA,"(",0.5,NA,NA,NA
"242","Mike Ford",NA,125,21,0.32,73,72,2,526,60,5,600,242,NA,NA,NA,NA,NA,NA,NA,NA,NA,NA,NA,NA,NA,NA,NA,NA
"243","Andrelton Simmons","SS",152,11,0.328,67,64,10,549,40,4,600,243,NA,NA,NA,NA,NA,NA,NA,NA,NA,NA,NA,"",0.5,NA,NA,NA
"244","Victor Caratini","C/1B",105,10,0.328,48,50,2,403,36,5,450,244,NA,NA,NA,NA,NA,NA,NA,NA,NA,NA,NA,"(",0.5,NA,NA,NA
"245","Michael Chavis",NA,136,24,0.3,74,80,5,549,36,7,600,245,NA,NA,NA,NA,NA,NA,NA,NA,NA,NA,NA,NA,NA,NA,NA,NA
"246","DJ LeMahieu","2B",145,12,0.333,71,61,8,538,49,4,600,246,NA,NA,NA,NA,NA,NA,NA,NA,NA,NA,NA,"(",0.5,NA,NA,NA
"247","Teoscar Hernandez","OF",128,23,0.301,70,75,11,541,47,5,600,247,NA,NA,NA,NA,NA,NA,NA,NA,NA,NA,NA,"(",0.5,NA,NA,NA
"248","Avisail Garcia","OF",140,21,0.311,68,76,5,547,39,7,600,248,NA,NA,NA,NA,NA,NA,NA,NA,NA,NA,NA,"(",0.5,NA,NA,NA
"249","Seth Smith",NA,125,18,0.323,71,62,4,524,59,8,600,249,NA,NA,NA,NA,NA,NA,NA,NA,NA,NA,NA,NA,NA,NA,NA,NA
"250","Jason Kipnis","2B",132,16,0.322,71,66,7,532,54,6,600,250,NA,NA,NA,NA,NA,NA,NA,NA,NA,NA,NA,"(",0.5,NA,NA,NA
"251","Ryan O'Hearn","1B",126,23,0.309,67,72,2,534,56,4,600,251,NA,NA,NA,NA,NA,NA,NA,NA,NA,NA,NA,"(",0.5,NA,NA,NA
"252","Daniel Robertson","2B/SS",126,13,0.337,65,60,5,517,64,11,600,252,NA,NA,NA,NA,NA,NA,NA,NA,NA,NA,NA,"(",0.5,NA,NA,NA
"253","Jay Bruce","1B/OF",125,25,0.307,69,77,4,536,55,3,600,253,NA,NA,NA,NA,NA,NA,NA,NA,NA,NA,NA,"(",0.5,NA,NA,NA
"254","Rangel Ravelo",NA,142,14,0.323,63,65,2,542,43,7,600,254,NA,NA,NA,NA,NA,NA,NA,NA,NA,NA,NA,NA,NA,NA,NA,NA
"255","Yoan Moncada","2B",123,18,0.323,73,60,15,522,66,4,600,255,NA,NA,NA,NA,NA,NA,NA,NA,NA,NA,NA,"",1.3,NA,NA,NA
"256","Chris Carter",NA,109,30,0.3,71,82,3,523,63,7,600,256,NA,NA,NA,NA,NA,NA,NA,NA,NA,NA,NA,NA,NA,NA,NA,NA
"257","Brock Holt","2B/SS",137,8,0.34,66,61,12,526,58,8,600,257,NA,NA,NA,NA,NA,NA,NA,NA,NA,NA,NA,"(",0.5,NA,NA,NA
"258","Brett Gardner","OF",128,14,0.331,77,58,14,521,63,7,600,258,NA,NA,NA,NA,NA,NA,NA,NA,NA,NA,NA,"(",0.5,NA,NA,NA
"259","Daniel Palka","OF/DH",126,30,0.295,70,83,4,544,47,4,600,259,NA,NA,NA,NA,NA,NA,NA,NA,NA,NA,NA,"(",0.5,NA,NA,NA
"260","Jed Lowrie","2B",128,16,0.327,71,58,1,525,64,4,600,260,NA,NA,NA,NA,NA,NA,NA,NA,NA,NA,NA,"(",0.5,NA,NA,NA
"261","Salvador Perez","C/DH",106,21,0.288,51,63,1,422,16,7,450,261,NA,NA,NA,NA,NA,NA,NA,NA,NA,NA,NA,"",1.5,NA,NA,NA
"262","Cheslor Cuthbert",NA,139,17,0.315,65,67,4,543,45,4,600,262,NA,NA,NA,NA,NA,NA,NA,NA,NA,NA,NA,NA,NA,NA,NA,NA
"263","Matt Holliday","1B/OF/DH",125,19,0.321,66,70,2,526,61,7,600,263,NA,NA,NA,NA,NA,NA,NA,NA,NA,NA,NA,"(",0.5,NA,NA,NA
"264","Evan Longoria","3B",140,20,0.306,65,77,3,551,37,5,600,264,NA,NA,NA,NA,NA,NA,NA,NA,NA,NA,NA,"(",0.5,NA,NA,NA
"265","Chris Taylor","SS/OF",132,14,0.321,65,62,11,533,53,6,600,265,NA,NA,NA,NA,NA,NA,NA,NA,NA,NA,NA,"(",0.5,NA,NA,NA
"266","Yadiel Hernandez",NA,139,16,0.327,64,65,4,535,53,4,600,266,NA,NA,NA,NA,NA,NA,NA,NA,NA,NA,NA,NA,NA,NA,NA,NA
"267","Mark Canha","OF",129,20,0.312,70,71,4,535,46,11,600,267,NA,NA,NA,NA,NA,NA,NA,NA,NA,NA,NA,"(",0.5,NA,NA,NA
"268","Devin Mesoraco","C",92,17,0.313,49,55,2,396,42,6,450,268,NA,NA,NA,NA,NA,NA,NA,NA,NA,NA,NA,"(",0.5,NA,NA,NA
"269","Mitch Garver","C",99,11,0.322,50,49,2,399,42,3,450,269,NA,NA,NA,NA,NA,NA,NA,NA,NA,NA,NA,"(",0.5,NA,NA,NA
"270","D.J. Stewart","OF/DH",127,19,0.32,66,66,13,528,56,8,600,270,NA,NA,NA,NA,NA,NA,NA,NA,NA,NA,NA,"(",0.5,NA,NA,NA
"271","Jabari Blash",NA,107,25,0.315,68,72,9,512,71,9,600,271,NA,NA,NA,NA,NA,NA,NA,NA,NA,NA,NA,NA,NA,NA,NA,NA
"272","Yusniel Diaz",NA,135,14,0.327,64,61,14,532,56,4,600,272,NA,NA,NA,NA,NA,NA,NA,NA,NA,NA,NA,NA,NA,NA,NA,NA
"273","Nicky Delmonico","OF",125,20,0.314,68,69,4,531,56,6,600,273,NA,NA,NA,NA,NA,NA,NA,NA,NA,NA,NA,"(",0.5,NA,NA,NA
"274","Devon Travis","2B",147,17,0.305,71,69,8,556,30,5,600,274,NA,NA,NA,NA,NA,NA,NA,NA,NA,NA,NA,"(",0.5,NA,NA,NA
"275","David Freese","1B/3B",131,17,0.324,65,69,1,530,51,11,600,275,NA,NA,NA,NA,NA,NA,NA,NA,NA,NA,NA,"(",0.5,NA,NA,NA
"276","Austin Riley",NA,136,22,0.305,66,73,2,547,40,5,600,276,NA,NA,NA,NA,NA,NA,NA,NA,NA,NA,NA,NA,NA,NA,NA,NA
"277","Cedric Mullins II","OF",140,16,0.314,72,59,16,545,42,4,600,277,NA,NA,NA,NA,NA,NA,NA,NA,NA,NA,NA,"(",0.5,NA,NA,NA
"278","Todd Frazier","3B",114,26,0.31,65,74,8,522,63,9,600,278,NA,NA,NA,NA,NA,NA,NA,NA,NA,NA,NA,"(",0.5,NA,NA,NA
"279","Addison Russell","SS",132,16,0.321,61,68,4,532,53,7,600,279,NA,NA,NA,NA,NA,NA,NA,NA,NA,NA,NA,"(",0.5,NA,NA,NA
"280","Lourdes Gurriel Jr.","2B/SS",149,20,0.302,73,67,7,561,24,6,600,280,NA,NA,NA,NA,NA,NA,NA,NA,NA,NA,NA,"(",0.5,NA,NA,NA
"281","Matt Duffy","3B",147,9,0.333,66,58,11,540,45,7,600,281,NA,NA,NA,NA,NA,NA,NA,NA,NA,NA,NA,"(",0.5,NA,NA,NA
"282","Ender Inciarte","OF",149,9,0.331,64,56,22,543,44,4,600,282,NA,NA,NA,NA,NA,NA,NA,NA,NA,NA,NA,"",0.5,NA,NA,NA
"283","Bobby Dalbec",NA,124,27,0.295,74,81,4,540,45,7,600,283,NA,NA,NA,NA,NA,NA,NA,NA,NA,NA,NA,NA,NA,NA,NA,NA
"284","Christian Walker","1B/OF/DH",130,23,0.299,66,75,4,543,42,6,600,284,NA,NA,NA,NA,NA,NA,NA,NA,NA,NA,NA,"(",0.5,NA,NA,NA
"285","Elvis Andrus","SS",145,11,0.322,67,63,13,546,42,5,600,285,NA,NA,NA,NA,NA,NA,NA,NA,NA,NA,NA,"(",0.5,NA,NA,NA
"286","Jose Peraza","SS",156,11,0.323,68,60,21,556,28,8,600,286,NA,NA,NA,NA,NA,NA,NA,NA,NA,NA,NA,"",1.7,"Pat",0.5,"SS"
"287","Bobby Bradley",NA,124,27,0.296,73,80,3,539,48,5,600,287,NA,NA,NA,NA,NA,NA,NA,NA,NA,NA,NA,NA,NA,NA,NA,NA
"288","Austin Hays",NA,145,23,0.292,68,74,8,562,25,5,600,288,NA,NA,NA,NA,NA,NA,NA,NA,NA,NA,NA,NA,NA,NA,NA,NA
"289","Zack Cozart","3B",130,17,0.315,73,64,3,534,52,6,600,289,NA,NA,NA,NA,NA,NA,NA,NA,NA,NA,NA,"(",0.5,NA,NA,NA
"290","Pablo Reyes","2B/3B/OF",143,14,0.317,64,61,17,546,42,4,600,290,NA,NA,NA,NA,NA,NA,NA,NA,NA,NA,NA,"(",0.5,NA,NA,NA
"291","Russell Martin","C/3B",84,15,0.325,48,49,3,383,54,8,450,291,NA,NA,NA,NA,NA,NA,NA,NA,NA,NA,NA,"(",0.5,NA,NA,NA
"292","Ryon Healy","1B",140,25,0.294,65,77,1,558,32,4,600,292,NA,NA,NA,NA,NA,NA,NA,NA,NA,NA,NA,"(",0.5,NA,NA,NA
"293","Adalberto Mondesi","SS",141,21,0.293,74,71,41,559,30,4,600,293,NA,NA,NA,NA,NA,NA,NA,NA,NA,NA,NA,"",3.5,"Sherm",0.5,"SS"
"294","David Bote",NA,133,19,0.311,66,71,8,540,45,7,600,294,NA,NA,NA,NA,NA,NA,NA,NA,NA,NA,NA,NA,NA,NA,NA,NA
"295","Brett Nicholas",NA,109,11,0.314,47,50,2,412,28,4,450,295,NA,NA,NA,NA,NA,NA,NA,NA,NA,NA,NA,NA,NA,NA,NA,NA
"296","Renato Nunez","3B",130,24,0.3,65,73,2,544,43,5,600,296,NA,NA,NA,NA,NA,NA,NA,NA,NA,NA,NA,"(",0.5,NA,NA,NA
"297","Noel Cuevas",NA,154,12,0.315,64,67,10,557,29,5,600,297,NA,NA,NA,NA,NA,NA,NA,NA,NA,NA,NA,NA,NA,NA,NA,NA
"298","Daniel Descalso","2B/3B",118,14,0.33,65,63,3,514,74,5,600,298,NA,NA,NA,NA,NA,NA,NA,NA,NA,NA,NA,"(",0.5,NA,NA,NA
"299","Jefry Marte",NA,128,23,0.302,65,75,6,540,45,8,600,299,NA,NA,NA,NA,NA,NA,NA,NA,NA,NA,NA,NA,NA,NA,NA,NA
"300","Tommy Joseph",NA,133,25,0.294,66,81,2,550,37,6,600,300,NA,NA,NA,NA,NA,NA,NA,NA,NA,NA,NA,NA,NA,NA,NA,NA
"301","Franchy Cordero","OF",136,20,0.3,65,70,15,550,39,4,600,301,NA,NA,NA,NA,NA,NA,NA,NA,NA,NA,NA,"(",0.5,NA,NA,NA
"302","Yordan Alvarez",NA,130,22,0.307,71,74,7,539,49,4,600,302,NA,NA,NA,NA,NA,NA,NA,NA,NA,NA,NA,NA,NA,NA,NA,NA
"303","Brandon Guyer",NA,126,15,0.321,63,64,5,527,40,25,600,303,NA,NA,NA,NA,NA,NA,NA,NA,NA,NA,NA,NA,NA,NA,NA,NA
"304","Brandon Crawford","SS",137,14,0.323,58,65,6,538,50,5,600,304,NA,NA,NA,NA,NA,NA,NA,NA,NA,NA,NA,"(",0.5,NA,NA,NA
"305","Joe McCarthy",NA,124,14,0.326,66,61,11,521,64,7,600,305,NA,NA,NA,NA,NA,NA,NA,NA,NA,NA,NA,NA,NA,NA,NA,NA
"306","Alex Avila","C",78,12,0.337,46,43,2,372,69,3,450,306,NA,NA,NA,NA,NA,NA,NA,NA,NA,NA,NA,"(",0.5,NA,NA,NA
"307","Adam Lind",NA,134,22,0.306,65,75,3,543,46,3,600,307,NA,NA,NA,NA,NA,NA,NA,NA,NA,NA,NA,NA,NA,NA,NA,NA
"308","Elias Diaz","C",111,10,0.318,44,49,3,413,29,3,450,308,NA,NA,NA,NA,NA,NA,NA,NA,NA,NA,NA,"(",0.5,NA,NA,NA
"309","Zander Wiel",NA,139,16,0.312,68,67,7,545,41,5,600,309,NA,NA,NA,NA,NA,NA,NA,NA,NA,NA,NA,NA,NA,NA,NA,NA
"310","Jonathan Villar","2B",134,16,0.32,70,59,32,535,53,4,600,310,NA,NA,NA,NA,NA,NA,NA,NA,NA,NA,NA,"",0.5,NA,NA,NA
"311","Josh Ockimey",NA,123,18,0.316,71,69,3,526,62,4,600,311,NA,NA,NA,NA,NA,NA,NA,NA,NA,NA,NA,NA,NA,NA,NA,NA
"312","Andy Young",NA,139,18,0.307,62,67,4,547,32,13,600,312,NA,NA,NA,NA,NA,NA,NA,NA,NA,NA,NA,NA,NA,NA,NA,NA
"313","Stephen Vogt","C",99,14,0.308,48,53,2,406,36,4,450,313,NA,NA,NA,NA,NA,NA,NA,NA,NA,NA,NA,"(",0.5,NA,NA,NA
"314","Manuel Margot","OF",142,13,0.313,61,59,18,546,41,4,600,314,NA,NA,NA,NA,NA,NA,NA,NA,NA,NA,NA,"(",0.5,NA,NA,NA
"315","Rusney Castillo",NA,155,11,0.317,67,67,12,558,29,6,600,315,NA,NA,NA,NA,NA,NA,NA,NA,NA,NA,NA,NA,NA,NA,NA,NA
"316","Dwight Smith Jr.",NA,133,13,0.32,66,61,10,535,52,5,600,316,NA,NA,NA,NA,NA,NA,NA,NA,NA,NA,NA,NA,NA,NA,NA,NA
"317","A.J. Ellis","C",94,10,0.33,45,45,2,390,48,6,450,317,NA,NA,NA,NA,NA,NA,NA,NA,NA,NA,NA,"(",0.5,NA,NA,NA
"318","John Jaso",NA,89,11,0.324,50,44,4,388,50,6,450,318,NA,NA,NA,NA,NA,NA,NA,NA,NA,NA,NA,NA,NA,NA,NA,NA
"319","Brad Miller",NA,120,18,0.314,66,67,5,526,64,4,600,319,NA,NA,NA,NA,NA,NA,NA,NA,NA,NA,NA,NA,NA,NA,NA,NA
"320","Scott Heineman",NA,140,12,0.321,65,62,14,541,43,7,600,320,NA,NA,NA,NA,NA,NA,NA,NA,NA,NA,NA,NA,NA,NA,NA,NA
"321","Kennys Vargas",NA,119,23,0.31,65,72,1,527,62,4,600,321,NA,NA,NA,NA,NA,NA,NA,NA,NA,NA,NA,NA,NA,NA,NA,NA
"322","Albert Almora Jr.","OF",151,12,0.314,61,63,4,554,33,4,600,322,NA,NA,NA,NA,NA,NA,NA,NA,NA,NA,NA,"(",0.5,NA,NA,NA
"323","Carter Kieboom",NA,141,14,0.315,63,65,6,545,42,5,600,323,NA,NA,NA,NA,NA,NA,NA,NA,NA,NA,NA,NA,NA,NA,NA,NA
"324","Tony Kemp","OF",143,8,0.332,69,58,18,536,50,5,600,324,NA,NA,NA,NA,NA,NA,NA,NA,NA,NA,NA,"(",0.5,NA,NA,NA
"325","John Nogowski",NA,141,12,0.324,61,61,3,539,47,5,600,325,NA,NA,NA,NA,NA,NA,NA,NA,NA,NA,NA,NA,NA,NA,NA,NA
"326","Brian McCann","C",90,17,0.311,48,55,2,395,42,7,450,326,NA,NA,NA,NA,NA,NA,NA,NA,NA,NA,NA,"(",0.5,NA,NA,NA
"327","Starlin Castro","2B",148,14,0.313,60,63,5,554,36,4,600,327,NA,NA,NA,NA,NA,NA,NA,NA,NA,NA,NA,"(",0.5,NA,NA,NA
"328","Albert Pujols","1B/DH",138,24,0.299,69,81,2,553,37,4,600,328,NA,NA,NA,NA,NA,NA,NA,NA,NA,NA,NA,"(",0.5,NA,NA,NA
"329","Christian Marrero",NA,126,16,0.322,63,62,5,526,59,7,600,329,NA,NA,NA,NA,NA,NA,NA,NA,NA,NA,NA,NA,NA,NA,NA,NA
"330","Isaac Paredes",NA,139,14,0.313,64,64,3,544,41,7,600,330,NA,NA,NA,NA,NA,NA,NA,NA,NA,NA,NA,NA,NA,NA,NA,NA
"331","Logan Forsythe",NA,126,11,0.332,64,55,5,520,65,7,600,331,NA,NA,NA,NA,NA,NA,NA,NA,NA,NA,NA,NA,NA,NA,NA,NA
"332","Gorkys Hernandez",NA,139,13,0.318,71,64,14,541,45,5,600,332,NA,NA,NA,NA,NA,NA,NA,NA,NA,NA,NA,NA,NA,NA,NA,NA
"333","Chad Huffman",NA,124,16,0.314,64,64,4,528,53,10,600,333,NA,NA,NA,NA,NA,NA,NA,NA,NA,NA,NA,NA,NA,NA,NA,NA
"334","Nick Solak",NA,133,14,0.32,65,62,12,534,50,7,600,334,NA,NA,NA,NA,NA,NA,NA,NA,NA,NA,NA,NA,NA,NA,NA,NA
"335","Chad Pinder","2B/OF",133,20,0.302,69,69,4,544,39,8,600,335,NA,NA,NA,NA,NA,NA,NA,NA,NA,NA,NA,"(",0.5,NA,NA,NA
"336","Mallex Smith","OF",140,6,0.331,73,46,38,534,50,6,600,336,NA,NA,NA,NA,NA,NA,NA,NA,NA,NA,NA,"",1.7,NA,NA,NA
"337","Michael Morse",NA,129,19,0.306,65,69,8,538,47,6,600,337,NA,NA,NA,NA,NA,NA,NA,NA,NA,NA,NA,NA,NA,NA,NA,NA
"338","Frank Schwindel",NA,147,18,0.295,64,70,3,563,24,5,600,338,NA,NA,NA,NA,NA,NA,NA,NA,NA,NA,NA,NA,NA,NA,NA,NA
"339","J.D. Davis",NA,131,21,0.303,62,71,3,543,46,4,600,339,NA,NA,NA,NA,NA,NA,NA,NA,NA,NA,NA,NA,NA,NA,NA,NA
"340","Marco Hernandez",NA,154,9,0.312,68,65,10,559,27,5,600,340,NA,NA,NA,NA,NA,NA,NA,NA,NA,NA,NA,NA,NA,NA,NA,NA
"341","Bo Bichette",NA,145,11,0.31,66,63,20,552,36,4,600,341,NA,NA,NA,NA,NA,NA,NA,NA,NA,NA,NA,NA,NA,NA,NA,NA
"342","Mikie Mahtook","OF",133,18,0.303,66,67,9,544,41,7,600,342,NA,NA,NA,NA,NA,NA,NA,NA,NA,NA,NA,"(",0.5,NA,NA,NA
"343","Corban Joseph",NA,147,12,0.318,63,60,6,550,38,4,600,343,NA,NA,NA,NA,NA,NA,NA,NA,NA,NA,NA,NA,NA,NA,NA,NA
"344","Austin Slater","1B/OF",138,11,0.324,58,59,11,537,48,7,600,344,NA,NA,NA,NA,NA,NA,NA,NA,NA,NA,NA,"(",0.5,NA,NA,NA
"345","Joey Meneses",NA,142,17,0.309,62,67,1,550,39,3,600,345,NA,NA,NA,NA,NA,NA,NA,NA,NA,NA,NA,NA,NA,NA,NA,NA
"346","Willy Adames","SS",132,13,0.323,63,62,10,532,57,4,600,346,NA,NA,NA,NA,NA,NA,NA,NA,NA,NA,NA,"(",0.5,NA,NA,NA
"347","Travis d'Arnaud","C",98,15,0.302,45,53,2,407,33,4,450,347,NA,NA,NA,NA,NA,NA,NA,NA,NA,NA,NA,"(",0.5,NA,NA,NA
"348","Jacob Robson",NA,139,12,0.321,63,60,16,540,49,4,600,348,NA,NA,NA,NA,NA,NA,NA,NA,NA,NA,NA,NA,NA,NA,NA,NA
"349","Anthony Santander",NA,139,19,0.298,64,69,7,553,33,5,600,349,NA,NA,NA,NA,NA,NA,NA,NA,NA,NA,NA,NA,NA,NA,NA,NA
"350","Pedro Alvarez",NA,125,25,0.295,62,72,2,542,48,3,600,350,NA,NA,NA,NA,NA,NA,NA,NA,NA,NA,NA,NA,NA,NA,NA,NA
"351","Dustin Fowler",NA,147,15,0.294,71,66,19,563,24,4,600,351,NA,NA,NA,NA,NA,NA,NA,NA,NA,NA,NA,NA,NA,NA,NA,NA
"352","Hunter Pence",NA,140,16,0.308,63,68,6,549,40,4,600,352,NA,NA,NA,NA,NA,NA,NA,NA,NA,NA,NA,NA,NA,NA,NA,NA
"353","Garrett Cooper","1B/OF",139,13,0.313,56,61,3,544,43,5,600,353,NA,NA,NA,NA,NA,NA,NA,NA,NA,NA,NA,"(",0.5,NA,NA,NA
"354","Cameron Maybin","OF",132,10,0.328,64,55,21,528,59,4,600,354,NA,NA,NA,NA,NA,NA,NA,NA,NA,NA,NA,"(",0.5,NA,NA,NA
"355","Avery Romero",NA,147,9,0.321,61,59,7,547,39,5,600,355,NA,NA,NA,NA,NA,NA,NA,NA,NA,NA,NA,NA,NA,NA,NA,NA
"356","Harrison Bader","OF",133,18,0.308,64,67,15,541,41,10,600,356,NA,NA,NA,NA,NA,NA,NA,NA,NA,NA,NA,"(",0.5,NA,NA,NA
"357","Luis Arraez",NA,158,6,0.323,62,58,5,557,30,4,600,357,NA,NA,NA,NA,NA,NA,NA,NA,NA,NA,NA,NA,NA,NA,NA,NA
"358","Ian Kinsler","2B",132,16,0.312,68,55,15,538,46,8,600,358,NA,NA,NA,NA,NA,NA,NA,NA,NA,NA,NA,"(",0.5,NA,NA,NA
"359","Rob Refsnyder",NA,134,9,0.326,59,56,7,531,55,6,600,359,NA,NA,NA,NA,NA,NA,NA,NA,NA,NA,NA,NA,NA,NA,NA,NA
"360","Omar Narvaez","C",98,8,0.332,45,43,2,393,47,3,450,360,NA,NA,NA,NA,NA,NA,NA,NA,NA,NA,NA,"(",0.5,NA,NA,NA
"361","Byron Buxton","OF",133,18,0.301,72,66,21,545,41,5,600,361,NA,NA,NA,NA,NA,NA,NA,NA,NA,NA,NA,"(",0.5,NA,NA,NA
"362","Jose Pirela","2B/OF",143,12,0.312,61,60,9,549,40,4,600,362,NA,NA,NA,NA,NA,NA,NA,NA,NA,NA,NA,"(",0.5,NA,NA,NA
"363","Hyun Soo Kim",NA,130,12,0.326,62,57,5,527,58,7,600,363,NA,NA,NA,NA,NA,NA,NA,NA,NA,NA,NA,NA,NA,NA,NA,NA
"364","Preston Tucker",NA,127,21,0.298,64,72,3,541,45,5,600,364,NA,NA,NA,NA,NA,NA,NA,NA,NA,NA,NA,NA,NA,NA,NA,NA
"365","Nick Franklin",NA,131,15,0.312,63,65,12,537,49,6,600,365,NA,NA,NA,NA,NA,NA,NA,NA,NA,NA,NA,NA,NA,NA,NA,NA
"366","Josh Harrison","2B",142,13,0.31,66,59,8,549,31,12,600,366,NA,NA,NA,NA,NA,NA,NA,NA,NA,NA,NA,"(",0.5,NA,NA,NA
"367","Austin Barnes","C",90,9,0.331,46,44,8,386,52,6,450,367,NA,NA,NA,NA,NA,NA,NA,NA,NA,NA,NA,"(",0.5,NA,NA,NA
"368","Andrew Calica",NA,136,10,0.324,66,60,16,535,44,13,600,368,NA,NA,NA,NA,NA,NA,NA,NA,NA,NA,NA,NA,NA,NA,NA,NA
"369","Yairo Munoz","2B/3B/SS/OF",142,15,0.313,62,67,12,547,40,5,600,369,NA,NA,NA,NA,NA,NA,NA,NA,NA,NA,NA,"(",0.5,NA,NA,NA
"370","Ramon Urias",NA,139,14,0.309,61,64,6,547,36,9,600,370,NA,NA,NA,NA,NA,NA,NA,NA,NA,NA,NA,NA,NA,NA,NA,NA
"371","Abraham Almonte",NA,128,12,0.315,59,60,11,532,55,4,600,371,NA,NA,NA,NA,NA,NA,NA,NA,NA,NA,NA,NA,NA,NA,NA,NA
"372","Kevan Smith","C",109,10,0.311,48,50,2,414,25,6,450,372,NA,NA,NA,NA,NA,NA,NA,NA,NA,NA,NA,"(",0.5,NA,NA,NA
"373","Welington Castillo","C",99,17,0.297,48,54,2,411,30,4,450,373,NA,NA,NA,NA,NA,NA,NA,NA,NA,NA,NA,"(",0.5,NA,NA,NA
"374","Christian Lopes",NA,132,9,0.325,65,57,15,530,56,5,600,374,NA,NA,NA,NA,NA,NA,NA,NA,NA,NA,NA,NA,NA,NA,NA,NA
"375","Mark Reynolds",NA,117,23,0.304,64,72,2,529,59,5,600,375,NA,NA,NA,NA,NA,NA,NA,NA,NA,NA,NA,NA,NA,NA,NA,NA
"376","Phillip Ervin","OF",126,16,0.312,62,66,20,531,52,8,600,376,NA,NA,NA,NA,NA,NA,NA,NA,NA,NA,NA,"(",0.5,NA,NA,NA
"377","Matt Davidson",NA,119,25,0.295,67,75,1,536,50,7,600,377,NA,NA,NA,NA,NA,NA,NA,NA,NA,NA,NA,NA,NA,NA,NA,NA
"378","Kevin Pillar","OF",144,14,0.299,66,66,14,557,28,7,600,378,NA,NA,NA,NA,NA,NA,NA,NA,NA,NA,NA,"(",0.5,NA,NA,NA
"379","Ryan McKenna",NA,137,12,0.317,62,58,9,540,46,7,600,379,NA,NA,NA,NA,NA,NA,NA,NA,NA,NA,NA,NA,NA,NA,NA,NA
"380","Jonathan Lucroy","C",103,9,0.318,49,48,1,404,35,4,450,380,NA,NA,NA,NA,NA,NA,NA,NA,NA,NA,NA,"(",0.5,NA,NA,NA
"381","Chris Marrero",NA,134,18,0.301,69,72,5,546,41,5,600,381,NA,NA,NA,NA,NA,NA,NA,NA,NA,NA,NA,NA,NA,NA,NA,NA
"382","Victor Martinez",NA,107,11,0.315,46,52,1,411,31,4,450,382,NA,NA,NA,NA,NA,NA,NA,NA,NA,NA,NA,NA,NA,NA,NA,NA
"383","Aaron Altherr","OF",117,18,0.309,64,66,9,525,59,9,600,383,NA,NA,NA,NA,NA,NA,NA,NA,NA,NA,NA,"(",0.5,NA,NA,NA
"384","Kevin Cron",NA,131,23,0.29,63,71,2,550,37,5,600,384,NA,NA,NA,NA,NA,NA,NA,NA,NA,NA,NA,NA,NA,NA,NA,NA
"385","Dilson Herrera",NA,135,17,0.307,62,68,5,543,43,5,600,385,NA,NA,NA,NA,NA,NA,NA,NA,NA,NA,NA,NA,NA,NA,NA,NA
"386","Cavan Biggio",NA,116,18,0.315,68,63,13,520,67,5,600,386,NA,NA,NA,NA,NA,NA,NA,NA,NA,NA,NA,NA,NA,NA,NA,NA
"387","Chris Young",NA,119,20,0.301,64,69,7,531,54,7,600,387,NA,NA,NA,NA,NA,NA,NA,NA,NA,NA,NA,NA,NA,NA,NA,NA
"388","Brandon Drury","1B/2B/3B/SS/DH",132,15,0.308,62,64,3,541,45,6,600,388,NA,NA,NA,NA,NA,NA,NA,NA,NA,NA,NA,"(",0.5,NA,NA,NA
"389","Alex Gordon","OF",125,15,0.319,63,59,9,527,55,10,600,389,NA,NA,NA,NA,NA,NA,NA,NA,NA,NA,NA,"(",0.5,NA,NA,NA
"390","Jesus Valdez",NA,142,18,0.301,62,68,4,555,32,5,600,390,NA,NA,NA,NA,NA,NA,NA,NA,NA,NA,NA,NA,NA,NA,NA,NA
"391","Kevin Plawecki","C",96,11,0.313,49,50,2,400,36,7,450,391,NA,NA,NA,NA,NA,NA,NA,NA,NA,NA,NA,"(",0.5,NA,NA,NA
"392","Rio Ruiz",NA,132,15,0.312,62,62,4,538,51,3,600,392,NA,NA,NA,NA,NA,NA,NA,NA,NA,NA,NA,NA,NA,NA,NA,NA
"393","Taylor Ward",NA,129,16,0.316,65,66,8,532,54,5,600,393,NA,NA,NA,NA,NA,NA,NA,NA,NA,NA,NA,NA,NA,NA,NA,NA
"394","Jordy Mercer","SS",135,13,0.32,64,62,3,535,50,6,600,394,NA,NA,NA,NA,NA,NA,NA,NA,NA,NA,NA,"(",0.5,NA,NA,NA
"395","Dean Green",NA,134,17,0.306,62,66,5,544,41,7,600,395,NA,NA,NA,NA,NA,NA,NA,NA,NA,NA,NA,NA,NA,NA,NA,NA
"396","Eric Campbell",NA,124,10,0.331,57,54,8,519,65,8,600,396,NA,NA,NA,NA,NA,NA,NA,NA,NA,NA,NA,NA,NA,NA,NA,NA
"397","Jamie Westbrook",NA,146,15,0.299,60,66,5,559,26,7,600,397,NA,NA,NA,NA,NA,NA,NA,NA,NA,NA,NA,NA,NA,NA,NA,NA
"398","Daniel Nava",NA,129,11,0.325,63,56,5,527,56,9,600,398,NA,NA,NA,NA,NA,NA,NA,NA,NA,NA,NA,NA,NA,NA,NA,NA
"399","Matt Wieters","C",96,13,0.311,45,50,2,401,39,4,450,399,NA,NA,NA,NA,NA,NA,NA,NA,NA,NA,NA,"(",0.5,NA,NA,NA
"400","Bryan Reynolds",NA,144,10,0.319,57,58,6,545,41,5,600,400,NA,NA,NA,NA,NA,NA,NA,NA,NA,NA,NA,NA,NA,NA,NA,NA
"401","Edwin Diaz","RP",NA,NA,NA,NA,NA,NA,NA,NA,NA,NA,NA,2.45,13.41,33,4,1,65,18,43,97,22,1,"",5.5,"Sherm",1.75,"RP"
"402","Chris Sale","SP",NA,NA,NA,NA,NA,NA,NA,NA,NA,NA,NA,2.77,12.23,0,17,0.97,200,62,149,272,45,2,"",14,NA,NA,NA
"403","Craig Kimbrel","RP",NA,NA,NA,NA,NA,NA,NA,NA,NA,NA,NA,2.8,13.56,0,4,1.07,65,20,44,98,26,3,"",2.9,NA,NA,NA
"404","Dellin Betances","RP",NA,NA,NA,NA,NA,NA,NA,NA,NA,NA,NA,2.84,13.41,2,4,1.11,65,20,44,97,29,4,"",3,NA,NA,NA
"405","Jacob deGrom","SP",NA,NA,NA,NA,NA,NA,NA,NA,NA,NA,NA,2.93,10.92,0,14,1.06,200,65,162,243,50,5,"",10.3,NA,NA,NA
"406","Aroldis Chapman","RP",NA,NA,NA,NA,NA,NA,NA,NA,NA,NA,NA,2.76,13.41,31,4,1.11,65,20,43,97,29,6,"",4.5,NA,NA,NA
"407","Felipe Vazquez","RP",NA,NA,NA,NA,NA,NA,NA,NA,NA,NA,NA,2.93,11.33,31,4,1.16,65,21,52,82,23,7,"",3.2,NA,NA,NA
"408","Andrew Miller","RP",NA,NA,NA,NA,NA,NA,NA,NA,NA,NA,NA,2.95,11.43,23,4,1.13,65,21,51,83,22,8,"",3.2,NA,NA,NA
"409","Josh Hader","RP",NA,NA,NA,NA,NA,NA,NA,NA,NA,NA,NA,2.95,13.58,14,4,1.12,65,21,44,98,28,9,"",3.7,NA,NA,NA
"410","Corey Knebel","RP",NA,NA,NA,NA,NA,NA,NA,NA,NA,NA,NA,3.06,12.7,18,4,1.16,65,22,47,92,28,10,"",3.2,NA,NA,NA
"411","Max Scherzer","SP",NA,NA,NA,NA,NA,NA,NA,NA,NA,NA,NA,3.13,11.73,0,15,1.04,200,70,156,261,51,11,"",10.8,NA,NA,NA
"412","Blake Treinen","RP",NA,NA,NA,NA,NA,NA,NA,NA,NA,NA,NA,3.09,10.06,23,4,1.21,65,22,55,73,23,12,"",2.1,NA,NA,NA
"413","Ray Black",NA,NA,NA,NA,NA,NA,NA,NA,NA,NA,NA,NA,3.02,12.54,0,3,1.19,65,22,46,91,31,13,NA,NA,NA,NA,NA
"414","Keone Kela","RP",NA,NA,NA,NA,NA,NA,NA,NA,NA,NA,NA,3.25,11.42,3,3,1.19,65,23,52,83,25,14,"",1.9,NA,NA,NA
"415","David Robertson","RP",NA,NA,NA,NA,NA,NA,NA,NA,NA,NA,NA,3.22,11.89,21,3,1.16,65,23,51,86,25,15,"",2.7,NA,NA,NA
"416","Trevor Rosenthal","RP",NA,NA,NA,NA,NA,NA,NA,NA,NA,NA,NA,3.11,11.61,14,4,1.21,65,22,51,84,28,16,"",2.4,NA,NA,NA
"417","Diego Castillo","RP",NA,NA,NA,NA,NA,NA,NA,NA,NA,NA,NA,3.13,10.98,4,4,1.16,65,23,52,79,24,17,"",2.1,NA,NA,NA
"418","Will Smith","RP",NA,NA,NA,NA,NA,NA,NA,NA,NA,NA,NA,3.1,10.8,18,3,1.17,65,22,52,78,24,18,"",2.5,NA,NA,NA
"419","Kirby Yates","RP",NA,NA,NA,NA,NA,NA,NA,NA,NA,NA,NA,3.26,11.6,28,3,1.13,65,24,51,84,22,19,"",2.9,NA,NA,NA
"420","Matt Barnes","RP",NA,NA,NA,NA,NA,NA,NA,NA,NA,NA,NA,3.28,11.36,4,4,1.21,65,24,52,82,27,20,"",1.8,NA,NA,NA
"421","Ryan Pressly","RP",NA,NA,NA,NA,NA,NA,NA,NA,NA,NA,NA,3.33,10.76,4,4,1.18,65,24,55,78,22,21,"",1.7,NA,NA,NA
"422","Justin Verlander","SP",NA,NA,NA,NA,NA,NA,NA,NA,NA,NA,NA,3.37,11.11,0,15,1.07,200,75,163,247,51,22,"",8.4,NA,NA,NA
"423","Noah Syndergaard","SP",NA,NA,NA,NA,NA,NA,NA,NA,NA,NA,NA,3.5,9.32,0,13,1.17,200,78,183,207,52,23,"",3.3,NA,NA,NA
"424","Kenley Jansen","RP",NA,NA,NA,NA,NA,NA,NA,NA,NA,NA,NA,3.32,10.71,38,4,1.06,65,24,53,77,16,24,"",3.1,NA,NA,NA
"425","Walker Buehler","SP",NA,NA,NA,NA,NA,NA,NA,NA,NA,NA,NA,3.27,10.29,0,14,1.18,200,73,169,229,66,25,"",4.6,"David",0.5,"SP"
"426","Jeurys Familia","RP",NA,NA,NA,NA,NA,NA,NA,NA,NA,NA,NA,3.27,10.05,2,3,1.25,65,24,56,73,26,26,"",1,NA,NA,NA
"427","Blake Snell","SP",NA,NA,NA,NA,NA,NA,NA,NA,NA,NA,NA,3.24,11.01,0,14,1.2,200,72,159,245,80,27,"",6.3,"Fish",1,"SP"
"428","Chad Green","RP",NA,NA,NA,NA,NA,NA,NA,NA,NA,NA,NA,3.32,11.29,0,4,1.09,65,24,52,82,19,28,"",1.3,NA,NA,NA
"429","Clayton Kershaw","SP",NA,NA,NA,NA,NA,NA,NA,NA,NA,NA,NA,3.23,8.74,0,14,1.12,200,72,185,194,39,29,"",5,NA,NA,NA
"430","Joe Kelly","RP",NA,NA,NA,NA,NA,NA,NA,NA,NA,NA,NA,3.21,10.04,0,4,1.22,65,23,55,73,24,30,"",1.3,NA,NA,NA
"431","Carlos Carrasco","SP",NA,NA,NA,NA,NA,NA,NA,NA,NA,NA,NA,3.4,9.8,0,14,1.13,200,76,178,218,49,31,"",5.6,NA,NA,NA
"432","Gerrit Cole","SP",NA,NA,NA,NA,NA,NA,NA,NA,NA,NA,NA,3.48,10.77,0,15,1.13,200,77,167,239,60,32,"",6.4,"Marc",7.75,"SP"
"433","Corey Kluber","SP",NA,NA,NA,NA,NA,NA,NA,NA,NA,NA,NA,3.46,9.5,0,14,1.12,200,77,181,211,42,33,"",5.5,NA,NA,NA
"434","Scott Alexander","RP",NA,NA,NA,NA,NA,NA,NA,NA,NA,NA,NA,3.09,8.42,0,4,1.31,65,22,60,61,25,34,"",0.1,NA,NA,NA
"435","Archie Bradley","RP",NA,NA,NA,NA,NA,NA,NA,NA,NA,NA,NA,3.51,10,11,3,1.24,65,25,58,72,23,35,"",1,NA,NA,NA
"436","Garrett Richards",NA,NA,NA,NA,NA,NA,NA,NA,NA,NA,NA,NA,3.39,9.7,0,13,1.26,200,75,178,216,74,36,NA,NA,NA,NA,NA
"437","Sean Doolittle","RP",NA,NA,NA,NA,NA,NA,NA,NA,NA,NA,NA,3.35,10.77,22,4,1.11,65,24,53,78,19,37,"",2.6,"Pat",1,"RP"
"438","Nick Anderson",NA,NA,NA,NA,NA,NA,NA,NA,NA,NA,NA,NA,3.34,10.47,0,3,1.18,65,24,53,76,24,38,NA,NA,NA,NA,NA
"439","Ryne Stanek","RP",NA,NA,NA,NA,NA,NA,NA,NA,NA,NA,NA,3.28,11.64,0,3,1.2,65,24,50,84,28,39,"",1.1,NA,NA,NA
"440","Jose Alvarado","RP",NA,NA,NA,NA,NA,NA,NA,NA,NA,NA,NA,3.17,11.08,35,3,1.31,65,23,51,80,34,40,"",2.2,NA,NA,NA
"441","Patrick Corbin","SP",NA,NA,NA,NA,NA,NA,NA,NA,NA,NA,NA,3.43,9.33,0,14,1.21,200,76,184,207,58,41,"",3.4,NA,NA,NA
"442","Seranthony Dominguez","RP",NA,NA,NA,NA,NA,NA,NA,NA,NA,NA,NA,3.38,11.27,12,3,1.25,65,24,52,81,29,42,"",1.6,NA,NA,NA
"443","Brandon Morrow","RP",NA,NA,NA,NA,NA,NA,NA,NA,NA,NA,NA,3.44,9.56,36,4,1.21,65,25,58,69,21,43,"",1.9,NA,NA,NA
"444","Chris Archer","SP",NA,NA,NA,NA,NA,NA,NA,NA,NA,NA,NA,3.64,9.58,0,13,1.23,200,81,185,213,61,44,"",2.6,NA,NA,NA
"445","Liam Hendriks",NA,NA,NA,NA,NA,NA,NA,NA,NA,NA,NA,NA,3.55,9.87,0,3,1.19,65,26,57,71,21,45,NA,NA,NA,NA,NA
"446","Aaron Nola","SP",NA,NA,NA,NA,NA,NA,NA,NA,NA,NA,NA,3.56,9.75,0,12,1.19,200,79,181,217,58,46,"",3.7,"Adam",2.5,"SP"
"447","Zach Britton","RP",NA,NA,NA,NA,NA,NA,NA,NA,NA,NA,NA,3.14,8.58,2,4,1.33,65,23,60,62,27,47,"",0.4,NA,NA,NA
"448","A.J. Minter","RP",NA,NA,NA,NA,NA,NA,NA,NA,NA,NA,NA,3.4,10.75,5,3,1.23,65,25,54,78,26,48,"",1.4,NA,NA,NA
"449","James Paxton","SP",NA,NA,NA,NA,NA,NA,NA,NA,NA,NA,NA,3.46,10.33,0,15,1.15,200,77,173,229,57,49,"",4.9,"Matt",3,"SP"
"450","Jeremy Jeffress","RP",NA,NA,NA,NA,NA,NA,NA,NA,NA,NA,NA,3.44,9.48,1,3,1.3,65,25,59,68,25,50,"",0.4,NA,NA,NA
"451","Luis Severino","SP",NA,NA,NA,NA,NA,NA,NA,NA,NA,NA,NA,3.45,10.15,0,15,1.14,200,77,173,226,55,51,"",5.7,"Kid",2.5,"SP"
"452","Chris Paddack","SP",NA,NA,NA,NA,NA,NA,NA,NA,NA,NA,NA,3.52,9.32,0,13,1.16,200,78,181,207,50,52,"",0.2,NA,NA,NA
"453","Lance McCullers Jr.",NA,NA,NA,NA,NA,NA,NA,NA,NA,NA,NA,NA,3.51,9.8,0,5,1.27,65,25,58,71,25,53,NA,NA,NA,NA,NA
"454","Brad Hand","RP",NA,NA,NA,NA,NA,NA,NA,NA,NA,NA,NA,3.41,10.87,34,4,1.19,65,25,54,79,24,54,"",2.3,NA,NA,NA
"455","Roberto Osuna","RP",NA,NA,NA,NA,NA,NA,NA,NA,NA,NA,NA,3.54,9.94,33,4,1.14,65,26,57,72,17,55,"",2.1,NA,NA,NA
"456","Ken Giles","RP",NA,NA,NA,NA,NA,NA,NA,NA,NA,NA,NA,3.61,10.1,26,3,1.2,65,26,57,73,21,56,"",1.5,NA,NA,NA
"457","Hector Rondon","RP",NA,NA,NA,NA,NA,NA,NA,NA,NA,NA,NA,3.59,10.03,0,4,1.21,65,26,57,72,21,57,"",0.7,NA,NA,NA
"458","Matt Strahm","RP",NA,NA,NA,NA,NA,NA,NA,NA,NA,NA,NA,3.39,10.6,2,3,1.2,65,24,54,77,24,58,"",1.2,NA,NA,NA
"459","Seth Lugo","RP",NA,NA,NA,NA,NA,NA,NA,NA,NA,NA,NA,3.57,9.11,1,3,1.19,65,26,60,66,17,59,"",0.5,NA,NA,NA
"460","Will Harris","RP",NA,NA,NA,NA,NA,NA,NA,NA,NA,NA,NA,3.61,9.35,0,4,1.22,65,26,60,67,20,60,"",0.5,NA,NA,NA
"461","Justin Wilson","RP",NA,NA,NA,NA,NA,NA,NA,NA,NA,NA,NA,3.38,10.96,0,3,1.27,65,24,52,79,30,61,"",0.5,NA,NA,NA
"462","Charlie Morton","SP",NA,NA,NA,NA,NA,NA,NA,NA,NA,NA,NA,3.5,9.97,0,13,1.23,200,78,174,222,73,62,"",2.3,NA,NA,NA
"463","Danny Salazar","RP",NA,NA,NA,NA,NA,NA,NA,NA,NA,NA,NA,3.49,10.85,0,4,1.19,65,25,54,78,24,63,"",0.8,NA,NA,NA
"464","Giovanny Gallegos",NA,NA,NA,NA,NA,NA,NA,NA,NA,NA,NA,NA,3.56,10.24,0,3,1.2,65,26,56,74,22,64,NA,NA,NA,NA,NA
"465","Craig Stammen","RP",NA,NA,NA,NA,NA,NA,NA,NA,NA,NA,NA,3.62,9.01,4,3,1.25,65,26,61,65,21,65,"",0.2,NA,NA,NA
"466","Drew Gagnon",NA,NA,NA,NA,NA,NA,NA,NA,NA,NA,NA,NA,3.51,9.58,0,3,1.2,65,25,58,69,21,66,NA,NA,NA,NA,NA
"467","Trevor Bauer","SP",NA,NA,NA,NA,NA,NA,NA,NA,NA,NA,NA,3.56,10.15,0,14,1.2,200,79,173,226,68,67,"",4.1,NA,NA,NA
"468","Ross Stripling","SP",NA,NA,NA,NA,NA,NA,NA,NA,NA,NA,NA,3.55,8.93,0,4,1.18,65,26,60,65,16,68,"(",0.5,NA,NA,NA
"469","Andrew Chafin","RP",NA,NA,NA,NA,NA,NA,NA,NA,NA,NA,NA,3.51,9.63,0,3,1.34,65,25,58,70,29,69,"",0.1,NA,NA,NA
"470","Stephen Strasburg","SP",NA,NA,NA,NA,NA,NA,NA,NA,NA,NA,NA,3.66,9.73,0,14,1.19,200,81,182,216,57,70,"",3,NA,NA,NA
"471","Tony Watson","RP",NA,NA,NA,NA,NA,NA,NA,NA,NA,NA,NA,3.44,8.83,12,3,1.22,65,25,58,64,21,71,"",0.8,NA,NA,NA
"472","Hector Neris","RP",NA,NA,NA,NA,NA,NA,NA,NA,NA,NA,NA,3.62,11.46,0,3,1.18,65,26,53,83,24,72,"",0.5,NA,NA,NA
"473","Mark Melancon","RP",NA,NA,NA,NA,NA,NA,NA,NA,NA,NA,NA,3.53,7.74,12,3,1.28,65,25,63,56,20,73,"",0,NA,NA,NA
"474","Colin Poche",NA,NA,NA,NA,NA,NA,NA,NA,NA,NA,NA,NA,3.39,11.64,0,3,1.22,65,24,50,84,30,74,NA,NA,NA,NA,NA
"475","Reyes Moronta","RP",NA,NA,NA,NA,NA,NA,NA,NA,NA,NA,NA,3.44,10.92,0,3,1.29,65,25,51,79,33,75,"",0.4,NA,NA,NA
"476","Rubby de la Rosa",NA,NA,NA,NA,NA,NA,NA,NA,NA,NA,NA,NA,3.76,9.67,0,3,1.24,65,27,60,70,21,76,NA,NA,NA,NA,NA
"477","Ryan Madson",NA,NA,NA,NA,NA,NA,NA,NA,NA,NA,NA,NA,3.68,9.16,0,3,1.23,65,27,60,66,20,77,NA,NA,NA,NA,NA
"478","German Marquez","SP",NA,NA,NA,NA,NA,NA,NA,NA,NA,NA,NA,3.88,9.79,0,14,1.24,200,86,189,218,60,78,"",1.8,NA,NA,NA
"479","Austin Adams",NA,NA,NA,NA,NA,NA,NA,NA,NA,NA,NA,NA,3.49,11.44,0,4,1.32,65,25,51,83,35,79,NA,NA,NA,NA,NA
"480","Robbie Ray","SP",NA,NA,NA,NA,NA,NA,NA,NA,NA,NA,NA,3.68,11.31,0,13,1.27,200,82,165,251,89,80,"",3.2,NA,NA,NA
"481","Raisel Iglesias","RP",NA,NA,NA,NA,NA,NA,NA,NA,NA,NA,NA,3.66,10.37,33,3,1.22,65,26,56,75,23,81,"",1.6,NA,NA,NA
"482","Drew Steckenrider","RP",NA,NA,NA,NA,NA,NA,NA,NA,NA,NA,NA,3.53,10.24,25,3,1.25,65,25,54,74,27,82,"",1.3,NA,NA,NA
"483","Jose Castillo","RP",NA,NA,NA,NA,NA,NA,NA,NA,NA,NA,NA,3.48,10.84,0,3,1.26,65,25,53,78,29,83,"",0.4,NA,NA,NA
"484","Jameson Taillon","SP",NA,NA,NA,NA,NA,NA,NA,NA,NA,NA,NA,3.89,8.46,0,12,1.26,200,87,199,188,53,84,"(",0.5,"Brendan",0.5,"SP"
"485","Jaime Schultz",NA,NA,NA,NA,NA,NA,NA,NA,NA,NA,NA,NA,3.45,11.01,0,3,1.26,65,25,52,80,30,85,NA,NA,NA,NA,NA
"486","Brad Wieck",NA,NA,NA,NA,NA,NA,NA,NA,NA,NA,NA,NA,3.45,10.86,0,3,1.27,65,25,53,78,30,86,NA,NA,NA,NA,NA
"487","Shohei Ohtani","DH",144,32,0.354,85,96,12,526,63,5,600,20,3.59,10.92,0,14,1.21,200,80,163,243,79,87,"",0.5,NA,NA,NA
"488","Yu Darvish","SP",NA,NA,NA,NA,NA,NA,NA,NA,NA,NA,NA,3.76,10.19,0,14,1.21,200,84,174,227,67,88,"",1.6,NA,NA,NA
"489","Trey Wingenter","RP",NA,NA,NA,NA,NA,NA,NA,NA,NA,NA,NA,3.57,10.82,2,3,1.32,65,26,53,78,32,89,"",0.4,NA,NA,NA
"490","Dillon Maples",NA,NA,NA,NA,NA,NA,NA,NA,NA,NA,NA,NA,3.35,11.94,0,4,1.43,65,24,49,86,44,90,NA,NA,NA,NA,NA
"491","Darren O'Day","RP",NA,NA,NA,NA,NA,NA,NA,NA,NA,NA,NA,3.66,10.11,4,3,1.23,65,26,56,73,23,91,"",0.8,NA,NA,NA
"492","Taylor Rogers","RP",NA,NA,NA,NA,NA,NA,NA,NA,NA,NA,NA,3.63,9.43,2,3,1.25,65,26,59,68,22,92,"",0.4,NA,NA,NA
"493","Carson Smith",NA,NA,NA,NA,NA,NA,NA,NA,NA,NA,NA,NA,3.7,8.9,0,4,1.32,65,27,60,64,26,93,NA,NA,NA,NA,NA
"494","Juan Nicasio",NA,NA,NA,NA,NA,NA,NA,NA,NA,NA,NA,NA,3.72,10.16,0,3,1.21,65,27,58,73,21,94,NA,NA,NA,NA,NA
"495","Lou Trivino","RP",NA,NA,NA,NA,NA,NA,NA,NA,NA,NA,NA,3.63,9.55,2,3,1.3,65,26,57,69,27,95,"",0.2,NA,NA,NA
"496","Jesse Biddle","RP",NA,NA,NA,NA,NA,NA,NA,NA,NA,NA,NA,3.55,9.64,0,3,1.32,65,26,58,70,28,96,"(",0.5,NA,NA,NA
"497","Tony Barnette",NA,NA,NA,NA,NA,NA,NA,NA,NA,NA,NA,NA,3.72,9.03,0,3,1.26,65,27,60,65,22,97,NA,NA,NA,NA,NA
"498","Jake Diekman","RP",NA,NA,NA,NA,NA,NA,NA,NA,NA,NA,NA,3.55,10.37,0,3,1.32,65,26,55,75,31,98,"(",0.5,NA,NA,NA
"499","Mike Kickham",NA,NA,NA,NA,NA,NA,NA,NA,NA,NA,NA,NA,3.6,7.49,0,3,1.25,65,26,64,54,17,99,NA,NA,NA,NA,NA
"500","Alex Claudio","RP",NA,NA,NA,NA,NA,NA,NA,NA,NA,NA,NA,3.65,6.56,0,3,1.34,65,26,69,47,18,100,"(",0.5,NA,NA,NA
"501","Bobby Wahl",NA,NA,NA,NA,NA,NA,NA,NA,NA,NA,NA,NA,3.66,11.33,0,3,1.29,65,26,52,82,32,101,NA,NA,NA,NA,NA
"502","Rich Hill","SP",NA,NA,NA,NA,NA,NA,NA,NA,NA,NA,NA,3.61,9.89,0,14,1.18,200,80,172,220,64,102,"",2.9,NA,NA,NA
"503","C.C. Lee",NA,NA,NA,NA,NA,NA,NA,NA,NA,NA,NA,NA,3.7,10.25,0,3,1.28,65,27,56,74,27,103,NA,NA,NA,NA,NA
"504","JT Chargois",NA,NA,NA,NA,NA,NA,NA,NA,NA,NA,NA,NA,3.58,9.31,0,3,1.3,65,26,58,67,27,104,NA,NA,NA,NA,NA
"505","Jace Fry","RP",NA,NA,NA,NA,NA,NA,NA,NA,NA,NA,NA,3.56,10.43,0,3,1.31,65,26,55,75,30,105,"",0.3,NA,NA,NA
"506","Pedro Strop","RP",NA,NA,NA,NA,NA,NA,NA,NA,NA,NA,NA,3.65,9.5,2,3,1.3,65,26,58,69,26,106,"",0.2,NA,NA,NA
"507","Sam Dyson","RP",NA,NA,NA,NA,NA,NA,NA,NA,NA,NA,NA,3.67,7.36,0,3,1.36,65,26,64,53,24,107,"(",0.5,NA,NA,NA
"508","Hyun-Jin Ryu","SP",NA,NA,NA,NA,NA,NA,NA,NA,NA,NA,NA,3.66,8.61,0,14,1.21,200,81,188,191,53,108,"",0.4,NA,NA,NA
"509","Richard Rodriguez","RP",NA,NA,NA,NA,NA,NA,NA,NA,NA,NA,NA,3.78,9.99,3,3,1.22,65,27,57,72,22,109,"",0.5,NA,NA,NA
"510","Zack Greinke","SP",NA,NA,NA,NA,NA,NA,NA,NA,NA,NA,NA,3.85,8.43,0,12,1.22,200,86,196,187,49,110,"",0.6,NA,NA,NA
"511","Jack Flaherty","SP",NA,NA,NA,NA,NA,NA,NA,NA,NA,NA,NA,3.69,9.89,0,14,1.24,200,82,175,220,73,111,"",2,NA,NA,NA
"512","Deolis Guerra",NA,NA,NA,NA,NA,NA,NA,NA,NA,NA,NA,NA,3.72,9.17,0,3,1.24,65,27,59,66,21,112,NA,NA,NA,NA,NA
"513","Brad Peacock","RP",NA,NA,NA,NA,NA,NA,NA,NA,NA,NA,NA,3.8,10.33,0,4,1.23,65,27,56,75,23,113,"",0.5,NA,NA,NA
"514","Luke Gregerson","RP",NA,NA,NA,NA,NA,NA,NA,NA,NA,NA,NA,3.78,8.2,0,3,1.3,65,27,63,59,22,114,"(",0.5,NA,NA,NA
"515","Joakim Soria","RP",NA,NA,NA,NA,NA,NA,NA,NA,NA,NA,NA,3.68,9.11,10,3,1.25,65,27,59,66,23,115,"",0.4,NA,NA,NA
"516","Caleb Ferguson","RP",NA,NA,NA,NA,NA,NA,NA,NA,NA,NA,NA,3.53,9.63,0,4,1.24,65,25,56,70,24,116,"",0.2,NA,NA,NA
"517","Aaron Loup",NA,NA,NA,NA,NA,NA,NA,NA,NA,NA,NA,NA,3.59,8.98,0,3,1.3,65,26,60,65,25,117,NA,NA,NA,NA,NA
"518","James Hoyt",NA,NA,NA,NA,NA,NA,NA,NA,NA,NA,NA,NA,3.76,9.75,0,3,1.28,65,27,58,70,25,118,NA,NA,NA,NA,NA
"519","Dallas Keuchel","SP",NA,NA,NA,NA,NA,NA,NA,NA,NA,NA,NA,3.69,7.09,0,13,1.32,200,82,204,158,59,119,"(",0.5,NA,NA,NA
"520","Stephen Villines",NA,NA,NA,NA,NA,NA,NA,NA,NA,NA,NA,NA,3.69,9.63,0,3,1.26,65,27,57,70,24,120,NA,NA,NA,NA,NA
"521","Cole Sulser",NA,NA,NA,NA,NA,NA,NA,NA,NA,NA,NA,NA,3.68,10.16,0,3,1.25,65,27,55,73,26,121,NA,NA,NA,NA,NA
"522","Chris Devenski",NA,NA,NA,NA,NA,NA,NA,NA,NA,NA,NA,NA,3.83,9.91,0,3,1.2,65,28,58,72,20,122,NA,NA,NA,NA,NA
"523","Shane Bieber","SP",NA,NA,NA,NA,NA,NA,NA,NA,NA,NA,NA,3.86,8.02,0,14,1.19,200,86,199,178,40,123,"(",0.5,NA,NA,NA
"524","Austin Pruitt",NA,NA,NA,NA,NA,NA,NA,NA,NA,NA,NA,NA,3.8,7.82,0,3,1.23,65,27,65,56,16,124,NA,NA,NA,NA,NA
"525","Max Fried",NA,NA,NA,NA,NA,NA,NA,NA,NA,NA,NA,NA,3.57,9.58,0,4,1.37,65,26,58,69,31,125,NA,NA,NA,NA,NA
"526","Jake Petricka",NA,NA,NA,NA,NA,NA,NA,NA,NA,NA,NA,NA,3.8,8.01,0,3,1.35,65,27,65,58,23,126,NA,NA,NA,NA,NA
"527","Chaz Roe","RP",NA,NA,NA,NA,NA,NA,NA,NA,NA,NA,NA,3.73,9.27,0,3,1.28,65,27,59,67,25,127,"",0.1,NA,NA,NA
"528","Scott Oberg","RP",NA,NA,NA,NA,NA,NA,NA,NA,NA,NA,NA,3.97,8.74,0,3,1.35,65,29,64,63,24,128,"(",0.5,NA,NA,NA
"529","Robert Stock","RP",NA,NA,NA,NA,NA,NA,NA,NA,NA,NA,NA,3.73,9.17,0,3,1.34,65,27,59,66,27,129,"(",0.5,NA,NA,NA
"530","Zack Wheeler","SP",NA,NA,NA,NA,NA,NA,NA,NA,NA,NA,NA,3.85,9.05,0,12,1.26,200,86,185,201,66,130,"",0.4,NA,NA,NA
"531","Silvino Bracho","RP",NA,NA,NA,NA,NA,NA,NA,NA,NA,NA,NA,3.87,10.43,0,3,1.24,65,28,56,75,25,131,"",0.1,NA,NA,NA
"532","Grant Dayton",NA,NA,NA,NA,NA,NA,NA,NA,NA,NA,NA,NA,3.76,10.31,0,3,1.24,65,27,56,74,24,132,NA,NA,NA,NA,NA
"533","Wade Davis","RP",NA,NA,NA,NA,NA,NA,NA,NA,NA,NA,NA,3.97,10.19,29,3,1.32,65,29,59,74,27,133,"",0.5,NA,NA,NA
"534","Jose Leclerc","RP",NA,NA,NA,NA,NA,NA,NA,NA,NA,NA,NA,3.64,11.9,21,3,1.32,65,26,49,86,37,134,"",1.4,NA,NA,NA
"535","Bryse Wilson",NA,NA,NA,NA,NA,NA,NA,NA,NA,NA,NA,NA,3.81,8.98,0,4,1.29,65,28,60,65,23,135,NA,NA,NA,NA,NA
"536","Ryan Helsley",NA,NA,NA,NA,NA,NA,NA,NA,NA,NA,NA,NA,3.73,9.57,0,3,1.28,65,27,57,69,26,136,NA,NA,NA,NA,NA
"537","Joey Lucchesi","SP",NA,NA,NA,NA,NA,NA,NA,NA,NA,NA,NA,3.78,9.11,0,12,1.27,200,84,186,202,68,137,"",0.5,NA,NA,NA
"538","Mike Zagurski",NA,NA,NA,NA,NA,NA,NA,NA,NA,NA,NA,NA,3.71,10.27,0,3,1.27,65,27,56,74,27,138,NA,NA,NA,NA,NA
"539","Tommy Hunter","RP",NA,NA,NA,NA,NA,NA,NA,NA,NA,NA,NA,3.86,8.6,2,3,1.26,65,28,63,62,19,139,"(",0.5,NA,NA,NA
"540","Sonny Gray","SP",NA,NA,NA,NA,NA,NA,NA,NA,NA,NA,NA,3.88,8.72,0,13,1.33,200,86,193,194,73,140,"(",0.5,NA,NA,NA
"541","Nate Jones","RP",NA,NA,NA,NA,NA,NA,NA,NA,NA,NA,NA,3.76,10.1,28,3,1.26,65,27,57,73,25,141,"",1,NA,NA,NA
"542","Nathan Eovaldi","SP",NA,NA,NA,NA,NA,NA,NA,NA,NA,NA,NA,3.91,7.96,0,15,1.25,200,87,198,177,52,142,"(",0.5,NA,NA,NA
"543","Alex Reyes","SP",NA,NA,NA,NA,NA,NA,NA,NA,NA,NA,NA,3.81,10.21,0,13,1.28,200,85,171,227,86,143,"(",0.5,NA,NA,NA
"544","Dan Otero","RP",NA,NA,NA,NA,NA,NA,NA,NA,NA,NA,NA,3.81,6.46,0,3,1.3,65,28,70,47,15,144,"(",0.5,NA,NA,NA
"545","Tanner Scott","RP",NA,NA,NA,NA,NA,NA,NA,NA,NA,NA,NA,3.6,11.3,0,3,1.41,65,26,53,82,39,145,"(",0.5,NA,NA,NA
"546","Jimmie Sherfy","RP",NA,NA,NA,NA,NA,NA,NA,NA,NA,NA,NA,3.88,10.31,0,3,1.3,65,28,56,74,28,146,"(",0.5,NA,NA,NA
"547","John Brebbia","RP",NA,NA,NA,NA,NA,NA,NA,NA,NA,NA,NA,3.85,9.74,0,3,1.21,65,28,57,70,21,147,"",0.3,NA,NA,NA
"548","Nik Turley",NA,NA,NA,NA,NA,NA,NA,NA,NA,NA,NA,NA,3.8,9.79,0,4,1.31,65,27,58,71,27,148,NA,NA,NA,NA,NA
"549","Reymin Guduan",NA,NA,NA,NA,NA,NA,NA,NA,NA,NA,NA,NA,3.69,10.18,0,3,1.38,65,27,56,74,33,149,NA,NA,NA,NA,NA
"550","Anthony Banda",NA,NA,NA,NA,NA,NA,NA,NA,NA,NA,NA,NA,3.7,9.61,0,4,1.27,65,27,57,69,25,150,NA,NA,NA,NA,NA
"551","Michael Feliz","RP",NA,NA,NA,NA,NA,NA,NA,NA,NA,NA,NA,3.94,9.83,0,3,1.31,65,28,59,71,27,151,"(",0.5,NA,NA,NA
"552","Cory Burns",NA,NA,NA,NA,NA,NA,NA,NA,NA,NA,NA,NA,3.78,9.25,0,3,1.35,65,27,59,67,29,152,NA,NA,NA,NA,NA
"553","Alex Colome","RP",NA,NA,NA,NA,NA,NA,NA,NA,NA,NA,NA,3.8,9.13,2,3,1.27,65,27,60,66,23,153,"",0,NA,NA,NA
"554","Anthony Bass",NA,NA,NA,NA,NA,NA,NA,NA,NA,NA,NA,NA,3.9,8.89,0,3,1.28,65,28,62,64,22,154,NA,NA,NA,NA,NA
"555","Hunter Wood",NA,NA,NA,NA,NA,NA,NA,NA,NA,NA,NA,NA,3.74,9.69,0,3,1.25,65,27,56,70,25,155,NA,NA,NA,NA,NA
"556","Carl Edwards Jr.","RP",NA,NA,NA,NA,NA,NA,NA,NA,NA,NA,NA,3.8,11.1,2,3,1.35,65,27,52,80,35,156,"",0.4,NA,NA,NA
"557","Dylan Floro","RP",NA,NA,NA,NA,NA,NA,NA,NA,NA,NA,NA,3.75,7.36,0,3,1.3,65,27,64,53,20,157,"(",0.5,NA,NA,NA
"558","Dan Winkler","RP",NA,NA,NA,NA,NA,NA,NA,NA,NA,NA,NA,3.92,9.47,0,3,1.29,65,28,60,68,24,158,"(",0.5,NA,NA,NA
"559","Junior Guerra","RP",NA,NA,NA,NA,NA,NA,NA,NA,NA,NA,NA,3.89,9.64,0,3,1.26,65,28,59,70,23,159,"(",0.5,NA,NA,NA
"560","Adam Ottavino","RP",NA,NA,NA,NA,NA,NA,NA,NA,NA,NA,NA,3.85,11.24,4,3,1.29,65,28,53,81,31,160,"",0.6,NA,NA,NA
"561","Wilmer Font","SP/RP",NA,NA,NA,NA,NA,NA,NA,NA,NA,NA,NA,3.84,9.72,0,3,1.21,65,28,58,70,21,161,"",1.9,NA,NA,NA
"562","Matt Bowman",NA,NA,NA,NA,NA,NA,NA,NA,NA,NA,NA,NA,3.85,8.69,0,3,1.34,65,28,62,63,25,162,NA,NA,NA,NA,NA
"563","Joe Musgrove","SP",NA,NA,NA,NA,NA,NA,NA,NA,NA,NA,NA,4.02,7.83,0,12,1.27,200,89,204,174,50,163,"(",0.5,NA,NA,NA
"564","Oliver Drake",NA,NA,NA,NA,NA,NA,NA,NA,NA,NA,NA,NA,3.77,9.02,0,3,1.3,65,27,59,65,26,164,NA,NA,NA,NA,NA
"565","Sam Freeman",NA,NA,NA,NA,NA,NA,NA,NA,NA,NA,NA,NA,3.71,9.61,0,3,1.41,65,27,58,69,34,165,NA,NA,NA,NA,NA
"566","Jordan Hicks","RP",NA,NA,NA,NA,NA,NA,NA,NA,NA,NA,NA,3.74,9.25,15,3,1.42,65,27,58,67,34,166,"(",0.5,NA,NA,NA
"567","Zach Duke",NA,NA,NA,NA,NA,NA,NA,NA,NA,NA,NA,NA,3.71,8.72,0,3,1.37,65,27,61,63,28,167,NA,NA,NA,NA,NA
"568","Derek Law",NA,NA,NA,NA,NA,NA,NA,NA,NA,NA,NA,NA,3.81,8.31,0,3,1.3,65,28,61,60,24,168,NA,NA,NA,NA,NA
"569","Arodys Vizcaino","RP",NA,NA,NA,NA,NA,NA,NA,NA,NA,NA,NA,3.92,9.91,27,3,1.3,65,28,58,72,27,169,"",0.6,NA,NA,NA
"570","Jonathan Loaisiga",NA,NA,NA,NA,NA,NA,NA,NA,NA,NA,NA,NA,3.89,9.53,0,4,1.24,65,28,59,69,21,170,NA,NA,NA,NA,NA
"571","Kenta Maeda","SP",NA,NA,NA,NA,NA,NA,NA,NA,NA,NA,NA,3.87,9.45,0,13,1.2,200,86,182,210,59,171,"",0.4,NA,NA,NA
"572","Tony Cingrani",NA,NA,NA,NA,NA,NA,NA,NA,NA,NA,NA,NA,3.61,10,0,3,1.27,65,26,56,72,27,172,NA,NA,NA,NA,NA
"573","Bud Norris","RP",NA,NA,NA,NA,NA,NA,NA,NA,NA,NA,NA,3.9,9.52,0,3,1.3,65,28,60,69,25,173,"(",0.5,NA,NA,NA
"574","Yoan Lopez",NA,NA,NA,NA,NA,NA,NA,NA,NA,NA,NA,NA,3.91,10.2,0,3,1.32,65,28,56,74,29,174,NA,NA,NA,NA,NA
"575","Jon Gray","SP",NA,NA,NA,NA,NA,NA,NA,NA,NA,NA,NA,4.18,8.99,0,13,1.31,200,93,198,200,63,175,"(",0.5,NA,NA,NA
"576","Nick Burdi",NA,NA,NA,NA,NA,NA,NA,NA,NA,NA,NA,NA,3.97,9.37,0,3,1.36,65,29,60,68,28,176,NA,NA,NA,NA,NA
"577","Jose Alvarez",NA,NA,NA,NA,NA,NA,NA,NA,NA,NA,NA,NA,3.81,9.03,0,3,1.29,65,27,61,65,23,177,NA,NA,NA,NA,NA
"578","Angel Sanchez",NA,NA,NA,NA,NA,NA,NA,NA,NA,NA,NA,NA,3.93,9.03,0,3,1.3,65,28,61,65,23,178,NA,NA,NA,NA,NA
"579","Boone Logan",NA,NA,NA,NA,NA,NA,NA,NA,NA,NA,NA,NA,3.76,10.36,0,3,1.34,65,27,56,75,31,179,NA,NA,NA,NA,NA
"580","Brad Brach","RP",NA,NA,NA,NA,NA,NA,NA,NA,NA,NA,NA,3.88,9.12,0,3,1.33,65,28,59,66,27,180,"(",0.5,NA,NA,NA
"581","Miles Mikolas","SP",NA,NA,NA,NA,NA,NA,NA,NA,NA,NA,NA,4.04,7.31,0,12,1.24,200,90,210,162,38,181,"(",0.5,NA,NA,NA
"582","Luis Garcia","RP",NA,NA,NA,NA,NA,NA,NA,NA,NA,NA,NA,3.74,8.5,0,3,1.33,65,27,60,61,26,182,"(",0.5,NA,NA,NA
"583","Scott Copeland",NA,NA,NA,NA,NA,NA,NA,NA,NA,NA,NA,NA,3.89,7.32,0,3,1.36,65,28,66,53,22,183,NA,NA,NA,NA,NA
"584","Andrew Vasquez",NA,NA,NA,NA,NA,NA,NA,NA,NA,NA,NA,NA,3.73,9.35,0,3,1.35,65,27,58,68,29,184,NA,NA,NA,NA,NA
"585","Julio Urias","SP",NA,NA,NA,NA,NA,NA,NA,NA,NA,NA,NA,3.7,9.29,0,14,1.3,200,82,178,206,83,185,"(",0.5,NA,NA,NA
"586","Jose Quintana","SP",NA,NA,NA,NA,NA,NA,NA,NA,NA,NA,NA,3.88,8.52,0,13,1.29,200,86,192,189,66,186,"(",0.5,NA,NA,NA
"587","Tyler Glasnow","SP",NA,NA,NA,NA,NA,NA,NA,NA,NA,NA,NA,3.92,10.58,0,13,1.34,200,87,167,235,102,187,"(",0.5,NA,NA,NA
"588","Cole Hamels","SP",NA,NA,NA,NA,NA,NA,NA,NA,NA,NA,NA,3.96,8.94,0,13,1.29,200,88,188,199,70,188,"(",0.5,NA,NA,NA
"589","Trevor Gott",NA,NA,NA,NA,NA,NA,NA,NA,NA,NA,NA,NA,3.85,8.5,0,3,1.37,65,28,62,61,27,189,NA,NA,NA,NA,NA
"590","Matt Grace","RP",NA,NA,NA,NA,NA,NA,NA,NA,NA,NA,NA,3.87,7.37,0,3,1.36,65,28,67,53,22,190,"(",0.5,NA,NA,NA
"591","David Paulino","RP",NA,NA,NA,NA,NA,NA,NA,NA,NA,NA,NA,4,9.66,0,3,1.24,65,29,59,70,21,191,"",0.1,NA,NA,NA
"592","Ty Buttrey","RP",NA,NA,NA,NA,NA,NA,NA,NA,NA,NA,NA,3.71,9.44,2,3,1.3,65,27,56,68,29,192,"",0,NA,NA,NA
"593","Edgar Santana",NA,NA,NA,NA,NA,NA,NA,NA,NA,NA,NA,NA,4.04,7.96,0,3,1.33,65,29,65,58,21,193,NA,NA,NA,NA,NA
"594","Yaisel Sierra",NA,NA,NA,NA,NA,NA,NA,NA,NA,NA,NA,NA,3.77,8.56,0,3,1.33,65,27,60,62,26,194,NA,NA,NA,NA,NA
"595","Luis Avilan",NA,NA,NA,NA,NA,NA,NA,NA,NA,NA,NA,NA,3.73,9.11,0,3,1.35,65,27,59,66,28,195,NA,NA,NA,NA,NA
"596","Cionel Perez","RP",NA,NA,NA,NA,NA,NA,NA,NA,NA,NA,NA,3.82,9.58,0,3,1.32,65,28,58,69,27,196,"(",0.5,NA,NA,NA
"597","Cody Allen","RP",NA,NA,NA,NA,NA,NA,NA,NA,NA,NA,NA,3.82,10.09,33,3,1.25,65,28,55,73,26,197,"",1.1,NA,NA,NA
"598","Joshua James","SP",NA,NA,NA,NA,NA,NA,NA,NA,NA,NA,NA,3.96,10.21,0,14,1.3,200,88,174,227,86,198,"(",0.5,NA,NA,NA
"599","Kyle Dowdy",NA,NA,NA,NA,NA,NA,NA,NA,NA,NA,NA,NA,3.87,8.32,0,3,1.29,65,28,62,60,22,199,NA,NA,NA,NA,NA
"600","Steven Okert",NA,NA,NA,NA,NA,NA,NA,NA,NA,NA,NA,NA,3.77,8.92,0,3,1.26,65,27,58,64,24,200,NA,NA,NA,NA,NA
