"Name","Team","G","PA","AB","H","2B","3B","HR","R","RBI","BB","SO","HBP","SB","CS","AVG","OBP","SLG","OPS","wOBA","Fld","BsR","WAR","ADP","playerid"
"Mike Trout","Angels","153","678","546","169","33","5","38","116","133","117","125","10","25","6",".310",".437",".597","1.034",".427","-1.0","1.9","8.8","1.1","10155"
"Bryce Harper","Nationals","146","642","533","166","35","2","38","105","127","100","127","3","8","3",".311",".419",".599","1.018",".418","3.0","-0.1","6.5","8.6","11579"
"Joey Votto","Reds","155","684","547","171","34","2","30","103","122","126","93","6","5","1",".313",".443",".547",".990",".415","2.0","0.0","6.1","18.9","4314"
"Freddie Freeman","Braves","149","654","557","171","42","3","34","102","120","85","130","9","5","1",".307",".405",".576",".982",".406","2.0","0.1","5.5","21.5","5361"
"Kris Bryant","Cubs","155","688","574","168","38","4","35","114","122","95","136","14","6","2",".293",".403",".556",".958",".402","4.0","-0.1","7.1","15.2","15429"
"Aaron Judge","Yankees","151","666","545","147","26","3","44","118","129","109","193","7","5","1",".270",".395",".571",".966",".402","3.0","0.1","6.3","18.9","15640"
"Josh Donaldson","Blue Jays","148","661","551","158","33","2","37","119","119","98","132","7","5","1",".287",".398",".555",".953",".400","3.0","0.1","7.0","29.9","5038"
"Paul Goldschmidt","Diamondbacks","155","681","569","173","35","3","32","100","117","100","144","6","18","3",".304",".410",".545",".955",".396","3.0","1.8","4.9","6.0","9218"
"Giancarlo Stanton","Yankees","146","636","548","150","30","1","48","113","131","79","159","6","4","2",".274",".370",".595",".964",".396","1.0","-0.4","5.1","8.4","4949"
"Charlie Blackmon","Rockies","155","701","622","196","36","10","32","126","112","63","120","12","14","4",".315",".387",".559",".946",".395","-4.0","0.6","4.7","8.2","7859"
"J.D. Martinez","Red Sox","138","596","527","156","32","2","36","98","115","62","148","3","4","1",".296",".371",".569",".940",".390","-5.0","0.0","3.5","23.9","6184"
"Nolan Arenado","Rockies","156","683","605","182","41","6","39","106","123","67","104","3","5","3",".301",".369",".582",".951",".389","9.0","-0.7","5.4","4.7","9777"
"Anthony Rizzo","Cubs","155","680","568","161","33","3","33","99","116","84","97","23","5","2",".283",".394",".526",".921",".387","4.0","-0.3","4.6","25.1","3473"
"Carlos Correa","Astros","149","642","563","169","35","3","32","95","115","71","117","3","8","1",".300",".379",".544",".922",".386","-1.0","0.8","6.5","14.6","14162"
"Jose Altuve","Astros","156","692","616","203","42","4","23","101","104","62","78","8","32","7",".330",".395",".523",".917",".386","-2.0","2.9","6.7","2.1","5417"
"Rhys Hoskins","Phillies","150","650","541","146","30","3","35","99","116","92","131","10","5","2",".270",".382",".531",".912",".384","-3.0","-0.3","4.0","49.2","16472"
"Michael Conforto","Mets","118","528","452","128","24","2","25","100","83","66","127","7","5","2",".283",".381",".511",".892",".376","3.0","-0.2","4.2","198.5","16376"
"Brandon Belt","Giants","146","627","528","145","38","6","22","84","100","92","137","4","5","2",".275",".384",".494",".879",".374","7.0","-0.3","4.3","304.1","10264"
"Mookie Betts","Red Sox","154","694","615","184","43","5","27","121","100","71","81","2","26","4",".299",".370",".517",".887",".373","16.0","3.1","6.2","8.1","13611"
"George Springer","Astros","145","659","572","159","30","3","32","128","97","73","126","11","8","3",".278",".369",".509",".877",".373","1.0","-0.1","5.5","30.9","12856"
"Anthony Rendon","Nationals","147","630","536","154","39","1","23","85","101","80","94","7","5","2",".287",".383",".493",".875",".372","10.0","-0.3","5.5","56.6","12861"
"Corey Seager","Dodgers","148","657","577","172","37","3","25","105","97","71","134","5","5","2",".298",".377",".503",".880",".372","6.0","-0.3","6.1","40.3","13624"
"Gary Sanchez","Yankees","134","572","507","142","27","0","34","93","105","52","124","8","3","1",".280",".353",".535",".888",".372","4.0","-0.2","5.7","19.5","11442"
"Justin Turner","Dodgers","141","620","533","158","33","1","22","89","91","64","79","16","5","1",".296",".384",".486",".870",".371","2.0","0.1","5.0","82.3","5235"
"Nelson Cruz","Mariners","150","647","568","161","25","1","36","97","115","65","144","9","2","1",".283",".363",".521",".884",".370","-2.0","-0.4","3.4","56.5","2434"
"Jose Ramirez","Indians","156","688","621","188","47","5","24","94","99","59","68","3","17","4",".303",".363",".510",".874",".368","3.0","1.3","5.5","19.6","13510"
"Kyle Schwarber","Cubs","134","575","491","125","25","2","32","89","101","76","155","6","3","1",".255",".360",".509",".869",".368","-1.0","-0.2","3.0","171.9","16478"
"Matt Carpenter","Cardinals","138","619","508","134","32","3","22","111","87","100","121","7","4","2",".264",".389",".469",".858",".368","-3.0","-0.5","3.2","185.3","8090"
"Cody Bellinger","Dodgers","148","641","558","149","32","4","36","98","112","73","160","4","10","2",".267",".353",".532",".885",".368","4.0","0.8","3.8","25.2","15998"
"Jose Abreu","White Sox","153","671","609","181","37","3","32","99","106","42","123","15","3","1",".297",".355",".525",".880",".367","0.0","-0.2","3.7","40.7","15676"
"Tommy Pham","Cardinals","142","631","542","154","27","4","22","104","89","80","137","6","25","6",".284",".380",".470",".851",".366","6.0","2.0","5.0","57.7","2967"
"Miguel Sano","Twins","122","526","458","120","24","2","30","82","91","62","169","3","1","0",".262",".352",".520",".871",".366","-2.0","-0.1","3.4","112.0","12164"
"Yoenis Cespedes","Mets","137","605","543","155","33","3","31","98","96","52","116","5","3","1",".285",".350",".529",".879",".365","-1.0","-0.2","3.4","93.9","13110"
"Edwin Encarnacion","Indians","152","651","549","142","27","0","35","96","112","89","133","6","1","0",".259",".364",".499",".863",".365","-1.0","-0.2","2.8","56.8","2151"
"Joey Gallo","Rangers","148","620","520","118","23","4","40","105","114","94","202","5","5","1",".227",".350",".517",".867",".364","-4.0","0.2","2.7","110.8","14128"
"Christian Yelich","Brewers","155","691","607","179","38","3","22","106","94","76","131","4","19","4",".295",".375",".476",".851",".363","2.0","1.6","4.1","51.1","11477"
"Willson Contreras","Cubs","132","559","487","136","26","2","23","80","90","61","118","8","4","2",".279",".367",".483",".849",".363","5.0","-0.4","4.8","51.2","11609"
"Andrew Benintendi","Red Sox","153","679","590","171","31","7","24","101","95","75","112","6","22","6",".290",".371",".488",".859",".363","3.0","1.4","4.1","41.3","17901"
"Miguel Cabrera","Tigers","131","576","508","150","28","1","23","83","85","62","104","3","0","0",".295",".373",".490",".863",".363","1.0","-0.4","2.8","95.7","1744"
"Adrian Beltre","Rangers","132","577","512","153","28","2","22","81","85","54","78","5","1","0",".299",".367",".490",".858",".362","7.0","-0.2","4.5","158.3","639"
"Daniel Murphy","Nationals","132","570","516","161","34","3","19","74","84","43","69","5","3","1",".312",".367",".500",".867",".361","-5.0","-0.2","3.0","73.7","4316"
"Alex Bregman","Astros","156","686","611","177","40","7","23","91","95","62","107","8","16","4",".290",".360",".491",".851",".360","-1.0","1.1","5.1","32.1","17678"
"Mitch Haniger","Mariners","142","592","521","145","36","5","23","83","91","53","125","11","7","2",".278",".353",".499",".852",".360","4.0","0.2","3.9","215.3","14274"
"Justin Upton","Angels","154","665","581","152","37","2","33","96","108","77","181","4","14","4",".262",".350",".503",".853",".360","0.0","0.7","4.0","48.9","5222"
"Manny Machado","Orioles","155","684","624","179","37","1","35","107","105","51","110","3","6","2",".287",".341",".518",".858",".359","8.0","0.0","5.6","17.7","11493"
"Jesse Winker","Reds","122","552","475","139","26","1","16","95","69","66","93","6","4","2",".293",".382",".453",".835",".358","-4.0","-0.5","2.1","321.4","13590"
"Gregory Bird","Yankees","131","549","473","123","26","1","27","83","91","65","129","6","0","0",".260",".353",".490",".844",".358","-2.0","-0.4","2.2","149.1","14131"
"Ryan McMahon","Rockies","131","544","490","140","32","4","22","77","84","44","116","5","6","3",".286",".347",".502",".849",".358","2.0","-0.4","1.3","310.0","15112"
"Khris Davis","Athletics","151","650","569","143","24","2","41","101","115","69","182","6","5","2",".251",".335",".517",".852",".357","-5.0","-0.2","2.4","68.2","9112"
"Buster Posey","Giants","135","590","512","158","32","1","13","71","75","66","69","5","4","0",".309",".388",".451",".839",".357","2.0","0.4","4.9","58.0","9166"
"Marcell Ozuna","Cardinals","152","658","594","168","31","3","30","93","102","58","137","3","4","3",".283",".348",".497",".845",".357","2.0","-0.9","3.3","47.2","10324"
"Domingo Santana","Brewers","149","644","558","149","28","1","28","88","100","76","187","7","13","5",".267",".360",".471",".832",".356","-6.0","0.0","2.1","91.8","10348"
"Carlos Santana","Phillies","150","651","552","142","31","3","27","89","99","91","99","4","5","1",".257",".364",".471",".835",".356","2.0","0.1","2.7","170.9","2396"
"Eugenio Suarez","Reds","151","650","556","146","29","3","26","86","99","82","142","8","6","2",".263",".363",".466",".829",".356","5.0","-0.1","4.3","191.7","12552"
"Josh Bell","Pirates","156","676","587","161","29","7","27","91","100","79","112","3","4","2",".274",".359",".486",".845",".356","-2.0","-0.5","2.4","185.7","13145"
"Matt Olson","Athletics","149","636","553","140","27","1","36","96","108","74","167","4","4","0",".253",".343",".501",".844",".355","2.0","0.4","3.2","123.9","14344"
"Brian Dozier","Twins","153","698","614","163","32","4","34","130","96","71","148","8","15","3",".265",".347",".497",".843",".355","0.0","1.3","4.5","36.9","9810"
"Francisco Lindor","Indians","155","695","622","180","37","5","26","115","93","61","85","3","16","4",".289",".351",".490",".841",".355","10.0","1.1","5.9","20.9","12916"
"Rafael Devers","Red Sox","135","559","510","146","30","4","23","78","85","43","121","3","5","2",".286",".343",".496",".840",".354","-3.0","-0.2","3.0","118.7","17350"
"Jose Martinez","Cardinals","112","462","407","119","19","1","15","60","64","49","84","2","4","1",".292",".368",".455",".823",".353","-4.0","0.0","1.5","259.3","7996"
"Adam Eaton","Nationals","147","657","572","166","29","9","12","95","76","69","101","13","18","5",".290",".377",".435",".813",".353","5.0","1.0","3.5","152.7","11205"
"Dexter Fowler","Cardinals","135","597","509","136","24","7","18","86","77","77","127","7","11","3",".267",".369",".448",".816",".352","0.0","0.5","2.8","247.4","4062"
"Aaron Altherr","Phillies","124","524","466","126","29","5","20","71","79","46","126","10","11","3",".270",".347",".483",".830",".352","-1.0","0.6","2.1","275.1","11270"
"Ryan Braun","Brewers","121","527","471","132","28","3","21","71","76","48","95","4","11","2",".280",".349",".486",".835",".352","-3.0","1.0","1.8","116.2","3410"
"Eric Thames","Brewers","136","582","504","125","28","4","27","80","92","71","159","7","5","2",".248",".349",".480",".829",".352","-2.0","-0.2","1.6","200.8","3711"
"Xander Bogaerts","Red Sox","148","628","563","167","34","3","16","75","86","57","112","5","16","2",".297",".365",".453",".818",".351","-1.0","1.9","4.1","82.5","12161"
"Justin Smoak","Blue Jays","149","648","571","151","25","1","30","90","99","73","143","3","1","0",".264",".350",".469",".820",".350","2.0","-0.2","2.7","153.1","9054"
"DJ LeMahieu","Rockies","151","684","613","195","27","6","9","103","71","62","87","4","11","3",".318",".382",".426",".807",".350","4.0","0.4","2.8","133.6","9874"
"Justin Bour","Marlins","130","560","491","134","24","0","26","76","87","64","115","1","1","0",".273",".355",".481",".836",".350","2.0","-0.1","2.2","199.1","9744"
"Shin-Soo Choo","Rangers","135","605","518","140","23","1","20","97","77","71","131","12","12","4",".270",".369",".434",".803",".349","-7.0","0.3","1.8","262.5","3174"
"Eric Hosmer","Padres","155","677","612","178","31","2","24","89","93","61","113","1","5","1",".291",".355",".466",".820",".349","-1.0","0.1","2.4","77.8","3516"
"Trey Mancini","Orioles","149","623","572","162","30","5","26","86","94","42","140","5","1","0",".283",".335",".490",".825",".349","-1.0","-0.2","2.5","152.0","15149"
"Austin Barnes","Dodgers","110","434","368","103","15","2","9","55","58","59","74","5","5","1",".280",".385",".405",".790",".348","1.0","0.2","3.3","192.1","12158"
"Avisail Garcia","White Sox","147","630","577","169","25","4","23","79","91","42","122","8","5","2",".293",".348",".470",".817",".348","2.0","-0.3","3.1","199.3","5760"
"Andrew McCutchen","Giants","154","685","597","165","31","3","23","103","88","76","127","7","10","4",".276",".362",".454",".816",".347","-2.0","-0.2","3.0","89.1","9847"
"Yasiel Puig","Dodgers","140","586","517","140","24","3","24","80","87","60","107","5","11","4",".271",".350",".468",".818",".347","6.0","0.1","3.1","111.2","14225"
"Trea Turner","Nationals","146","668","615","183","32","11","17","109","73","47","116","2","60","9",".298",".347",".468",".816",".347","3.0","7.8","4.8","4.6","16252"
"Jake Lamb","Diamondbacks","146","628","544","136","28","7","29","84","96","75","147","4","5","2",".250",".342",".487",".829",".347","-5.0","-0.2","2.3","127.1","13329"
"Hanley Ramirez","Red Sox","124","530","473","128","24","1","24","72","81","48","104","6","4","1",".271",".343",".478",".821",".347","-1.0","0.1","1.3","326.3","8001"
"Brandon Nimmo","Mets","104","451","374","98","18","4","9","50","56","70","112","5","5","2",".262",".384",".404",".787",".347","1.0","-0.2","2.4","512.2","12927"
"Stephen Piscotty","Athletics","141","591","511","136","27","3","19","75","83","70","122","7","5","2",".266",".360",".442",".803",".346","3.0","-0.3","3.0","290.3","13367"
"Marwin Gonzalez","Astros","134","545","493","140","29","2","18","69","75","46","103","5","7","3",".284",".350",".460",".811",".346","-1.0","-0.2","2.7","116.4","5497"
"Alex Avila","Diamondbacks","111","444","367","90","13","1","16","58","64","74","133","1","0","0",".245",".372",".417",".789",".346","0.0","-0.3","2.6","332.8","7476"
"Chris Taylor","Dodgers","147","668","602","170","28","7","20","111","76","61","148","4","18","5",".282",".352",".452",".804",".346","3.0","1.0","3.9","92.7","13757"
"Wil Myers","Padres","153","671","588","151","32","4","29","92","95","73","162","5","19","4",".257",".341",".473",".814",".346","-2.0","1.7","2.5","66.5","10047"
"Robinson Cano","Mariners","154","677","617","178","35","1","26","91","91","51","91","5","2","1",".288",".346",".475",".821",".346","1.0","-0.4","4.2","85.1","3269"
"Nick Castellanos","Tigers","149","641","586","160","38","8","26","81","94","46","139","3","5","3",".273",".326",".498",".824",".346","-8.0","-0.6","1.8","98.6","11737"
"Kyle Seager","Mariners","156","657","586","158","35","1","28","90","99","60","102","7","5","2",".270",".342",".476",".819",".345","5.0","-0.2","4.5","139.4","9785"
"Cesar Hernandez","Phillies","149","678","595","174","24","8","11","103","68","77","119","4","19","6",".292",".376",".415",".791",".345","5.0","0.7","3.9","259.9","10556"
"Yoan Moncada","White Sox","142","635","544","141","26","5","21","96","80","78","183","9","19","3",".259",".359",".441",".800",".345","2.0","2.1","4.1","132.2","17232"
"Aaron Hicks","Yankees","130","535","460","121","20","3","19","68","73","68","97","2","14","4",".263",".357",".443",".800",".344","8.0","0.7","3.8","229.7","5297"
"A.J. Pollock","Diamondbacks","129","590","534","152","35","5","16","96","63","48","89","4","27","5",".285",".346",".459",".805",".344","6.0","2.9","3.4","65.1","9256"
"Derek Fisher","Astros","102","401","355","93","20","4","15","57","59","41","106","3","15","4",".262",".342",".468",".809",".344","1.0","1.1","2.0","396.1","16192"
"Travis Shaw","Brewers","147","634","565","150","32","2","27","82","93","60","144","5","6","1",".265",".339",".473",".812",".343","1.0","0.4","3.0","92.0","11982"
"Ian Happ","Cubs","135","575","509","133","26","4","26","77","86","56","158","3","10","2",".261",".334",".481",".815",".343","1.0","0.8","2.7","131.5","17919"
"Odubel Herrera","Phillies","151","657","599","172","37","5","18","77","84","49","140","7","15","4",".287",".347",".456",".803",".342","6.0","0.9","3.8","212.9","11476"
"Zack Cozart","Angels","134","548","487","131","27","4","20","69","74","53","82","3","4","1",".269",".341",".464",".805",".342","5.0","0.0","3.7","222.1","2616"
"Nomar Mazara","Rangers","152","671","597","161","33","3","26","91","89","60","130","7","4","2",".270",".340",".466",".805",".342","1.0","-0.5","2.3","153.3","14553"
"Matt Chapman","Athletics","151","623","545","132","33","5","29","85","91","68","172","5","5","2",".242",".329",".481",".810",".341","12.0","-0.2","4.7","284.8","16505"
"Lorenzo Cain","Brewers","143","640","577","170","28","4","15","93","73","52","102","7","23","4",".295",".358",".435",".793",".341","5.0","2.5","3.5","86.7","9077"
"Mike Moustakas","Royals","138","580","527","142","26","0","29","82","90","41","89","7","1","1",".269",".328",".484",".811",".341","2.0","-0.6","3.1","130.8","4892"
"Gregory Polanco","Pirates","137","591","530","145","33","4","20","71","80","57","95","1","20","5",".274",".343",".464",".808",".341","7.0","1.5","2.8","152.1","12907"
"Jackie Bradley Jr.","Red Sox","147","590","522","136","27","5","22","76","83","56","129","9","8","2",".261",".341",".458",".799",".340","7.0","0.4","3.6","285.4","12984"
"Dustin Pedroia","Red Sox","120","522","466","140","23","1","9","54","61","52","52","1","4","2",".300",".370",".412",".782",".340","9.0","-0.4","3.4","411.4","8370"
"Eddie Rosario","Twins","149","632","586","166","30","7","25","80","91","39","125","1","10","4",".283",".326",".486",".812",".340","1.0","0.0","2.3","122.1","12155"
"Mike Ford","","75","297","256","66","13","1","11","40","42","37","45","1","0","0",".258",".350",".445",".795",".340","0.0","-0.2","0.7","999.0","0"
"Jason Kipnis","Indians","134","581","518","144","32","3","17","68","74","51","107","6","12","3",".278",".346",".450",".796",".340","0.0","0.8","2.9","249.9","9776"
"Mike Zunino","Mariners","130","520","455","108","25","0","27","75","81","51","168","11","0","0",".237",".327",".470",".797",".340","2.0","-0.3","3.9","157.4","13265"
"Ryan Zimmerman","Nationals","129","540","488","133","23","1","25","74","81","41","115","3","1","0",".273",".328",".477",".805",".339","-3.0","-0.1","0.9","138.1","4220"
"Steve Pearce","Blue Jays","100","406","359","96","16","1","15","51","55","38","76","7","1","1",".267",".347",".443",".790",".339","-5.0","-0.5","0.9","595.2","9957"
"Jean Segura","Mariners","140","631","583","176","31","5","13","94","69","38","93","8","25","6",".302",".352",".439",".791",".339","-2.0","2.0","4.0","76.0","5933"
"Joe Mauer","Twins","131","576","503","149","28","2","7","62","60","68","83","2","4","1",".296",".380",".402",".782",".339","4.0","-0.1","2.0","395.9","1857"
"Curtis Granderson","Blue Jays","107","446","379","89","18","2","20","60","66","59","103","5","4","1",".235",".343",".451",".794",".339","0.0","0.1","1.6","472.9","4747"
"Josh Reddick","Astros","135","554","500","144","28","3","15","64","69","49","69","0","6","1",".288",".348",".446",".794",".339","1.0","0.4","2.4","276.9","3892"
"Trevor Story","Rockies","142","593","528","133","26","5","27","81","88","57","174","5","12","2",".252",".329",".473",".802",".338","2.0","1.2","2.2","117.0","12564"
"Robbie Grossman","Twins","92","362","307","80","16","1","8","45","47","53","65","1","3","1",".261",".370",".397",".768",".338","-3.0","-0.1","0.5","648.6","5254"
"J.P. Crawford","Phillies","140","562","477","124","24","5","11","62","68","82","105","1","11","4",".260",".368",".400",".769",".338","5.0","0.1","3.4","371.6","15491"
"Kevin Kiermaier","Rays","148","646","582","159","24","7","21","79","82","56","124","6","29","7",".273",".342",".447",".789",".338","15.0","2.4","5.2","157.6","11038"
"Ozzie Albies","Braves","146","657","593","170","26","10","15","96","73","54","103","5","29","6",".287",".349",".440",".789",".338","7.0","2.8","3.9","127.2","16556"
"Anthony Alford","Blue Jays","74","324","281","75","16","3","7","37","37","37","62","4","17","3",".267",".358",".420",".778",".338","3.0","1.9","1.9","555.8","14329"
"Ian Desmond","Rockies","144","607","557","160","28","3","19","73","82","42","143","4","21","5",".287",".339",".451",".790",".337","-2.0","1.7","0.7","113.2","6885"
"Clint Frazier","Yankees","69","269","240","63","12","2","11","40","40","23","73","3","4","1",".263",".331",".467",".798",".337","-1.0","0.2","0.9","501.8","15983"
"Ronald Acuna","","120","500","456","126","22","6","16","61","67","34","121","7","22","6",".276",".334",".456",".790",".337","4.0","1.6","2.4","999.0","0"
"Starling Marte","Pirates","141","632","578","168","30","4","16","93","71","33","114","18","40","8",".291",".347",".439",".786",".337","8.0","4.2","3.9","49.9","9241"
"Jay Bruce","Mets","140","598","537","137","28","4","28","78","88","54","130","2","2","1",".255",".323",".479",".801",".336","-2.0","-0.3","1.7","161.3","9892"
"Joc Pederson","Dodgers","120","478","408","97","23","0","19","63","68","61","112","7","5","2",".238",".345",".434",".779",".336","0.0","-0.2","1.6","384.7","11899"
"Didi Gregorius","Yankees","150","618","573","161","31","1","25","79","84","32","80","7","8","2",".281",".324",".469",".793",".335","5.0","0.4","3.9","115.6","6012"
"Nick Delmonico","White Sox","129","542","474","122","23","2","19","67","74","60","101","4","4","1",".257",".343",".435",".778",".335","-1.0","0.0","2.0","447.7","13157"
"Teoscar Hernandez","Blue Jays","92","366","334","87","19","2","16","50","54","26","100","4","5","1",".260",".320",".473",".793",".335","-1.0","0.4","1.2","357.1","13066"
"Tyler Flowers","Braves","105","432","375","101","18","0","11","48","52","39","100","15","0","0",".269",".359",".405",".764",".335","0.0","-0.3","2.4","297.9","9134"
"Kolten Wong","Cardinals","134","531","460","126","23","6","10","61","64","52","78","14","13","3",".274",".362",".415",".777",".334","2.0","1.0","2.6","368.0","12532"
"Joe Panik","Giants","142","640","568","165","30","5","10","87","65","59","58","6","5","1",".290",".359",".414",".773",".334","5.0","0.1","3.4","385.7","11936"
"Colin Moran","Pirates","122","500","453","125","22","2","17","60","64","40","93","3","2","1",".276",".336",".446",".782",".333","0.0","-0.3","2.1","415.8","16909"
"Devon Travis","Blue Jays","111","503","471","138","34","0","13","76","53","27","91","2","8","2",".293",".332",".448",".780",".333","3.0","0.4","2.6","390.5","13862"
"Gleyber Torres","","117","453","405","111","22","4","10","59","58","43","98","3","9","4",".274",".347",".422",".769",".333","3.0","-0.2","2.3","999.0","0"
"Kole Calhoun","Angels","149","627","550","145","26","3","19","73","82","66","117","6","5","2",".264",".346",".425",".772",".333","7.0","-0.3","2.9","285.0","11200"
"Ender Inciarte","Braves","151","684","623","188","29","6","9","94","64","54","82","3","23","7",".302",".358",".411",".769",".333","9.0","1.1","3.7","121.1","4922"
"Scott Schebler","Reds","128","524","471","117","19","5","26","71","75","37","116","13","4","1",".248",".319",".476",".794",".333","2.0","0.1","1.4","290.1","12225"
"J.D. Davis","Astros","39","154","140","36","8","0","7","22","23","11","43","2","1","0",".257",".318",".464",".782",".332","-1.0","0.1","0.6","667.0","16219"
"Yulieski Gurriel","Astros","134","553","518","151","36","1","17","64","69","22","60","6","4","2",".292",".324",".463",".787",".332","-1.0","-0.4","1.4","228.0","19198"
"Miguel Andujar","Yankees","111","434","394","109","21","3","14","58","59","29","70","5","4","1",".277",".329",".452",".781",".332","0.0","0.1","2.0","410.9","15878"
"David Peralta","Diamondbacks","135","592","540","155","26","6","14","66","67","41","104","6","4","1",".287",".341",".435",".776",".332","1.0","0.0","1.2","265.7","2136"
"Maikel Franco","Phillies","143","582","530","139","29","1","26","76","81","44","89","4","3","1",".262",".321",".468",".789",".332","-3.0","-0.1","1.9","235.7","12179"
"Jedd Gyorko","Cardinals","131","540","482","125","23","1","22","68","73","50","115","3","4","2",".259",".330",".448",".778",".332","3.0","-0.4","2.5","351.9","10816"
"Byron Buxton","Twins","146","632","572","153","24","12","19","71","79","50","166","5","35","4",".267",".329",".451",".780",".332","12.0","4.9","4.4","50.9","14161"
"J.T. Realmuto","Marlins","135","587","540","155","30","4","15","64","70","37","103","6","8","2",".287",".337",".441",".778",".332","3.0","0.4","3.6","100.5","11739"
"Max Kepler","Twins","136","550","491","125","25","7","20","67","72","50","106","4","6","1",".255",".325",".456",".782",".330","2.0","0.5","1.7","288.1","12144"
"Bradley Zimmer","Indians","142","566","505","131","25","5","17","67","73","48","153","11","28","5",".259",".336",".430",".765",".330","8.0","3.1","3.5","196.7","16221"
"Kendrys Morales","Blue Jays","126","538","488","128","22","0","23","67","76","41","110","6","1","0",".262",".325",".449",".774",".330","-2.0","-0.1","0.5","305.8","8610"
"Evan Gattis","Astros","112","444","409","106","20","4","21","63","65","27","82","4","0","0",".259",".309",".482",".790",".330","-1.0","-0.2","0.6","140.6","11003"
"Austin Jackson","Giants","117","486","439","124","25","3","9","50","56","42","100","2","7","2",".282",".346",".415",".760",".329","-3.0","0.2","1.5","556.8","9848"
"Yasmani Grandal","Dodgers","101","399","351","83","19","0","19","56","59","44","99","1","0","0",".236",".321",".453",".774",".329","2.0","-0.2","2.5","224.7","11368"
"Jorge Soler","Royals","135","554","489","120","21","1","24","70","74","57","150","5","2","0",".245",".329",".440",".768",".329","-3.0","0.1","0.6","404.7","14221"
"Matt Joyce","Athletics","135","608","514","124","25","1","19","91","69","84","131","5","4","2",".241",".350",".405",".755",".329","-4.0","-0.5","1.5","488.2","3353"
"Russell Martin","Blue Jays","119","480","406","95","17","1","17","58","63","62","107","9","3","2",".234",".346",".406",".752",".329","3.0","-0.6","3.0","314.6","4616"
"Elvis Andrus","Rangers","154","692","636","184","37","4","15","92","73","46","89","3","26","7",".289",".337",".431",".768",".329","-1.0","1.8","3.1","59.7","8709"
"Todd Frazier","Mets","147","614","521","117","22","1","28","80","87","79","132","8","6","2",".225",".332",".432",".764",".329","3.0","0.0","2.9","284.4","785"
"Matt Holliday","","96","384","335","82","16","1","15","49","52","40","84","6","0","0",".245",".333",".433",".766",".328","-2.0","-0.2","0.2","680.0","1873"
"Brett Gardner","Yankees","138","633","553","146","22","4","15","93","61","69","112","7","17","3",".264",".351",".400",".750",".328","4.0","1.7","2.4","179.0","9927"
"Paul DeJong","Cardinals","137","571","527","138","27","2","25","73","79","32","155","8","4","1",".262",".312",".463",".775",".328","1.0","0.1","2.7","150.9","18015"
"Randal Grichuk","Blue Jays","132","541","500","126","26","5","25","70","74","34","153","5","8","3",".252",".305",".474",".779",".327","4.0","0.1","1.9","293.3","10243"
"Kennys Vargas","Twins","74","304","269","67","12","1","12","37","40","31","88","2","0","0",".249",".329",".435",".764",".327","-1.0","-0.2","0.2","627.8","12101"
"Orlando Arcia","Brewers","156","608","556","158","23","5","15","76","76","47","112","2","24","6",".284",".340",".424",".765",".327","1.0","1.9","2.7","183.5","13185"
"Ryon Healy","Mariners","122","493","464","125","27","1","21","62","67","24","110","2","0","0",".269",".306",".468",".774",".327","-2.0","-0.3","0.9","217.9","15447"
"Eduardo Nunez","Red Sox","90","374","354","104","22","1","10","41","45","14","49","3","15","3",".294",".324",".446",".770",".327","-2.0","1.5","1.3","132.6","6848"
"Javier Baez","Cubs","141","571","527","142","26","2","23","71","76","33","146","9","13","3",".269",".322",".457",".780",".327","8.0","1.0","2.8","102.0","12979"
"Ian Kinsler","Angels","144","658","597","161","28","4","19","99","66","50","95","8","13","4",".270",".333",".425",".758",".326","6.0","0.5","3.6","185.6","6195"
"Mitch Moreland","Red Sox","130","533","477","121","30","0","20","64","68","46","111","7","0","0",".254",".326",".442",".769",".326","4.0","-0.3","1.1","405.2","3086"
"Dansby Swanson","Braves","145","582","513","139","26","5","12","60","66","61","116","4","8","2",".271",".351",".411",".762",".326","1.0","0.4","2.6","380.2","18314"
"Manuel Margot","Padres","147","666","609","167","24","10","17","95","68","49","124","3","25","6",".274",".329",".430",".759",".325","8.0","2.0","3.5","142.4","14712"
"Scooter Gennett","Reds","133","551","511","141","23","3","18","63","68","34","114","4","4","2",".276",".325",".438",".763",".325","-3.0","-0.4","1.4","206.4","10339"
"Wilmer Flores","Mets","114","471","432","118","22","0","17","55","60","30","69","4","2","1",".273",".323",".442",".765",".325","-1.0","-0.3","1.5","352.9","5827"
"Ketel Marte","Diamondbacks","137","559","496","132","27","5","12","57","62","56","81","2","17","4",".266",".340",".413",".753",".325","4.0","1.3","2.3","343.0","13613"
"Adam Jones","Orioles","144","627","584","158","24","1","27","77","82","31","116","7","5","1",".271",".313",".454",".766",".324","-9.0","0.2","1.5","147.6","6368"
"Ben Gamel","Mariners","116","443","403","110","20","6","10","56","54","35","92","2","6","2",".273",".332",".427",".759",".324","0.0","0.1","1.3","438.6","12160"
"Jonathan Lucroy","Athletics","130","533","472","129","22","3","11","54","58","52","67","4","2","0",".273",".347",".403",".750",".324","2.0","0.0","3.2","199.3","7870"
"Ben Zobrist","Cubs","130","545","475","125","21","2","12","57","63","64","74","2","4","2",".263",".350",".392",".742",".324","0.0","-0.4","1.3","462.4","7435"
"Yangervis Solarte","Blue Jays","117","470","429","113","23","2","16","54","59","33","56","5","3","1",".263",".321",".438",".760",".323","0.0","-0.1","1.7","276.1","5352"
"C.J. Cron","Rays","110","455","417","110","19","2","18","55","59","26","100","7","3","1",".264",".314",".448",".763",".323","2.0","-0.1","1.1","374.6","12546"
"Blake Swihart","Red Sox","54","211","194","54","10","1","5","26","26","15","46","1","3","1",".278",".332",".418",".749",".323","0.0","0.0","1.1","496.1","13176"
"Addison Russell","Cubs","142","567","508","128","29","2","20","68","73","49","122","7","5","1",".252",".325",".435",".760",".323","9.0","0.3","3.1","263.9","14106"
"Nick Williams","Phillies","122","516","478","128","25","5","17","58","65","29","137","5","8","3",".268",".314",".448",".762",".323","-1.0","0.0","0.8","293.5","14330"
"Whit Merrifield","Royals","151","686","639","182","34","4","17","96","68","36","107","5","32","6",".285",".325",".430",".755",".323","2.0","3.4","3.0","72.8","11281"
"Chris Davis","Orioles","137","578","503","111","19","0","31","77","85","65","181","6","1","0",".221",".315",".443",".758",".322","0.0","-0.1","0.8","246.8","9272"
"Brian McCann","Astros","109","422","371","90","12","1","18","60","59","40","67","7","2","0",".243",".325",".426",".751",".322","-2.0","0.1","2.2","216.3","4810"
"Greg Garcia","Cardinals","92","361","305","81","10","1","3","37","38","49","71","6","3","1",".266",".377",".334",".711",".322","0.0","-0.1","1.2","685.7","10951"
"Jed Lowrie","Athletics","140","622","551","147","35","2","11","69","62","64","96","3","1","0",".267",".344",".397",".742",".321","-3.0","-0.2","2.1","423.2","4418"
"Adam Frazier","Pirates","134","607","549","159","21","5","6","76","50","49","73","6","13","5",".290",".353",".379",".731",".321","-1.0","0.0","1.4","410.4","15223"
"Travis d'Arnaud","Mets","109","440","400","105","19","1","15","50","55","33","79","4","1","0",".263",".323",".428",".750",".321","-3.0","-0.1","1.9","288.3","7739"
"Christian Vazquez","Red Sox","114","414","384","108","22","2","8","55","50","24","76","5","5","1",".281",".331",".411",".742",".320","5.0","0.3","2.6","295.9","9774"
"Jorge Polanco","Twins","141","597","544","147","28","5","15","62","70","45","91","2","14","5",".270",".325",".423",".748",".320","-2.0","0.3","2.2","209.6","13152"
"Asdrubal Cabrera","Mets","129","559","503","135","26","2","14","56","63","46","96","5","4","1",".268",".333",".412",".744",".320","-6.0","0.0","1.4","311.0","4962"
"Hunter Pence","Giants","131","528","483","130","24","3","14","56","61","40","104","2","4","2",".269",".326",".418",".744",".320","2.0","-0.4","1.1","437.8","8252"
"Adam Duvall","Reds","132","564","512","125","28","3","26","69","77","36","152","8","4","1",".244",".300",".463",".763",".320","6.0","0.1","1.4","175.2","10950"
"Marcus Semien","Athletics","148","658","591","149","27","4","21","87","73","63","138","1","17","3",".252",".324",".418",".742",".319","-3.0","1.7","2.8","227.9","12533"
"Luke Voit","Cardinals","70","287","258","66","10","2","10","32","34","21","63","5","0","0",".256",".321",".426",".747",".319","0.0","-0.2","0.2","664.5","14811"
"Salvador Perez","Royals","135","575","544","147","24","1","25","68","77","21","111","6","0","0",".270",".303",".456",".758",".318","3.0","-0.3","3.0","97.2","7304"
"Rougned Odor","Rangers","150","616","571","143","25","5","28","76","80","32","133","9","15","5",".250",".299",".459",".758",".318","-1.0","0.6","1.7","104.8","12282"
"Michael Taylor","Nationals","132","535","495","127","24","3","21","63","67","36","164","2","23","5",".257",".308",".444",".753",".317","10.0","2.2","2.5","224.5","11489"
"Guillermo Heredia","Mariners","94","341","302","82","15","1","5","42","38","26","50","9","4","2",".272",".343",".377",".721",".315","2.0","-0.3","1.0","677.4","18721"
"Josh Harrison","Pirates","139","612","562","156","28","4","11","59","59","31","92","14","14","4",".278",".328",".400",".729",".315","3.0","0.7","2.0","268.3","8202"
"Jason Heyward","Cubs","134","538","483","127","22","3","11","53","58","50","74","3","11","2",".263",".335",".389",".724",".315","13.0","1.0","1.9","411.0","4940"
"Albert Almora Jr.","Cubs","130","529","493","141","26","3","10","50","54","28","85","2","3","1",".286",".323",".412",".735",".315","6.0","-0.2","1.7","376.3","14109"
"Mitch Garver","Twins","56","219","190","47","9","0","5","25","25","25","55","2","1","0",".247",".338",".374",".712",".314","0.0","0.0","0.9","561.2","15161"
"Tim Anderson","White Sox","147","609","584","159","31","9","16","62","68","20","150","4","19","4",".272",".300",".438",".739",".313","2.0","1.8","2.7","196.3","15172"
"Nick Markakis","Braves","148","624","554","150","32","1","8","55","63","62","103","4","1","1",".271",".346",".375",".722",".313","-2.0","-0.6","0.3","439.4","5930"
"Tyler Wade","Yankees","69","248","223","58","9","3","4","31","28","22","57","2","12","3",".260",".331",".381",".712",".311","1.0","1.0","0.9","646.6","15730"
"Brandon Crawford","Giants","154","621","552","141","33","5","14","60","65","55","116","6","5","2",".255",".325",".409",".735",".311","10.0","-0.2","3.1","335.3","5343"
"Troy Tulowitzki","Blue Jays","115","471","429","110","20","0","15","50","53","35","79","4","1","0",".256",".316",".408",".724",".311","2.0","-0.1","1.8","389.3","3531"
"Chase Headley","Padres","116","481","426","111","18","1","9","45","49","46","103","5","4","1",".261",".337",".371",".708",".311","-1.0","0.0","1.2","410.3","4720"
"Starlin Castro","Marlins","144","622","588","165","23","1","18","61","70","26","115","4","5","2",".281",".314",".415",".728",".310","-7.0","-0.2","0.8","281.7","4579"
"Jorge Alfaro","Phillies","111","440","408","102","21","2","16","52","54","20","127","10","2","1",".250",".300",".429",".729",".310","-2.0","-0.3","1.4","243.9","12180"
"Jose Bautista","","98","399","344","78","12","1","14","43","46","48","97","3","2","1",".227",".323",".390",".713",".310","-4.0","-0.3","-0.2","408.2","1887"
"Albert Pujols","Angels","125","528","485","124","17","0","22","61","67","36","77","3","3","1",".256",".309",".427",".736",".310","-2.0","-0.1","0.0","314.5","1177"
"Jacoby Ellsbury","Yankees","100","390","349","92","17","3","5","39","40","35","59","4","17","4",".264",".336",".372",".708",".310","-1.0","1.4","0.9","450.9","4727"
"Yadier Molina","Cardinals","126","519","481","133","25","1","12","50","53","29","67","3","4","1",".277",".318",".407",".725",".310","3.0","0.1","2.3","149.0","7007"
"Andrelton Simmons","Angels","148","622","570","156","29","2","11","57","64","43","58","4","15","3",".274",".326",".389",".716",".309","15.0","1.3","4.0","210.4","10847"
"Kevin Pillar","Blue Jays","140","539","504","133","33","2","13","63","61","26","84","6","16","4",".264",".306",".415",".721",".309","9.0","1.2","2.4","330.9","12434"
"Ezequiel Carrera","Braves","95","361","324","89","9","1","4","38","37","32","85","4","6","1",".275",".346",".346",".692",".309","-3.0","0.5","0.1","659.7","9048"
"Tucker Barnhart","Reds","126","502","446","120","26","1","7","46","50","49","80","3","4","1",".269",".343",".379",".722",".308","7.0","0.1","2.4","324.6","10200"
"Mike Marjama","Mariners","45","164","149","37","9","1","4","21","19","11","31","3","0","0",".248",".311",".403",".714",".308","1.0","-0.1","0.9","724.7","12594"
"Eduardo Escobar","Twins","115","455","418","107","18","3","13","49","52","31","86","3","4","2",".256",".310",".407",".717",".306","-1.0","-0.3","0.9","443.1","6153"
"Dee Gordon","Mariners","152","691","650","195","20","9","2","74","47","32","94","5","57","13",".300",".336",".368",".703",".306","1.0","5.4","2.6","28.6","8203"
"Amed Rosario","Mets","146","582","539","143","22","9","11","53","59","34","140","5","25","7",".265",".313",".401",".713",".306","9.0","1.7","2.8","241.1","15518"
"Carson Kelly","Cardinals","79","311","281","72","13","0","7","32","33","25","48","3","0","0",".256",".322",".377",".699",".305","2.0","-0.2","1.3","530.8","13620"
"Alex Gordon","Royals","135","545","477","115","21","1","12","50","55","51","131","13","4","1",".241",".328",".365",".693",".303","10.0","0.0","1.3","526.6","5209"
"Jake Marisnick","Astros","93","346","316","76","14","2","11","44","41","23","91","5","12","3",".241",".301",".402",".702",".302","2.0","0.9","0.8","534.4","11339"
"Jason Castro","Twins","110","412","364","85","19","1","9","47","44","45","112","2","1","0",".234",".320",".365",".686",".301","1.0","-0.1","1.5","378.6","8722"
"Aledmys Diaz","Blue Jays","75","293","273","71","15","1","7","31","31","15","42","3","2","1",".260",".304",".399",".703",".301","-2.0","-0.2","0.4","479.2","15937"
"Zack Granite","Twins","71","289","257","66","7","3","2","21","23","28","28","2","9","2",".257",".332",".331",".663",".296","3.0","0.7","0.4","639.0","15343"
"Jose Reyes","Mets","99","420","386","100","13","3","7","34","39","31","63","1","14","3",".259",".314",".363",".677",".295","-4.0","1.3","0.3","327.4","1736"
"Ehire Adrianza","Twins","60","219","195","50","7","1","2","22","20","19","33","3","6","2",".256",".329",".333",".662",".295","3.0","0.2","0.6","686.7","8418"
"Jordy Mercer","Pirates","135","529","479","120","20","2","11","51","52","45","79","3","4","3",".251",".318",".370",".687",".293","-1.0","-0.8","0.7","504.7","6547"
"Taylor Motter","Mariners","50","180","162","39","8","0","4","21","19","15","39","1","7","1",".241",".306",".364",".670",".292","-1.0","0.9","0.3","619.9","12399"
"Jose Peraza","Reds","134","566","529","146","15","6","5","41","47","28","72","5","30","8",".276",".316",".355",".672",".292","1.0","2.2","0.9","206.9","13593"
"Raul Mondesi","Royals","125","469","439","110","16","8","10","49","46","23","134","2","29","4",".251",".288",".392",".680",".289","5.0","3.9","1.6","366.3","13769"
"Sandy Leon","Red Sox","66","242","218","51","9","1","5","26","23","20","59","2","0","0",".234",".302",".353",".655",".285","1.0","-0.1","0.6","551.9","5273"
"Martin Maldonado","Angels","115","421","379","86","17","0","11","46","43","29","103","11","1","1",".227",".299",".359",".658",".284","3.0","-0.5","1.4","404.9","6887"
"Billy Hamilton","Reds","137","600","552","140","21","8","3","39","40","44","125","1","59","8",".254",".308",".337",".645",".284","11.0","8.0","1.7","64.9","10199"
"Matt Wieters","Nationals","102","396","362","86","14","1","10","38","38","28","81","2","0","0",".238",".293",".365",".658",".283","0.0","-0.2","0.5","328.2","4298"
"Ronald Torreyes","Yankees","87","318","301","84","10","2","1","27","24","12","36","2","3","1",".279",".308",".336",".644",".281","1.0","0.0","0.2","510.0","11400"
"Alcides Escobar","Royals","144","520","496","125","26","5","5","45","40","16","78","4","10","3",".252",".279",".355",".634",".272","2.0","0.5","0.3","526.0","6310"
