"PlayerName","Team","POS","ADP","IP","mW","mSV","mERA","mWHIP","mSO","mK9","PTS","aPOS","Dollars"
"Clayton Kershaw","Dodgers","SP","4.4","209","$1.8","($0.6)","$3.9","$3.4","$1.7","$0.4","$10.6","$2.8","$15.6"
"Chris Sale","Red Sox","SP","19.9","192","$1.5","($0.6)","$1.7","$2.9","$1.7","$1.7","$8.9","$2.8","$13.7"
"Max Scherzer","Nationals","SP","12.7","207","$1.6","($0.6)","$0.7","$2.1","$1.9","$1.5","$7.3","$2.8","$11.9"
"Noah Syndergaard","Mets","SP","17.7","182","$1.2","($0.6)","$1.9","$1.9","$1.4","$1.0","$6.7","$2.8","$11.2"
"Corey Kluber","Indians","SP","24.5","194","$1.5","($0.6)","$1.2","$2.0","$1.5","$0.5","$6.0","$2.8","$10.4"
"Stephen Strasburg","Nationals","SP","53.7","188","$1.4","($0.6)","$0.4","$0.8","$1.4","$0.3","$3.6","$2.8","$7.8"
"Jacob deGrom","Mets","SP","61.0","203","$1.2","($0.6)","$0.4","$0.7","$1.5","($0.1)","$3.2","$2.8","$7.2"
"Chris Archer","Rays","SP","50.5","196","$1.2","($0.6)","$0.4","$0.6","$1.4","$0.1","$3.1","$2.8","$7.2"
"Craig Kimbrel","Red Sox","RP","87.1","65","($0.4)","$1.5","$1.5","$1.0","($0.2)","$1.7","$5.2","$2.6","$7.1"
"Kenley Jansen","Dodgers","RP","54.0","65","($0.5)","$1.9","$1.2","$1.5","($0.3)","$1.1","$4.9","$2.6","$6.9"
"Luis Severino","Yankees","SP","333.1","188","$1.4","($0.6)","($0.1)","$0.3","$1.3","$0.1","$2.4","$2.8","$6.4"
"Shohei Ohtani","Angels","SP","999.0","148","$0.8","($0.6)","$0.2","$0.0","$0.9","$1.0","$2.3","$2.8","$6.2"
"Carlos Carrasco","Indians","SP","59.9","178","$1.2","($0.6)","$0.2","$0.7","$1.0","($0.5)","$2.1","$2.8","$6.0"
"Aroldis Chapman","Yankees","RP","52.3","65","($0.5)","$1.3","$1.1","$0.5","($0.2)","$1.4","$3.6","$2.6","$5.8"
"Robbie Ray","Diamondbacks","SP","201.8","168","$1.0","($0.6)","($0.4)","($0.7)","$1.3","$1.3","$1.7","$2.8","$5.7"
"Jose Quintana","Cubs","SP","97.2","196","$1.5","($0.6)","$0.4","$0.2","$1.1","($1.2)","$1.4","$2.8","$5.3"
"Andrew Miller","Indians","RP","128.0","65","($0.4)","$0.2","$1.3","$0.9","($0.3)","$1.2","$2.9","$2.6","$5.2"
"Danny Salazar","Indians","SP","119.0","120","$0.4","($0.6)","$0.1","$0.0","$0.5","$0.8","$1.1","$2.8","$4.9"
"Ken Giles","Astros","RP","111.2","65","($0.5)","$1.6","$0.5","$0.3","($0.4)","$0.9","$2.4","$2.6","$4.7"
"Corey Knebel","Brewers","RP","383.8","65","($0.5)","$1.3","$0.5","$0.0","($0.3)","$1.3","$2.3","$2.6","$4.7"
"Edwin Diaz","Mariners","RP","88.7","65","($0.5)","$1.5","$0.5","$0.4","($0.4)","$0.7","$2.2","$2.6","$4.6"
"Felipe Rivero","Pirates","RP","608.9","65","($0.5)","$1.4","$0.9","$0.2","($0.4)","$0.5","$2.1","$2.6","$4.5"
"Yu Darvish","","SP","36.7","179","$1.0","($0.6)","($1.2)","$0.0","$1.2","$0.1","$0.4","$2.8","$4.2"
"Justin Verlander","Astros","SP","43.5","204","$1.5","($0.6)","($2.1)","($0.2)","$1.5","$0.1","$0.2","$2.8","$4.0"
"Rich Hill","Dodgers","SP","130.1","141","$0.7","($0.6)","($0.4)","($0.2)","$0.6","$0.0","$0.2","$2.8","$3.9"
"James Paxton","Mariners","SP","158.0","176","$1.0","($0.6)","$0.0","($0.2)","$0.9","($1.1)","($0.1)","$2.8","$3.6"
"Sean Doolittle","Nationals","RP","391.0","65","($0.5)","$0.8","$0.3","$0.5","($0.5)","$0.3","$1.0","$2.6","$3.6"
"Roberto Osuna","Blue Jays","RP","99.7","65","($0.5)","$1.4","($0.1)","$0.4","($0.5)","$0.2","$0.9","$2.6","$3.5"
"Raisel Iglesias","Reds","RP","198.6","65","($0.6)","$1.5","$0.1","$0.1","($0.5)","$0.3","$0.9","$2.6","$3.5"
"Walker Buehler","Dodgers","SP","999.0","71","($0.3)","($0.6)","$0.6","($0.1)","($0.3)","$0.5","($0.2)","$2.8","$3.4"
"Dellin Betances","Yankees","RP","201.3","55","($0.6)","($0.5)","$0.8","$0.2","($0.4)","$1.3","$0.8","$2.6","$3.4"
"Brad Hand","Padres","RP","531.8","65","($0.6)","$1.3","$0.3","$0.0","($0.5)","$0.2","$0.7","$2.6","$3.3"
"Madison Bumgarner","Giants","SP","14.3","207","$1.1","($0.6)","($0.7)","$0.4","$1.1","($2.1)","($0.7)","$2.8","$2.9"
"Brandon Morrow","Cubs","RP","999.0","65","($0.5)","$1.8","$0.0","($0.1)","($0.6)","($0.3)","$0.2","$2.6","$2.9"
"Aaron Nola","Phillies","SP","191.5","180","$0.9","($0.6)","($0.9)","($0.3)","$1.0","($0.9)","($0.7)","$2.8","$2.9"
"Cody Allen","Indians","RP","123.1","65","($0.5)","$0.8","($0.2)","($0.1)","($0.5)","$0.3","($0.1)","$2.6","$2.6"
"David Price","Red Sox","SP","116.2","180","$1.2","($0.6)","($1.2)","$0.0","$0.9","($1.3)","($1.0)","$2.8","$2.5"
"Ryan Madson","Nationals","RP","254.9","65","($0.5)","$0.3","$0.4","$0.1","($0.6)","($0.2)","($0.4)","$2.6","$2.3"
"Blake Parker","Angels","RP","1002.9","65","($0.5)","$0.1","$0.2","$0.2","($0.5)","$0.1","($0.5)","$2.6","$2.3"
"Luke Weaver","Cardinals","SP","327.7","155","$0.8","($0.6)","($0.8)","($0.3)","$0.6","($1.1)","($1.4)","$2.8","$2.2"
"Justin Wilson","Cubs","RP","759.5","55","($0.6)","($0.5)","$0.5","($0.1)","($0.6)","$0.5","($0.7)","$2.6","$2.1"
"Arodys Vizcaino","Braves","RP","332.6","65","($0.6)","$0.9","($0.2)","($0.5)","($0.5)","$0.2","($0.8)","$2.6","$2.1"
"Wade Davis","Rockies","RP","91.9","65","($0.5)","$1.3","($0.5)","($0.6)","($0.5)","$0.1","($0.8)","$2.6","$2.0"
"Alex Colome","Rays","RP","121.3","65","($0.6)","$1.6","($0.3)","($0.3)","($0.7)","($0.6)","($0.8)","$2.6","$2.0"
"Lance McCullers","Astros","SP","153.1","148","$0.9","($0.6)","($0.5)","($1.4)","$0.6","($0.5)","($1.6)","$2.8","$1.9"
"Chad Green","Yankees","RP","999.0","45","($0.7)","($0.6)","$0.3","$0.4","($0.8)","$0.4","($0.9)","$2.6","$1.9"
"Jeurys Familia","Mets","RP","130.9","65","($0.6)","$1.6","($0.1)","($0.8)","($0.6)","($0.5)","($1.0)","$2.6","$1.9"
"Alex Wood","Dodgers","SP","355.5","140","$0.7","($0.6)","$0.0","($0.5)","$0.3","($1.4)","($1.6)","$2.8","$1.9"
"Cam Bedrosian","Angels","RP","216.4","65","($0.5)","$1.0","($0.2)","($0.5)","($0.6)","($0.2)","($1.0)","$2.6","$1.8"
"Archie Bradley","Diamondbacks","RP","360.4","65","($0.5)","$0.1","$0.1","($0.3)","($0.5)","$0.0","($1.1)","$2.6","$1.8"
"Kelvin Herrera","Royals","RP","115.6","65","($0.6)","$1.4","($0.5)","($0.4)","($0.6)","($0.5)","($1.2)","$2.6","$1.7"
"Mark Melancon","Giants","RP","83.9","65","($0.6)","$0.8","$0.3","($0.2)","($0.7)","($0.9)","($1.2)","$2.6","$1.7"
"Anthony Swarzak","Mets","RP","999.0","65","($0.6)","($0.5)","$0.3","$0.1","($0.6)","($0.1)","($1.3)","$2.6","$1.6"
"Brett Cecil","Cardinals","RP","674.3","65","($0.5)","$0.4","$0.1","($0.2)","($0.6)","($0.4)","($1.3)","$2.6","$1.6"
"David Robertson","Yankees","RP","147.0","65","($0.5)","($0.4)","($0.2)","($0.1)","($0.5)","$0.3","($1.3)","$2.6","$1.6"
"Kirby Yates","Padres","RP","999.0","55","($0.7)","($0.5)","($0.1)","$0.0","($0.6)","$0.5","($1.4)","$2.6","$1.6"
"Carl Edwards Jr.","Cubs","RP","467.0","55","($0.6)","($0.6)","$0.2","($0.5)","($0.5)","$0.7","($1.4)","$2.6","$1.5"
"Zack Greinke","Diamondbacks","SP","99.4","203","$1.2","($0.6)","($1.3)","($0.3)","$1.1","($1.9)","($1.9)","$2.8","$1.5"
"Tyler Lyons","Cardinals","RP","847.2","65","($0.6)","$0.4","($0.3)","($0.1)","($0.6)","($0.3)","($1.4)","$2.6","$1.5"
"Tommy Kahnle","Yankees","RP","999.0","55","($0.6)","($0.5)","$0.0","($0.3)","($0.6)","$0.5","($1.5)","$2.6","$1.4"
"Jeff Samardzija","Giants","SP","196.1","202","$1.1","($0.6)","($1.1)","$0.2","$0.9","($2.6)","($2.1)","$2.8","$1.4"
"Hector Neris","Phillies","RP","226.4","65","($0.6)","$0.7","($0.9)","($0.5)","($0.5)","$0.0","($1.7)","$2.6","$1.3"
"Luiz Gohara","Braves","SP","999.0","130","$0.3","($0.6)","($0.6)","($1.4)","$0.4","($0.2)","($2.2)","$2.8","$1.2"
"Brad Boxberger","Diamondbacks","RP","608.1","65","($0.6)","$1.1","($0.9)","($0.9)","($0.5)","$0.1","($1.8)","$2.6","$1.2"
"Pat Neshek","Phillies","RP","834.4","65","($0.6)","$0.2","($0.6)","$0.1","($0.6)","($0.3)","($1.8)","$2.6","$1.2"
"Zach Britton","Orioles","RP","64.1","40","($0.8)","$0.1","$0.4","($0.4)","($1.0)","($0.3)","($1.8)","$2.6","$1.2"
"Carlos Martinez","Cardinals","SP","60.5","202","$1.3","($0.6)","($0.9)","($1.8)","$1.2","($1.4)","($2.3)","$2.8","$1.1"
"Alex Reyes","Cardinals","SP","809.0","74","($0.2)","($0.6)","($0.5)","($0.8)","($0.4)","$0.2","($2.3)","$2.8","$1.1"
"Josh Hader","Brewers","RP","433.0","55","($0.7)","($0.6)","($0.3)","($0.4)","($0.6)","$0.6","($1.9)","$2.6","$1.1"
"Keone Kela","Rangers","RP","753.0","55","($0.6)","($0.6)","($0.2)","($0.3)","($0.6)","$0.4","($1.9)","$2.6","$1.1"
"Shane Greene","Tigers","RP","871.6","65","($0.6)","$1.1","($0.6)","($0.6)","($0.6)","($0.5)","($2.0)","$2.6","$1.0"
"Drew Steckenrider","Marlins","RP","999.0","55","($0.7)","($0.6)","$0.2","($0.4)","($0.7)","$0.2","($2.0)","$2.6","$1.0"
"Pedro Strop","Cubs","RP","590.4","45","($0.7)","($0.6)","$0.2","($0.2)","($0.8)","$0.1","($2.0)","$2.6","$1.0"
"Mychal Givens","Orioles","RP","598.7","65","($0.6)","($0.1)","($0.6)","($0.4)","($0.5)","$0.1","($2.0)","$2.6","$1.0"
"Chris Devenski","Astros","RP","319.4","65","($0.5)","($0.6)","($0.5)","$0.0","($0.5)","$0.0","($2.1)","$2.6","$0.9"
"Brent Honeywell","Rays","SP","602.2","71","($0.4)","($0.6)","($0.6)","$0.0","($0.5)","($0.4)","($2.5)","$2.8","$0.9"
"Joe Musgrove","Astros","RP","274.4","55","($0.6)","($0.6)","($0.1)","$0.2","($0.8)","($0.3)","($2.3)","$2.6","$0.8"
"Kyle Barraclough","Marlins","RP","304.9","65","($0.6)","$0.1","($0.3)","($1.2)","($0.5)","$0.1","($2.3)","$2.6","$0.8"
"Masahiro Tanaka","Yankees","SP","75.7","176","$1.1","($0.6)","($1.9)","($0.1)","$0.7","($1.8)","($2.6)","$2.8","$0.8"
"Tommy Hunter","Phillies","RP","1009.9","55","($0.7)","($0.5)","($0.1)","($0.1)","($0.7)","($0.2)","($2.3)","$2.6","$0.8"
"Enny Romero","Nationals","RP","996.9","45","($0.7)","($0.6)","($0.1)","($0.3)","($0.8)","$0.1","($2.4)","$2.6","$0.7"
"Luke Gregerson","Cardinals","RP","446.6","55","($0.6)","($0.3)","$0.0","($0.2)","($0.8)","($0.4)","($2.4)","$2.6","$0.6"
"Nick Goody","Indians","RP","904.9","55","($0.6)","($0.5)","($0.6)","($0.2)","($0.7)","$0.1","($2.4)","$2.6","$0.6"
"Juan Nicasio","Mariners","RP","615.5","65","($0.6)","($0.4)","($0.4)","($0.3)","($0.6)","($0.2)","($2.4)","$2.6","$0.6"
"Rex Brothers","Braves","RP","999.0","45","($0.8)","($0.6)","($0.1)","($0.7)","($0.7)","$0.4","($2.5)","$2.6","$0.6"
"Scott Alexander","Dodgers","RP","999.0","65","($0.5)","($0.6)","$0.6","($0.6)","($0.7)","($0.7)","($2.5)","$2.6","$0.5"
"Joe Kelly","Red Sox","RP","658.5","55","($0.6)","($0.6)","($0.1)","($0.4)","($0.7)","($0.2)","($2.6)","$2.6","$0.5"
"Blake Snell","Rays","SP","234.3","157","$0.6","($0.6)","($1.0)","($1.8)","$0.7","($0.8)","($2.8)","$2.8","$0.5"
"Tyler Glasnow","Pirates","SP","268.2","86","($0.1)","($0.6)","($0.9)","($1.3)","($0.2)","$0.2","($2.9)","$2.8","$0.5"
"Phil Maton","Padres","RP","999.0","65","($0.6)","($0.4)","($0.5)","($0.4)","($0.6)","($0.2)","($2.6)","$2.6","$0.5"
"Charlie Morton","Astros","SP","395.5","148","$0.8","($0.6)","($1.3)","($1.4)","$0.5","($0.9)","($2.9)","$2.8","$0.4"
"Jimmie Sherfy","Diamondbacks","RP","999.0","55","($0.7)","($0.6)","($0.4)","($0.4)","($0.7)","$0.0","($2.7)","$2.6","$0.4"
"Jon Lester","Cubs","SP","34.2","195","$1.3","($0.6)","($1.7)","($1.0)","$1.0","($1.9)","($2.9)","$2.8","$0.4"
"Andrew Chafin","Diamondbacks","RP","999.0","55","($0.6)","($0.6)","$0.0","($0.6)","($0.7)","($0.1)","($2.7)","$2.6","$0.4"
"Hector Rondon","Astros","RP","352.1","40","($0.8)","($0.6)","($0.2)","($0.1)","($0.9)","($0.1)","($2.7)","$2.6","$0.4"
"Liam Hendriks","Athletics","RP","789.9","55","($0.7)","($0.6)","($0.3)","($0.2)","($0.7)","($0.2)","($2.8)","$2.6","$0.4"
"James Pazos","Mariners","RP","999.0","45","($0.8)","($0.6)","($0.1)","($0.5)","($0.8)","$0.0","($2.8)","$2.6","$0.4"
"Fernando Rodney","Twins","RP","279.1","65","($0.6)","$1.4","($1.0)","($1.3)","($0.7)","($0.6)","($2.8)","$2.6","$0.3"
"David Phelps","Mariners","RP","338.8","55","($0.7)","($0.6)","($0.3)","($0.4)","($0.7)","($0.2)","($2.8)","$2.6","$0.3"
"Ross Stripling","Dodgers","RP","791.5","55","($0.6)","($0.6)","($0.1)","($0.2)","($0.8)","($0.5)","($2.8)","$2.6","$0.3"
"Jacob Barnes","Brewers","RP","813.1","65","($0.6)","($0.4)","($0.5)","($0.8)","($0.5)","$0.0","($2.8)","$2.6","$0.3"
"Blake Treinen","Athletics","RP","270.6","65","($0.6)","$0.1","($0.2)","($0.9)","($0.7)","($0.6)","($2.9)","$2.6","$0.3"
"Jerry Blevins","Mets","RP","902.9","45","($0.8)","($0.6)","($0.3)","($0.4)","($0.8)","$0.0","($2.9)","$2.6","$0.2"
"Garrett Richards","Angels","SP","217.1","142","$0.6","($0.6)","($0.5)","($1.1)","$0.2","($1.8)","($3.1)","$2.8","$0.2"
"Ryne Stanek","Rays","RP","929.4","45","($0.8)","($0.6)","($0.3)","($0.5)","($0.8)","$0.0","($3.0)","$2.6","$0.2"
"Chaz Roe","Rays","RP","952.9","40","($0.8)","($0.6)","($0.1)","($0.3)","($0.9)","($0.2)","($3.0)","$2.6","$0.2"
"Brad Brach","Orioles","RP","349.9","65","($0.6)","$0.2","($1.0)","($0.8)","($0.6)","($0.2)","($3.0)","$2.6","$0.2"
"Austin Pruitt","Rays","RP","920.9","55","($0.7)","($0.6)","($0.2)","$0.1","($0.8)","($0.8)","($3.0)","$2.6","$0.2"
"Joakim Soria","White Sox","RP","603.5","65","($0.6)","($0.3)","($0.5)","($0.7)","($0.6)","($0.3)","($3.0)","$2.6","$0.2"
"Will Harris","Astros","RP","381.4","55","($0.6)","($0.6)","($0.4)","($0.3)","($0.8)","($0.3)","($3.0)","$2.6","$0.1"
"Koda Glover","Nationals","RP","358.1","55","($0.6)","($0.5)","($0.4)","($0.4)","($0.8)","($0.4)","($3.0)","$2.6","$0.1"
"Joe Smith","Astros","RP","905.8","45","($0.7)","($0.6)","($0.2)","($0.3)","($0.9)","($0.3)","($3.1)","$2.6","$0.1"
"Pedro Baez","Dodgers","RP","616.3","45","($0.8)","($0.6)","($0.4)","($0.3)","($0.9)","($0.2)","($3.1)","$2.6","$0.0"
"Matt Strahm","Padres","RP","999.0","51","($0.7)","($0.6)","($0.5)","($0.5)","($0.8)","($0.1)","($3.1)","$2.6","$0.0"
"Kevin Shackelford","Reds","RP","999.0","45","($0.8)","($0.6)","($0.3)","($0.5)","($0.9)","($0.1)","($3.2)","$2.6","$0.0"
"Justin Grimm","Cubs","RP","987.4","40","($0.8)","($0.6)","($0.4)","($0.5)","($0.9)","$0.0","($3.2)","$2.6","$0.0"
"Daniel Winkler","Braves","RP","999.0","55","($0.7)","($0.6)","($0.5)","($0.6)","($0.7)","($0.1)","($3.2)","$2.6","$0.0"
"Tony Cingrani","Dodgers","RP","644.7","55","($0.7)","($0.6)","($0.5)","($0.7)","($0.7)","($0.1)","($3.2)","$2.6","$0.0"
"Darren O'Day","Orioles","RP","496.8","55","($0.7)","($0.6)","($0.8)","($0.5)","($0.7)","($0.1)","($3.3)","$2.6","($0.1)"
"Tyler Webb","Brewers","RP","999.0","40","($0.8)","($0.6)","($0.4)","($0.4)","($0.9)","($0.1)","($3.3)","$2.6","($0.1)"
"Andrew Kittredge","Rays","RP","999.0","55","($0.7)","($0.6)","($0.4)","($0.3)","($0.8)","($0.5)","($3.3)","$2.6","($0.1)"
"Bryan Shaw","Rockies","RP","747.8","65","($0.6)","($0.3)","($0.6)","($0.8)","($0.6)","($0.4)","($3.3)","$2.6","($0.1)"
"Blake Wood","Angels","RP","999.0","40","($0.8)","($0.6)","($0.2)","($0.5)","($1.0)","($0.3)","($3.4)","$2.6","($0.2)"
"A.J. Ramos","Mets","RP","140.1","55","($0.7)","($0.5)","($0.6)","($0.8)","($0.7)","$0.0","($3.4)","$2.6","($0.2)"
"Luis Castillo","Reds","SP","999.0","144","$0.4","($0.6)","($1.6)","($0.9)","$0.4","($1.1)","($3.4)","$2.8","($0.2)"
"Hunter Strickland","Giants","RP","383.0","55","($0.7)","($0.5)","($0.3)","($0.5)","($0.8)","($0.6)","($3.4)","$2.6","($0.2)"
"Edubray Ramos","Phillies","RP","792.2","45","($0.8)","($0.6)","($0.7)","($0.4)","($0.9)","($0.1)","($3.5)","$2.6","($0.2)"
"Oliver Drake","Brewers","RP","904.9","45","($0.8)","($0.6)","($0.5)","($0.7)","($0.8)","($0.1)","($3.5)","$2.6","($0.2)"
"Gerrit Cole","Pirates","SP","104.7","198","$1.0","($0.6)","($1.8)","($1.0)","$1.0","($2.1)","($3.5)","$2.8","($0.2)"
"Matt Barnes","Red Sox","RP","836.8","45","($0.7)","($0.6)","($0.5)","($0.6)","($0.9)","($0.2)","($3.5)","$2.6","($0.3)"
"Trevor Hildenberger","Twins","RP","999.0","65","($0.6)","($0.5)","($0.4)","($0.5)","($0.7)","($0.8)","($3.5)","$2.6","($0.3)"
"Paul Sewald","Mets","RP","999.0","55","($0.7)","($0.5)","($0.8)","($0.4)","($0.8)","($0.3)","($3.5)","$2.6","($0.3)"
"Steve Cishek","Cubs","RP","631.1","65","($0.6)","($0.5)","($0.6)","($0.7)","($0.6)","($0.5)","($3.5)","$2.6","($0.3)"
"Dominic Leone","Blue Jays","RP","999.0","45","($0.8)","($0.6)","($0.6)","($0.5)","($0.9)","($0.2)","($3.5)","$2.6","($0.3)"
"Carson Smith","Red Sox","RP","895.4","65","($0.5)","($0.4)","($0.4)","($0.9)","($0.7)","($0.6)","($3.5)","$2.6","($0.3)"
"Kenta Maeda","Dodgers","SP","106.5","135","$0.5","($0.6)","($2.1)","($0.4)","$0.3","($1.2)","($3.6)","$2.8","($0.3)"
"Santiago Casilla","Athletics","RP","463.2","65","($0.6)","$0.8","($1.3)","($1.0)","($0.7)","($0.8)","($3.5)","$2.6","($0.3)"
"Addison Reed","","RP","255.2","65","($0.6)","($0.6)","($0.9)","($0.3)","($0.7)","($0.5)","($3.6)","$2.6","($0.3)"
"Keynan Middleton","Angels","RP","813.9","55","($0.7)","($0.6)","($0.6)","($0.5)","($0.8)","($0.4)","($3.6)","$2.6","($0.3)"
"Shawn Kelley","Nationals","RP","326.4","40","($0.8)","($0.6)","($0.6)","($0.3)","($1.0)","($0.2)","($3.6)","$2.6","($0.3)"
"Sam Dyson","Giants","RP","163.9","65","($0.6)","$0.4","($0.2)","($1.2)","($0.8)","($1.3)","($3.6)","$2.6","($0.3)"
"Rafael Montero","Mets","SP/RP","944.9","39","($0.8)","($0.5)","($0.5)","($0.6)","($1.0)","($0.2)","($3.6)","$2.8","($0.4)"
"Jose Torres","Padres","RP","999.0","45","($0.8)","($0.6)","($0.5)","($0.5)","($0.9)","($0.3)","($3.6)","$2.6","($0.4)"
"Samuel Tuivailala","Cardinals","RP","999.0","40","($0.8)","($0.6)","($0.5)","($0.5)","($1.0)","($0.3)","($3.6)","$2.6","($0.4)"
"Tyler Duffey","Twins","RP","703.2","55","($0.7)","($0.6)","($0.6)","($0.3)","($0.8)","($0.7)","($3.6)","$2.6","($0.4)"
"Jose Alvarez","Angels","RP","999.0","45","($0.8)","($0.6)","($0.3)","($0.4)","($1.0)","($0.6)","($3.7)","$2.6","($0.4)"
"Alex Claudio","Rangers","RP","884.9","65","($0.6)","$1.1","($0.7)","($1.1)","($0.9)","($1.6)","($3.7)","$2.6","($0.4)"
"Brian Ellington","Marlins","RP","959.9","40","($0.8)","($0.6)","($0.6)","($0.8)","($0.9)","$0.1","($3.7)","$2.6","($0.4)"
"John Brebbia","Cardinals","RP","999.0","55","($0.7)","($0.3)","($1.0)","($0.4)","($0.8)","($0.5)","($3.7)","$2.6","($0.5)"
"Aaron Loup","Blue Jays","RP","939.9","55","($0.7)","($0.6)","($0.5)","($0.8)","($0.8)","($0.5)","($3.7)","$2.6","($0.5)"
"Ryan Pressly","Twins","RP","771.2","40","($0.8)","($0.6)","($0.5)","($0.5)","($1.0)","($0.4)","($3.8)","$2.6","($0.5)"
"Jake McGee","Rockies","RP","699.1","55","($0.7)","($0.6)","($0.9)","($0.6)","($0.7)","($0.3)","($3.8)","$2.6","($0.5)"
"Steven Matz","Mets","SP","173.3","37","($0.8)","($0.6)","($0.4)","($0.3)","($1.1)","($0.5)","($3.7)","$2.8","($0.5)"
"Randall Delgado","Diamondbacks","RP","853.5","45","($0.8)","($0.6)","($0.7)","($0.5)","($0.9)","($0.3)","($3.8)","$2.6","($0.5)"
"Cory Gearrin","Giants","RP","903.9","55","($0.7)","($0.6)","($0.4)","($0.7)","($0.8)","($0.6)","($3.8)","$2.6","($0.5)"
"Sam Freeman","Braves","RP","999.0","55","($0.7)","($0.6)","($0.4)","($1.1)","($0.7)","($0.3)","($3.8)","$2.6","($0.5)"
"Jake Diekman","Rangers","RP","847.6","55","($0.7)","($0.4)","($0.7)","($1.1)","($0.7)","($0.2)","($3.8)","$2.6","($0.6)"
"Yusmeiro Petit","Athletics","RP","945.8","55","($0.7)","($0.5)","($1.0)","($0.3)","($0.8)","($0.6)","($3.8)","$2.6","($0.6)"
"Jose Ramirez","Braves","RP","999.0","65","($0.6)","$0.2","($1.2)","($1.3)","($0.6)","($0.3)","($3.8)","$2.6","($0.6)"
"Josh Osich","Giants","RP","999.0","45","($0.8)","($0.6)","($0.3)","($0.8)","($0.9)","($0.4)","($3.9)","$2.6","($0.6)"
"Carter Capps","Padres","RP","320.7","40","($0.9)","($0.6)","($0.6)","($0.5)","($1.0)","($0.3)","($3.9)","$2.6","($0.6)"
"Joe Jimenez","Tigers","RP","740.7","40","($0.8)","($0.6)","($0.7)","($0.5)","($1.0)","($0.2)","($3.9)","$2.6","($0.6)"
"Chris Rusin","Rockies","RP","937.3","40","($0.8)","($0.6)","($0.4)","($0.5)","($1.0)","($0.6)","($3.9)","$2.6","($0.6)"
"Dinelson Lamet","Padres","SP","896.0","140","$0.2","($0.6)","($2.2)","($1.9)","$0.6","$0.1","($3.8)","$2.8","($0.6)"
"Adam Morgan","Phillies","RP","939.4","49","($0.7)","($0.6)","($0.9)","($0.3)","($0.9)","($0.5)","($3.9)","$2.6","($0.6)"
"Miles Mikolas","Cardinals","SP","999.0","120","$0.3","($0.6)","($1.7)","($0.3)","$0.0","($1.5)","($3.8)","$2.8","($0.6)"
"Trevor Cahill","","RP","799.2","55","($0.7)","($0.6)","($0.6)","($0.9)","($0.8)","($0.4)","($3.9)","$2.6","($0.6)"
"Jameson Taillon","Pirates","SP","152.6","160","$0.7","($0.6)","($1.4)","($1.1)","$0.5","($1.9)","($3.9)","$2.8","($0.7)"
"Cody Reed","Reds","RP","635.4","38","($0.8)","($0.6)","($0.6)","($0.7)","($1.0)","($0.2)","($3.9)","$2.6","($0.7)"
"Marc Rzepczynski","Mariners","RP","999.0","40","($0.8)","($0.6)","($0.2)","($0.9)","($1.0)","($0.5)","($3.9)","$2.6","($0.7)"
"Taylor Rogers","Twins","RP","956.0","55","($0.7)","($0.5)","($0.6)","($0.6)","($0.8)","($0.7)","($4.0)","$2.6","($0.7)"
"Ryan Tepera","Blue Jays","RP","999.0","65","($0.6)","($0.5)","($1.1)","($0.8)","($0.6)","($0.4)","($4.0)","$2.6","($0.7)"
"Wandy Peralta","Reds","RP","999.0","55","($0.7)","($0.6)","($0.5)","($0.9)","($0.8)","($0.5)","($4.0)","$2.6","($0.7)"
"Steven Brault","Pirates","RP","706.5","48","($0.7)","($0.6)","($0.6)","($0.7)","($0.9)","($0.6)","($4.0)","$2.6","($0.7)"
"Daniel Hudson","Pirates","RP","417.4","65","($0.6)","($0.4)","($0.8)","($1.0)","($0.7)","($0.6)","($4.1)","$2.6","($0.7)"
"Luis Garcia","Phillies","RP","999.0","55","($0.7)","($0.6)","($0.5)","($1.0)","($0.8)","($0.5)","($4.1)","$2.6","($0.8)"
"Michael Lorenzen","Reds","RP","377.1","65","($0.6)","($0.5)","($0.8)","($0.9)","($0.7)","($0.6)","($4.1)","$2.6","($0.8)"
"Tom Koehler","Dodgers","SP/RP","616.0","58","($0.6)","($0.6)","($0.9)","($0.6)","($0.8)","($0.5)","($4.0)","$2.8","($0.8)"
"Anthony Banda","Diamondbacks","SP","920.8","94","($0.2)","($0.6)","($1.2)","($1.1)","($0.2)","($0.6)","($4.0)","$2.8","($0.8)"
"Brian Flynn","Royals","RP","912.0","40","($0.8)","($0.6)","($0.5)","($0.6)","($1.0)","($0.5)","($4.1)","$2.6","($0.8)"
"Craig Stammen","Padres","RP","999.0","55","($0.7)","($0.5)","($0.6)","($0.7)","($0.8)","($0.7)","($4.1)","$2.6","($0.8)"
"Seung Hwan Oh","","RP","76.5","55","($0.7)","($0.6)","($1.2)","($0.4)","($0.8)","($0.5)","($4.2)","$2.6","($0.8)"
"Daniel Stumpf","Tigers","RP","999.0","45","($0.8)","($0.6)","($0.6)","($0.7)","($1.0)","($0.6)","($4.2)","$2.6","($0.9)"
"Emilio Pagan","Athletics","RP","999.0","45","($0.8)","($0.6)","($1.1)","($0.5)","($0.9)","($0.3)","($4.2)","$2.6","($0.9)"
"Luis Avilan","White Sox","RP","979.9","55","($0.7)","($0.5)","($0.7)","($1.2)","($0.8)","($0.3)","($4.2)","$2.6","($0.9)"
"Kyle Crick","Giants","RP","999.0","40","($0.8)","($0.6)","($0.6)","($0.9)","($1.0)","($0.3)","($4.2)","$2.6","($0.9)"
"Chase Whitley","Braves","RP","853.1","40","($0.8)","($0.6)","($0.8)","($0.4)","($1.0)","($0.6)","($4.2)","$2.6","($0.9)"
"Adam Ottavino","Rockies","RP","247.3","55","($0.7)","($0.6)","($1.2)","($1.1)","($0.7)","($0.1)","($4.3)","$2.6","($0.9)"
"Ryan Carpenter","Tigers","RP","999.0","38","($0.8)","($0.6)","($0.8)","($0.4)","($1.1)","($0.6)","($4.3)","$2.6","($0.9)"
"Chih-Wei Hu","Rays","RP","923.5","39","($0.8)","($0.6)","($0.8)","($0.4)","($1.1)","($0.7)","($4.3)","$2.6","($1.0)"
"Danny Barnes","Blue Jays","RP","951.9","55","($0.7)","($0.5)","($1.4)","($0.5)","($0.8)","($0.5)","($4.3)","$2.6","($1.0)"
"Joaquin Benoit","","RP","499.0","40","($0.8)","($0.6)","($0.9)","($0.7)","($1.0)","($0.4)","($4.3)","$2.6","($1.0)"
"Zach Duke","","RP","693.2","45","($0.8)","($0.6)","($0.5)","($0.9)","($1.0)","($0.6)","($4.3)","$2.6","($1.0)"
"Hansel Robles","Mets","RP","856.8","40","($0.9)","($0.6)","($1.0)","($0.7)","($1.0)","($0.3)","($4.4)","$2.6","($1.0)"
"Adam Warren","Yankees","RP","872.0","40","($0.8)","($0.6)","($0.8)","($0.6)","($1.0)","($0.5)","($4.4)","$2.6","($1.0)"
"Dan Otero","Indians","RP","771.6","45","($0.7)","($0.6)","($0.3)","($0.5)","($1.1)","($1.2)","($4.4)","$2.6","($1.0)"
"Jim Johnson","Angels","RP","227.4","55","($0.7)","($0.6)","($0.6)","($0.8)","($0.9)","($0.9)","($4.4)","$2.6","($1.0)"
"Juan Minaya","White Sox","RP","999.0","65","($0.7)","$1.1","($2.0)","($1.5)","($0.7)","($0.7)","($4.4)","$2.6","($1.0)"
"Chris Hatcher","Athletics","RP","999.0","40","($0.8)","($0.6)","($0.9)","($0.6)","($1.0)","($0.4)","($4.4)","$2.6","($1.1)"
"Jarlin Garcia","Marlins","RP","999.0","45","($0.8)","($0.6)","($0.7)","($0.7)","($1.0)","($0.7)","($4.4)","$2.6","($1.1)"
"Austin Brice","Reds","RP","999.0","40","($0.8)","($0.6)","($0.9)","($0.6)","($1.0)","($0.5)","($4.5)","$2.6","($1.1)"
"Jon Gray","Rockies","SP","172.7","190","$1.1","($0.6)","($3.1)","($2.0)","$1.1","($0.9)","($4.3)","$2.8","($1.1)"
"Jack Flaherty","Cardinals","SP","806.9","70","($0.4)","($0.6)","($1.0)","($0.7)","($0.6)","($0.8)","($4.3)","$2.8","($1.1)"
"Wei-Yin Chen","Marlins","SP","327.0","37","($0.8)","($0.6)","($0.7)","($0.3)","($1.1)","($0.7)","($4.3)","$2.8","($1.1)"
"Tyler Olson","Indians","RP","999.0","55","($0.7)","($0.6)","($0.9)","($0.8)","($0.8)","($0.7)","($4.5)","$2.6","($1.1)"
"Matt Andriese","Rays","SP","361.3","44","($0.7)","($0.6)","($0.8)","($0.4)","($1.0)","($0.8)","($4.3)","$2.8","($1.2)"
"George Kontos","Pirates","RP","780.4","40","($0.8)","($0.6)","($0.8)","($0.6)","($1.1)","($0.7)","($4.5)","$2.6","($1.2)"
"Eduardo Rodriguez","Red Sox","SP","292.9","64","($0.4)","($0.6)","($1.3)","($0.7)","($0.7)","($0.6)","($4.3)","$2.8","($1.2)"
"Nick Vincent","Mariners","RP","800.3","55","($0.7)","($0.6)","($1.1)","($0.5)","($0.9)","($0.8)","($4.6)","$2.6","($1.2)"
"Jimmy Nelson","Brewers","SP","564.2","66","($0.5)","($0.6)","($1.3)","($0.9)","($0.6)","($0.5)","($4.4)","$2.8","($1.2)"
"Matt Bush","Rangers","RP","999.0","48","($0.7)","($0.6)","($1.2)","($0.7)","($0.9)","($0.5)","($4.6)","$2.6","($1.2)"
"Dan Jennings","Rays","RP","1032.9","65","($0.6)","($0.4)","($0.5)","($1.3)","($0.8)","($1.2)","($4.6)","$2.6","($1.2)"
"Ryan Buchter","Royals","RP","657.8","55","($0.7)","($0.6)","($1.2)","($0.9)","($0.8)","($0.4)","($4.6)","$2.6","($1.2)"
"Robby Scott","Red Sox","RP","999.9","40","($0.8)","($0.6)","($1.0)","($0.6)","($1.0)","($0.6)","($4.7)","$2.6","($1.3)"
"Brad Ziegler","Marlins","RP","498.5","65","($0.6)","$1.1","($0.7)","($1.6)","($0.9)","($1.9)","($4.7)","$2.6","($1.3)"
"Johnny Barbato","Pirates","RP","999.0","45","($0.8)","($0.6)","($1.0)","($1.0)","($0.9)","($0.5)","($4.7)","$2.6","($1.3)"
"Scott Barlow","Royals","RP","999.0","44","($0.8)","($0.6)","($1.0)","($0.8)","($0.9)","($0.5)","($4.7)","$2.6","($1.3)"
"Tony Barnette","Rangers","RP","890.3","45","($0.8)","($0.6)","($1.0)","($0.8)","($1.0)","($0.6)","($4.7)","$2.6","($1.3)"
"Nick Gardewine","Rangers","RP","999.0","40","($0.8)","($0.6)","($0.9)","($0.8)","($1.0)","($0.5)","($4.8)","$2.6","($1.3)"
"Michael Wacha","Cardinals","SP","293.7","167","$0.9","($0.6)","($1.8)","($1.6)","$0.6","($2.0)","($4.5)","$2.8","($1.4)"
"Aaron Bummer","White Sox","RP","999.0","40","($0.8)","($0.6)","($0.8)","($1.1)","($1.0)","($0.4)","($4.8)","$2.6","($1.4)"
"Matt Bowman","Cardinals","RP","999.0","45","($0.8)","($0.6)","($0.6)","($0.8)","($1.1)","($1.0)","($4.8)","$2.6","($1.4)"
"A.J. Schugel","Pirates","RP","907.9","55","($0.7)","($0.5)","($0.9)","($0.9)","($0.9)","($1.0)","($4.8)","$2.6","($1.4)"
"Brandon Maurer","Royals","RP","230.7","65","($0.6)","($0.5)","($1.3)","($0.8)","($0.7)","($0.9)","($4.8)","$2.6","($1.4)"
"Trevor Bauer","Indians","SP","267.4","171","$0.9","($0.6)","($2.5)","($1.8)","$0.8","($1.3)","($4.6)","$2.8","($1.4)"
"Hyun-Jin Ryu","Dodgers","SP","347.1","133","$0.5","($0.6)","($1.5)","($1.1)","$0.0","($2.0)","($4.6)","$2.8","($1.5)"
"Wily Peralta","Royals","RP","597.8","45","($0.8)","($0.6)","($0.9)","($0.8)","($1.0)","($0.8)","($4.9)","$2.6","($1.5)"
"Brandon Kintzler","Nationals","RP","283.6","55","($0.7)","($0.5)","($0.6)","($0.9)","($1.0)","($1.4)","($5.0)","$2.6","($1.5)"
"Jose Leclerc","Rangers","RP","999.0","65","($0.6)","($0.4)","($1.7)","($1.9)","($0.5)","$0.2","($5.0)","$2.6","($1.5)"
"Brock Stewart","Dodgers","SP","686.5","98","$0.0","($0.6)","($1.8)","($0.9)","($0.3)","($1.1)","($4.7)","$2.8","($1.5)"
"Brandon Workman","Red Sox","RP","999.0","55","($0.7)","($0.6)","($1.3)","($1.0)","($0.8)","($0.6)","($5.0)","$2.6","($1.6)"
"Junichi Tazawa","Marlins","RP","961.5","55","($0.7)","($0.6)","($1.1)","($0.8)","($0.9)","($0.9)","($5.0)","$2.6","($1.6)"
"Dovydas Neverauskas","Pirates","RP","999.0","55","($0.7)","($0.6)","($1.0)","($1.2)","($0.8)","($0.8)","($5.1)","$2.6","($1.6)"
"Zack Godley","Diamondbacks","SP","864.9","113","$0.1","($0.6)","($1.5)","($1.6)","($0.1)","($1.1)","($4.7)","$2.8","($1.7)"
"Sandy Alcantara","Marlins","RP","860.8","38","($0.8)","($0.6)","($1.0)","($1.1)","($1.1)","($0.6)","($5.2)","$2.6","($1.7)"
"Nick Tropeano","Angels","SP","874.2","73","($0.3)","($0.6)","($1.4)","($0.8)","($0.6)","($1.0)","($4.8)","$2.8","($1.7)"
"Danny Farquhar","White Sox","RP","925.5","55","($0.7)","($0.6)","($1.4)","($1.1)","($0.8)","($0.5)","($5.2)","$2.6","($1.7)"
"T.J. McFarland","Diamondbacks","RP","999.0","40","($0.8)","($0.6)","($0.6)","($0.9)","($1.1)","($1.1)","($5.2)","$2.6","($1.7)"
"Jeremy Jeffress","Brewers","RP","430.7","55","($0.7)","($0.6)","($0.9)","($1.3)","($0.9)","($0.9)","($5.2)","$2.6","($1.7)"
"Luke Farrell","Cubs","RP","999.0","36","($0.8)","($0.6)","($1.3)","($0.8)","($1.1)","($0.6)","($5.2)","$2.6","($1.7)"
"Peter Moylan","","RP","999.0","65","($0.6)","($0.6)","($0.9)","($1.2)","($0.8)","($1.2)","($5.3)","$2.6","($1.8)"
"Mike Dunn","Rockies","RP","856.1","45","($0.8)","($0.6)","($1.6)","($1.1)","($0.9)","($0.3)","($5.3)","$2.6","($1.8)"
"Johnny Cueto","Giants","SP","38.7","179","$0.8","($0.6)","($1.5)","($1.1)","$0.5","($3.1)","($4.9)","$2.8","($1.9)"
"Jared Hughes","Reds","RP","972.4","55","($0.7)","($0.6)","($1.0)","($1.2)","($0.9)","($1.1)","($5.5)","$2.6","($1.9)"
"Jayson Aquino","Orioles","RP","763.9","55","($0.7)","($0.6)","($1.2)","($1.0)","($0.9)","($1.1)","($5.5)","$2.6","($2.0)"
"Connor Sadzeck","Rangers","RP","999.0","43","($0.8)","($0.6)","($1.4)","($1.1)","($1.0)","($0.6)","($5.5)","$2.6","($2.0)"
"Matt Shoemaker","Angels","SP","205.2","120","$0.2","($0.6)","($2.1)","($0.6)","($0.1)","($1.8)","($5.1)","$2.8","($2.0)"
"Gregory Infante","White Sox","RP","999.0","45","($0.8)","($0.6)","($1.5)","($1.3)","($0.9)","($0.4)","($5.6)","$2.6","($2.0)"
"Taylor Guerrieri","Blue Jays","RP","999.0","48","($0.7)","($0.6)","($1.2)","($1.0)","($1.0)","($1.1)","($5.6)","$2.6","($2.1)"
"Donnie Hart","Orioles","RP","1026.9","45","($0.8)","($0.6)","($1.2)","($1.0)","($1.0)","($1.0)","($5.6)","$2.6","($2.1)"
"Dallas Keuchel","Astros","SP","133.2","202","$1.5","($0.6)","($1.1)","($2.2)","$0.7","($3.5)","($5.1)","$2.8","($2.1)"
"Jackson Stephens","Reds","RP","999.0","61","($0.6)","($0.6)","($1.7)","($1.0)","($0.8)","($1.0)","($5.7)","$2.6","($2.2)"
"Jake Faria","Rays","SP","990.9","139","$0.3","($0.6)","($2.5)","($1.8)","$0.4","($1.0)","($5.2)","$2.8","($2.2)"
"Jose De Leon","Rays","SP","339.7","137","$0.3","($0.6)","($2.8)","($1.5)","$0.3","($0.9)","($5.3)","$2.8","($2.2)"
"Andrew Heaney","Angels","SP","947.9","136","$0.5","($0.6)","($2.3)","($1.1)","$0.1","($1.9)","($5.3)","$2.8","($2.3)"
"Sean Newcomb","Braves","SP","848.5","153","$0.5","($0.6)","($2.2)","($3.5)","$0.7","($0.3)","($5.4)","$2.8","($2.4)"
"Alex Wilson","Tigers","RP","770.6","65","($0.6)","($0.2)","($1.6)","($1.0)","($0.9)","($1.6)","($6.0)","$2.6","($2.4)"
"Justin Nicolino","Marlins","SP/RP","861.3","44","($0.8)","($0.6)","($0.9)","($0.8)","($1.1)","($1.2)","($5.4)","$2.8","($2.4)"
"Nathan Karns","Royals","SP","397.4","91","($0.3)","($0.6)","($2.2)","($1.3)","($0.3)","($0.9)","($5.5)","$2.8","($2.5)"
"Tyler Beede","Giants","SP","999.0","55","($0.6)","($0.6)","($1.0)","($1.1)","($1.0)","($1.3)","($5.6)","$2.8","($2.6)"
"Tyler Skaggs","Angels","SP","309.8","154","$0.6","($0.6)","($2.2)","($1.6)","$0.3","($2.1)","($5.6)","$2.8","($2.6)"
"Amir Garrett","Reds","SP","629.0","44","($0.8)","($0.6)","($1.5)","($1.2)","($1.0)","($0.6)","($5.6)","$2.8","($2.6)"
"Nick Kingham","Pirates","SP","999.0","65","($0.5)","($0.6)","($1.4)","($0.9)","($0.8)","($1.3)","($5.6)","$2.8","($2.6)"
"Stephen Gonsalves","Twins","SP","999.0","46","($0.7)","($0.6)","($1.6)","($1.0)","($1.0)","($0.7)","($5.6)","$2.8","($2.6)"
"Miguel Almonte","Royals","SP","999.0","37","($0.9)","($0.6)","($1.4)","($1.1)","($1.1)","($0.7)","($5.7)","$2.8","($2.7)"
"Warwick Saupold","Tigers","RP","999.0","55","($0.7)","($0.6)","($1.6)","($1.3)","($1.0)","($1.3)","($6.4)","$2.6","($2.7)"
"Drew VerHagen","Tigers","RP","999.0","55","($0.7)","($0.5)","($1.6)","($1.3)","($1.0)","($1.3)","($6.5)","$2.6","($2.8)"
"Kyle Hendricks","Cubs","SP","70.7","173","$1.0","($0.6)","($2.1)","($1.4)","$0.4","($3.0)","($5.8)","$2.8","($2.8)"
"Junior Guerra","Brewers","SP/RP","276.5","36","($0.9)","($0.6)","($1.6)","($1.1)","($1.1)","($0.6)","($5.8)","$2.8","($2.8)"
"Drew Pomeranz","Red Sox","SP","227.6","163","$0.8","($0.6)","($2.9)","($2.2)","$0.6","($1.5)","($5.8)","$2.8","($2.9)"
"Brandon Finnegan","Reds","SP","302.4","62","($0.6)","($0.6)","($1.9)","($1.6)","($0.7)","($0.5)","($5.8)","$2.8","($2.9)"
"Mike Wright","Orioles","RP","999.0","45","($0.7)","($0.6)","($2.1)","($1.1)","($1.1)","($1.1)","($6.6)","$2.6","($2.9)"
"Carlos Rodon","White Sox","SP","198.0","112","$0.0","($0.6)","($2.4)","($1.9)","$0.0","($0.9)","($5.9)","$2.8","($3.0)"
"Austin Voth","Nationals","RP","999.0","66","($0.5)","($0.6)","($1.9)","($1.4)","($0.8)","($1.4)","($6.7)","$2.6","($3.0)"
"Shawn Morimando","Indians","RP","999.0","62","($0.6)","($0.6)","($2.0)","($1.4)","($0.9)","($1.3)","($6.7)","$2.6","($3.0)"
"Chad Bell","Tigers","RP","999.0","70","($0.5)","($0.6)","($1.8)","($1.6)","($0.8)","($1.4)","($6.7)","$2.6","($3.0)"
"Sal Romano","Reds","SP","763.5","64","($0.5)","($0.6)","($1.6)","($1.2)","($0.8)","($1.2)","($6.0)","$2.8","($3.0)"
"Vince Velasquez","Phillies","SP","184.0","115","$0.1","($0.6)","($3.0)","($1.7)","$0.0","($0.8)","($6.0)","$2.8","($3.1)"
"Marco Gonzales","Mariners","SP","916.7","81","($0.3)","($0.6)","($1.9)","($1.2)","($0.6)","($1.5)","($6.1)","$2.8","($3.2)"
"Brad Peacock","Astros","SP","847.8","135","$0.5","($0.6)","($3.4)","($2.2)","$0.3","($0.8)","($6.2)","$2.8","($3.2)"
"Robbie Erlin","Padres","SP","999.0","74","($0.5)","($0.6)","($1.7)","($1.2)","($0.7)","($1.5)","($6.2)","$2.8","($3.3)"
"Rookie Davis","Reds","SP","756.5","59","($0.6)","($0.6)","($2.0)","($1.0)","($0.9)","($1.1)","($6.3)","$2.8","($3.3)"
"Erick Fedde","Nationals","SP","819.5","92","($0.1)","($0.6)","($1.7)","($1.6)","($0.5)","($1.8)","($6.3)","$2.8","($3.4)"
"Zack Wheeler","Mets","SP","341.6","134","$0.3","($0.6)","($2.4)","($2.2)","$0.2","($1.5)","($6.3)","$2.8","($3.4)"
"A.J. Cole","Nationals","SP","999.0","63","($0.5)","($0.6)","($2.0)","($1.3)","($0.8)","($1.1)","($6.3)","$2.8","($3.4)"
"Bryan Mitchell","Padres","SP","775.3","109","($0.1)","($0.6)","($1.6)","($2.0)","($0.3)","($1.8)","($6.4)","$2.8","($3.5)"
"Patrick Corbin","Diamondbacks","SP","407.5","129","$0.3","($0.6)","($2.2)","($1.9)","$0.0","($2.0)","($6.5)","$2.8","($3.6)"
"Luis Cessa","Yankees","SP/RP","754.4","54","($0.6)","($0.6)","($2.1)","($1.2)","($0.9)","($1.1)","($6.5)","$2.8","($3.7)"
"Jake Arrieta","","SP","27.7","177","$0.8","($0.6)","($2.9)","($2.0)","$0.6","($2.5)","($6.6)","$2.8","($3.7)"
"Yovani Gallardo","Brewers","SP/RP","641.8","54","($0.7)","($0.6)","($1.9)","($1.5)","($0.9)","($1.0)","($6.6)","$2.8","($3.7)"
"Colby Lewis","","SP","716.2","47","($0.8)","($0.6)","($2.1)","($0.9)","($1.1)","($1.3)","($6.6)","$2.8","($3.8)"
"Tyler Chatwood","Cubs","SP","350.4","137","$0.5","($0.6)","($1.7)","($3.0)","$0.1","($2.0)","($6.7)","$2.8","($3.8)"
"Mike Clevinger","Indians","SP","695.5","160","$0.8","($0.6)","($3.6)","($2.6)","$0.6","($1.2)","($6.7)","$2.8","($3.8)"
"Max Fried","Braves","SP","999.0","91","($0.2)","($0.6)","($1.7)","($2.5)","($0.4)","($1.3)","($6.7)","$2.8","($3.9)"
"Conner Greene","Blue Jays","RP","999.0","43","($0.8)","($0.6)","($2.3)","($1.8)","($1.1)","($1.3)","($7.9)","$2.6","($4.0)"
"Mike Minor","Rangers","SP","863.1","120","$0.2","($0.6)","($3.4)","($2.0)","$0.1","($1.1)","($6.9)","$2.8","($4.1)"
"Tyler Mahle","Reds","SP","999.0","110","($0.1)","($0.6)","($3.0)","($1.5)","($0.2)","($1.6)","($6.9)","$2.8","($4.1)"
"Jake Thompson","Phillies","SP","999.0","45","($0.8)","($0.6)","($2.1)","($1.4)","($1.1)","($1.1)","($7.0)","$2.8","($4.2)"
"Marcus Stroman","Blue Jays","SP","124.8","200","$1.2","($0.6)","($2.1)","($2.5)","$0.7","($3.7)","($7.0)","$2.8","($4.2)"
"Nick Pivetta","Phillies","SP","957.9","157","$0.5","($0.6)","($3.8)","($2.4)","$0.6","($1.3)","($7.0)","$2.8","($4.2)"
"Tyler Anderson","Rockies","SP","318.4","144","$0.5","($0.6)","($3.2)","($2.1)","$0.2","($1.9)","($7.1)","$2.8","($4.3)"
"Hisashi Iwakuma","Mariners","SP","244.6","66","($0.5)","($0.6)","($2.2)","($1.1)","($0.9)","($1.8)","($7.1)","$2.8","($4.3)"
"Jose Berrios","Twins","SP","333.4","169","$0.8","($0.6)","($4.0)","($2.1)","$0.6","($1.8)","($7.2)","$2.8","($4.4)"
"Brandon McCarthy","Braves","SP","445.0","156","$0.4","($0.6)","($2.9)","($2.2)","$0.3","($2.3)","($7.3)","$2.8","($4.5)"
"Josh Tomlin","Indians","SP","319.0","92","($0.2)","($0.6)","($2.9)","($0.7)","($0.6)","($2.3)","($7.3)","$2.8","($4.5)"
"Dillon Peters","Marlins","SP","999.0","128","$0.2","($0.6)","($1.7)","($2.3)","($0.2)","($2.7)","($7.3)","$2.8","($4.5)"
"J.A. Happ","Blue Jays","SP","182.1","171","$0.8","($0.6)","($3.6)","($2.0)","$0.5","($2.4)","($7.3)","$2.8","($4.5)"
"Collin McHugh","Astros","SP","276.0","120","$0.3","($0.6)","($3.3)","($1.5)","($0.2)","($2.0)","($7.3)","$2.8","($4.5)"
"Gio Gonzalez","Nationals","SP","271.4","190","$1.1","($0.6)","($3.0)","($3.0)","$0.8","($2.7)","($7.3)","$2.8","($4.6)"
"Chad Kuhl","Pirates","SP","376.4","149","$0.5","($0.6)","($2.9)","($2.5)","$0.3","($2.1)","($7.4)","$2.8","($4.6)"
"Andrew Moore","Mariners","SP","883.6","65","($0.6)","($0.6)","($2.7)","($0.9)","($0.9)","($1.7)","($7.4)","$2.8","($4.6)"
"Danny Duffy","Royals","SP","94.6","180","$0.6","($0.6)","($3.4)","($1.8)","$0.6","($2.8)","($7.4)","$2.8","($4.6)"
"Sonny Gray","Yankees","SP","279.5","186","$1.1","($0.6)","($3.2)","($2.7)","$0.7","($2.8)","($7.5)","$2.8","($4.7)"
"Rick Porcello","Red Sox","SP","96.2","182","$0.9","($0.6)","($4.0)","($1.2)","$0.5","($3.2)","($7.5)","$2.8","($4.8)"
"Mark Leiter","Phillies","SP","999.0","110","$0.0","($0.6)","($3.2)","($1.8)","($0.2)","($1.7)","($7.6)","$2.8","($4.8)"
"Antonio Senzatela","Rockies","SP","719.1","73","($0.4)","($0.6)","($2.7)","($1.8)","($0.7)","($1.4)","($7.7)","$2.8","($4.9)"
"Matt Boyd","Tigers","SP","373.7","106","($0.1)","($0.6)","($3.1)","($1.6)","($0.3)","($1.9)","($7.7)","$2.8","($5.0)"
"Mike Foltynewicz","Braves","SP","285.6","150","$0.3","($0.6)","($3.7)","($2.3)","$0.3","($1.8)","($7.7)","$2.8","($5.0)"
"Michael Kelly","Orioles","SP","999.0","56","($0.7)","($0.6)","($2.7)","($1.8)","($0.9)","($1.1)","($7.7)","$2.8","($5.0)"
"German Marquez","Rockies","SP","787.3","140","$0.4","($0.6)","($3.8)","($2.1)","$0.2","($1.8)","($7.7)","$2.8","($5.0)"
"Paul Blackburn","Athletics","SP","999.0","56","($0.6)","($0.6)","($1.9)","($1.6)","($1.1)","($1.9)","($7.7)","$2.8","($5.0)"
"Tyler Wilson","Orioles","RP","999.0","66","($0.6)","($0.6)","($3.1)","($1.8)","($1.0)","($2.1)","($9.1)","$2.6","($5.0)"
"Jordan Montgomery","Yankees","SP","632.5","163","$0.8","($0.6)","($3.8)","($2.4)","$0.4","($2.2)","($7.8)","$2.8","($5.1)"
"Ryan Borucki","Blue Jays","SP","999.0","83","($0.3)","($0.6)","($2.7)","($1.8)","($0.7)","($1.9)","($7.9)","$2.8","($5.2)"
"Trevor Williams","Pirates","SP","677.5","101","($0.1)","($0.6)","($2.4)","($2.1)","($0.5)","($2.3)","($8.0)","$2.8","($5.3)"
"Jake Odorizzi","Rays","SP","185.7","137","$0.2","($0.6)","($3.9)","($1.8)","$0.1","($2.0)","($8.0)","$2.8","($5.3)"
"JC Ramirez","Angels","SP","985.9","103","$0.0","($0.6)","($2.5)","($1.9)","($0.5)","($2.4)","($8.0)","$2.8","($5.3)"
"Colin Rea","Padres","SP","999.0","109","($0.2)","($0.6)","($2.9)","($2.1)","($0.3)","($2.0)","($8.0)","$2.8","($5.3)"
"Buck Farmer","Tigers","SP","999.0","87","($0.3)","($0.6)","($3.0)","($1.7)","($0.6)","($1.9)","($8.1)","$2.8","($5.4)"
"Robert Gsellman","Mets","SP","284.8","90","($0.3)","($0.6)","($2.3)","($1.9)","($0.7)","($2.3)","($8.1)","$2.8","($5.4)"
"Anthony DeSclafani","Reds","SP","277.0","151","$0.3","($0.6)","($3.9)","($1.8)","$0.3","($2.3)","($8.2)","$2.8","($5.5)"
"Eddie Butler","Cubs","SP","881.6","61","($0.5)","($0.6)","($2.4)","($1.8)","($1.0)","($1.8)","($8.2)","$2.8","($5.5)"
"Michael Fulmer","Tigers","SP","131.7","185","$0.7","($0.6)","($3.1)","($1.9)","$0.5","($3.7)","($8.2)","$2.8","($5.5)"
"Alex Cobb","","SP","270.8","133","$0.3","($0.6)","($2.8)","($1.9)","($0.2)","($3.0)","($8.2)","$2.8","($5.6)"
"Ariel Miranda","Mariners","SP","541.6","100","($0.2)","($0.6)","($3.6)","($1.8)","($0.4)","($1.7)","($8.3)","$2.8","($5.6)"
"Chris Beck","White Sox","RP","999.0","67","($0.7)","($0.6)","($3.4)","($2.5)","($0.9)","($1.7)","($9.8)","$2.6","($5.6)"
"Tanner Roark","Nationals","SP","141.1","171","$0.8","($0.6)","($3.3)","($2.6)","$0.4","($2.9)","($8.3)","$2.8","($5.6)"
"Felix Hernandez","Mariners","SP","120.7","162","$0.6","($0.6)","($3.4)","($2.4)","$0.3","($2.8)","($8.3)","$2.8","($5.6)"
"Eric Skoglund","Royals","SP","999.0","142","$0.2","($0.6)","($3.3)","($2.1)","$0.0","($2.7)","($8.4)","$2.8","($5.8)"
"Andrew Triggs","Athletics","SP","354.2","108","$0.0","($0.6)","($2.9)","($1.9)","($0.4)","($2.5)","($8.4)","$2.8","($5.8)"
"Tyler Danish","White Sox","SP","999.0","47","($0.8)","($0.6)","($2.4)","($1.8)","($1.2)","($1.7)","($8.5)","$2.8","($5.8)"
"Nick Martinez","","SP","999.0","73","($0.5)","($0.6)","($2.9)","($1.6)","($0.9)","($2.1)","($8.5)","$2.8","($5.9)"
"Logan Verrett","Orioles","SP","916.0","45","($0.8)","($0.6)","($3.0)","($1.8)","($1.1)","($1.3)","($8.6)","$2.8","($6.0)"
"Anibal Sanchez","","SP","569.9","161","$0.6","($0.6)","($4.4)","($2.2)","$0.4","($2.4)","($8.7)","$2.8","($6.0)"
"Taijuan Walker","Diamondbacks","SP","235.3","186","$0.8","($0.6)","($4.5)","($2.7)","$0.7","($2.5)","($8.7)","$2.8","($6.1)"
"Sean Manaea","Athletics","SP","189.1","173","$0.7","($0.6)","($3.7)","($2.6)","$0.4","($2.9)","($8.8)","$2.8","($6.2)"
"Seth Lugo","Mets","SP","412.7","137","$0.2","($0.6)","($3.6)","($1.9)","($0.1)","($2.8)","($8.8)","$2.8","($6.2)"
"Jacob Turner","Marlins","SP","999.0","98","($0.3)","($0.6)","($2.8)","($2.5)","($0.5)","($2.1)","($8.8)","$2.8","($6.2)"
"Jharel Cotton","Athletics","SP","229.5","151","$0.4","($0.6)","($4.3)","($2.4)","$0.3","($2.2)","($8.8)","$2.8","($6.2)"
"Kevin Gausman","Orioles","SP","135.3","190","$0.9","($0.6)","($4.8)","($2.7)","$0.8","($2.4)","($8.8)","$2.8","($6.2)"
"Chris Stratton","Giants","SP","999.0","154","$0.5","($0.6)","($2.9)","($2.8)","$0.1","($3.1)","($8.8)","$2.8","($6.3)"
"Mike Montgomery","Cubs","SP","311.1","153","$0.6","($0.6)","($2.7)","($3.5)","$0.1","($2.9)","($8.9)","$2.8","($6.3)"
"Jaime Garcia","","SP","347.9","168","$0.7","($0.6)","($3.0)","($3.1)","$0.3","($3.3)","($9.0)","$2.8","($6.4)"
"Ubaldo Jimenez","","SP","737.3","141","$0.4","($0.6)","($3.9)","($3.0)","$0.2","($2.0)","($9.0)","$2.8","($6.4)"
"Aaron Sanchez","Blue Jays","SP","83.2","130","$0.3","($0.6)","($3.2)","($3.0)","($0.1)","($2.4)","($9.0)","$2.8","($6.5)"
"CC Sabathia","Yankees","SP","379.5","138","$0.4","($0.6)","($3.8)","($2.6)","$0.0","($2.6)","($9.1)","$2.8","($6.6)"
"Clayton Blackburn","Rangers","SP","999.0","93","($0.2)","($0.6)","($3.4)","($2.1)","($0.6)","($2.2)","($9.2)","$2.8","($6.6)"
"Dan Straily","Marlins","SP","304.9","182","$0.6","($0.6)","($4.8)","($2.5)","$0.7","($2.6)","($9.2)","$2.8","($6.7)"
"A.J. Griffin","","SP","744.0","88","($0.4)","($0.6)","($4.2)","($1.8)","($0.6)","($1.7)","($9.2)","$2.8","($6.7)"
"Bartolo Colon","","SP","338.8","90","($0.3)","($0.6)","($3.3)","($1.5)","($0.8)","($2.8)","($9.2)","$2.8","($6.7)"
"Jason Vargas","","SP","604.3","136","$0.3","($0.6)","($3.8)","($2.1)","($0.1)","($2.9)","($9.3)","$2.8","($6.7)"
"Jhoulys Chacin","Brewers","SP","645.6","127","$0.1","($0.6)","($3.7)","($3.0)","($0.1)","($2.1)","($9.3)","$2.8","($6.8)"
"Erasmo Ramirez","Mariners","SP","791.6","126","$0.1","($0.6)","($3.8)","($2.1)","($0.2)","($2.7)","($9.4)","$2.8","($6.9)"
"Aaron Slegers","Twins","SP","999.0","91","($0.2)","($0.6)","($3.3)","($1.9)","($0.7)","($2.6)","($9.4)","$2.8","($6.9)"
"Ben Lively","Phillies","SP","909.5","93","($0.3)","($0.6)","($3.9)","($1.8)","($0.6)","($2.2)","($9.4)","$2.8","($6.9)"
"Clayton Richard","Padres","SP","813.5","191","$0.7","($0.6)","($1.9)","($3.5)","$0.4","($4.6)","($9.6)","$2.8","($7.1)"
"Jakob Junis","Royals","SP","999.0","171","$0.5","($0.6)","($4.8)","($1.9)","$0.4","($3.2)","($9.7)","$2.8","($7.2)"
"Ivan Nova","Pirates","SP","248.8","172","$0.6","($0.6)","($3.6)","($2.2)","$0.2","($4.1)","($9.7)","$2.8","($7.2)"
"Joe Biagini","Blue Jays","SP","999.0","155","$0.5","($0.6)","($3.9)","($2.8)","$0.1","($3.1)","($9.8)","$2.8","($7.3)"
"Steven Wright","Red Sox","SP","298.6","113","$0.0","($0.6)","($3.9)","($2.3)","($0.4)","($2.6)","($9.8)","$2.8","($7.3)"
"Lance Lynn","","SP","267.0","150","$0.4","($0.6)","($4.1)","($3.1)","$0.2","($2.6)","($9.8)","$2.8","($7.4)"
"Chase Anderson","Brewers","SP","738.4","168","$0.4","($0.6)","($5.6)","($2.7)","$0.6","($2.0)","($10.0)","$2.8","($7.5)"
"Phil Hughes","Twins","SP","730.8","91","($0.3)","($0.6)","($4.2)","($1.6)","($0.7)","($2.8)","($10.2)","$2.8","($7.7)"
"Julio Teheran","Braves","SP","95.7","179","$0.5","($0.6)","($4.9)","($2.7)","$0.5","($2.9)","($10.2)","$2.8","($7.8)"
"Jordan Lyles","Padres","SP","999.0","116","($0.1)","($0.6)","($3.5)","($2.9)","($0.3)","($2.7)","($10.2)","$2.8","($7.8)"
"Adam Wainwright","Cardinals","SP","222.4","171","$0.7","($0.6)","($3.6)","($3.0)","$0.2","($4.0)","($10.2)","$2.8","($7.8)"
"Matt Harvey","Mets","SP","158.9","138","$0.1","($0.6)","($4.1)","($2.6)","($0.1)","($3.0)","($10.3)","$2.8","($7.9)"
"Brett Anderson","","SP","497.5","130","$0.3","($0.6)","($2.7)","($3.1)","($0.4)","($3.8)","($10.3)","$2.8","($7.9)"
"Adalberto Mejia","Twins","SP","820.1","156","$0.6","($0.6)","($4.6)","($3.0)","$0.2","($2.9)","($10.3)","$2.8","($7.9)"
"Jerad Eickhoff","Phillies","SP","200.0","159","$0.4","($0.6)","($5.3)","($2.5)","$0.3","($2.7)","($10.4)","$2.8","($8.0)"
"Robert Stephenson","Reds","SP","707.8","147","$0.1","($0.6)","($5.2)","($3.9)","$0.4","($1.2)","($10.4)","$2.8","($8.0)"
"Ty Blach","Giants","SP","627.5","115","($0.1)","($0.6)","($2.7)","($2.3)","($0.7)","($4.1)","($10.5)","$2.8","($8.1)"
"Jeff Hoffman","Rockies","SP","711.4","109","($0.1)","($0.6)","($4.7)","($3.1)","($0.3)","($1.8)","($10.6)","$2.8","($8.2)"
"Chris Bassitt","Athletics","SP","989.9","131","$0.1","($0.6)","($4.1)","($3.0)","($0.2)","($2.8)","($10.6)","$2.8","($8.2)"
"Mike Fiers","Tigers","SP","360.0","145","$0.2","($0.6)","($4.9)","($2.6)","$0.0","($2.9)","($10.7)","$2.8","($8.3)"
"Brandon Woodruff","Brewers","SP","881.9","161","$0.3","($0.6)","($5.1)","($3.2)","$0.4","($2.5)","($10.7)","$2.8","($8.3)"
"Luis Perdomo","Padres","SP","485.7","153","$0.2","($0.6)","($3.2)","($3.5)","$0.0","($3.6)","($10.7)","$2.8","($8.4)"
"Braden Shipley","Diamondbacks","SP","839.7","108","($0.2)","($0.6)","($4.2)","($2.7)","($0.5)","($2.7)","($10.8)","$2.8","($8.5)"
"Wade Miley","Orioles","SP","704.3","143","$0.4","($0.6)","($4.3)","($3.8)","$0.1","($2.7)","($10.9)","$2.8","($8.6)"
"Brent Suter","Brewers","SP","999.0","143","$0.2","($0.6)","($4.6)","($2.7)","($0.1)","($3.2)","($11.0)","$2.8","($8.7)"
"Daniel Norris","Tigers","SP","270.9","167","$0.5","($0.6)","($4.7)","($3.7)","$0.4","($2.9)","($11.1)","$2.8","($8.8)"
"Homer Bailey","Reds","SP","530.2","138","$0.1","($0.6)","($4.6)","($3.1)","($0.1)","($2.9)","($11.1)","$2.8","($8.8)"
"Odrisamer Despaigne","Marlins","SP","999.0","110","($0.2)","($0.6)","($3.7)","($3.1)","($0.5)","($3.1)","($11.2)","$2.8","($9.0)"
"Kyle Gibson","Twins","SP","590.1","168","$0.7","($0.6)","($4.1)","($3.7)","$0.2","($3.8)","($11.3)","$2.8","($9.1)"
"Ricky Nolasco","","SP","368.0","166","$0.5","($0.6)","($5.2)","($2.8)","$0.2","($3.5)","($11.3)","$2.8","($9.1)"
"Marco Estrada","Blue Jays","SP","195.6","183","$0.7","($0.6)","($6.8)","($2.9)","$0.7","($2.5)","($11.4)","$2.8","($9.1)"
"Ervin Santana","Twins","SP","273.6","184","$0.7","($0.6)","($5.5)","($3.0)","$0.5","($3.5)","($11.4)","$2.8","($9.2)"
"Jason Hammel","Royals","SP","293.0","155","$0.2","($0.6)","($5.7)","($2.6)","$0.1","($3.3)","($11.9)","$2.8","($9.7)"
"Alec Asher","Orioles","SP","762.5","90","($0.4)","($0.6)","($5.2)","($2.6)","($0.7)","($2.6)","($12.0)","$2.8","($9.9)"
"Jesse Hahn","Athletics","SP","818.6","134","$0.2","($0.6)","($4.3)","($3.8)","($0.3)","($3.5)","($12.2)","$2.8","($10.1)"
"Cole Hamels","Rangers","SP","76.7","201","$1.0","($0.6)","($5.7)","($4.1)","$0.7","($3.6)","($12.2)","$2.8","($10.1)"
"Ian Kennedy","Royals","SP","223.0","167","$0.3","($0.6)","($6.5)","($3.3)","$0.4","($2.6)","($12.3)","$2.8","($10.1)"
"Reynaldo Lopez","White Sox","SP","999.0","148","$0.1","($0.6)","($6.1)","($3.7)","$0.2","($2.2)","($12.3)","$2.8","($10.1)"
"Dylan Bundy","Orioles","SP","234.8","192","$0.7","($0.6)","($7.3)","($3.3)","$0.7","($2.8)","($12.5)","$2.8","($10.3)"
"Kendall Graveman","Athletics","SP","343.3","151","$0.3","($0.6)","($4.5)","($3.4)","($0.2)","($4.3)","($12.6)","$2.8","($10.5)"
"Mike Leake","Mariners","SP","339.1","186","$0.7","($0.6)","($4.7)","($2.8)","$0.1","($5.5)","($12.7)","$2.8","($10.6)"
"Chad Bettis","Rockies","SP","612.1","119","$0.0","($0.6)","($5.1)","($3.4)","($0.4)","($3.2)","($12.8)","$2.8","($10.7)"
"Jeremy Hellickson","","SP","266.5","128","$0.0","($0.6)","($5.6)","($2.7)","($0.4)","($3.6)","($12.8)","$2.8","($10.7)"
"Andrew Cashner","","SP","627.1","138","$0.2","($0.6)","($4.9)","($3.7)","($0.3)","($3.8)","($13.1)","$2.8","($11.0)"
"Gabriel Ynoa","Orioles","SP","999.0","108","($0.2)","($0.6)","($5.6)","($2.9)","($0.6)","($3.4)","($13.3)","$2.8","($11.3)"
"Martin Perez","Rangers","SP","416.5","135","$0.2","($0.6)","($4.5)","($3.9)","($0.4)","($4.2)","($13.3)","$2.8","($11.3)"
"Adam Conley","Marlins","SP","330.1","144","$0.1","($0.6)","($5.4)","($3.9)","($0.1)","($3.6)","($13.5)","$2.8","($11.5)"
"Doug Fister","Rangers","SP","726.3","168","$0.6","($0.6)","($5.8)","($4.1)","$0.2","($3.8)","($13.5)","$2.8","($11.5)"
"Kyle Freeland","Rockies","SP","915.9","160","$0.5","($0.6)","($5.3)","($4.4)","$0.0","($3.9)","($13.8)","$2.8","($11.8)"
"Zach Davies","Brewers","SP","260.0","176","$0.4","($0.6)","($5.7)","($3.9)","$0.2","($4.3)","($13.8)","$2.8","($11.8)"
"Henderson Alvarez","","SP","951.0","137","$0.2","($0.6)","($4.8)","($3.5)","($0.5)","($4.6)","($13.9)","$2.8","($11.9)"
"Dylan Covey","White Sox","SP","999.0","107","($0.3)","($0.6)","($5.3)","($4.1)","($0.6)","($3.0)","($13.9)","$2.8","($11.9)"
"Jose Urena","Marlins","SP","877.0","169","$0.4","($0.6)","($5.8)","($4.3)","$0.1","($4.1)","($14.3)","$2.8","($12.4)"
"Lucas Giolito","White Sox","SP","317.4","177","$0.3","($0.6)","($6.7)","($5.3)","$0.5","($2.7)","($14.5)","$2.8","($12.6)"
"Matt Moore","Rangers","SP","173.3","157","$0.4","($0.6)","($7.0)","($4.0)","$0.1","($3.3)","($14.5)","$2.8","($12.6)"
"Jordan Zimmermann","Tigers","SP","294.8","168","$0.3","($0.6)","($6.5)","($2.9)","($0.1)","($5.0)","($14.7)","$2.8","($12.8)"
"Chris Tillman","","SP","298.7","158","$0.4","($0.6)","($6.6)","($4.6)","$0.0","($4.0)","($15.3)","$2.8","($13.6)"
"Matt Garza","","SP","865.3","160","$0.4","($0.6)","($6.6)","($4.5)","($0.1)","($4.5)","($15.9)","$2.8","($14.3)"
"James Shields","White Sox","SP","381.3","174","$0.1","($0.6)","($8.8)","($5.3)","$0.3","($3.5)","($17.7)","$2.8","($16.2)"
"Carson Fulmer","White Sox","SP","688.0","147","($0.1)","($0.6)","($8.8)","($6.7)","$0.0","($3.2)","($19.4)","$2.8","($18.1)"
