"PlayerName","Team","POS","ADP","IP","mW","mERA","mWHIP","mK9","mQS","mSVHLD","PTS","aPOS","Dollars"
"Jacob deGrom","NYM","SP","5.6","201","$1.6","$3.6","$3.4","$2.1","$1.6","($0.7)","$11.5","$1.8","$15.1"
"Shane Bieber","CLE","SP","9.8","195","$1.3","$1.5","$2.0","$0.7","$1.4","($0.7)","$6.1","$1.8","$9.1"
"Gerrit Cole","NYY","SP","7.0","201","$1.4","$0.3","$1.9","$1.3","$1.4","($0.7)","$5.5","$1.8","$8.5"
"Yu Darvish","SDP","SP","17.9","189","$1.4","$1.1","$1.5","$0.6","$1.3","($0.7)","$5.1","$1.8","$8.1"
"Max Scherzer","WSN","SP","27.8","179","$1.2","$0.3","$1.5","$1.0","$1.1","($0.7)","$4.4","$1.8","$7.3"
"Carlos Carrasco","NYM","SP","61.6","174","$1.1","$0.8","$0.9","$0.0","$1.1","($0.7)","$3.3","$1.8","$6.0"
"Dinelson Lamet","SDP","SP","91.4","137","$0.8","$0.6","$0.7","$1.0","$0.8","($0.7)","$3.1","$1.8","$5.8"
"Blake Snell","SDP","SP","42.3","151","$1.0","$1.1","$0.3","$0.3","$0.9","($0.7)","$2.9","$1.8","$5.6"
"Edwin Diaz","NYM","RP","74.9","63","($0.3)","$1.1","$0.8","$1.2","($0.4)","$1.2","$3.5","$1.8","$5.3"
"Walker Buehler","LAD","SP","19.5","172","$1.2","$0.3","$0.8","($0.2)","$1.1","($0.7)","$2.4","$1.8","$5.1"
"Tyler Glasnow","TBR","SP","47.2","163","$0.8","$0.2","$0.3","$0.8","$1.0","($0.7)","$2.3","$1.8","$5.0"
"Josh Hader","MIL","RP","58.8","66","($0.3)","$0.7","$0.7","$1.4","($0.4)","$0.7","$2.8","$1.8","$4.7"
"Luis Castillo","CIN","SP","27.6","187","$1.2","$0.3","($0.2)","$0.1","$1.2","($0.7)","$1.9","$1.8","$4.5"
"Brandon Woodruff","MIL","SP","31.9","185","$1.1","$0.2","$0.4","($0.3)","$1.2","($0.7)","$1.8","$1.8","$4.4"
"Trevor Bauer","LAD","SP","14.4","195","$1.4","($0.4)","$0.3","($0.1)","$1.3","($0.7)","$1.7","$1.8","$4.4"
"Aroldis Chapman","NYY","RP","68.5","63","($0.3)","$0.7","$0.3","$0.9","($0.4)","$1.1","$2.2","$1.8","$4.2"
"Clayton Kershaw","LAD","SP","32.4","175","$1.2","$0.5","$0.6","($1.3)","$1.1","($0.7)","$1.5","$1.8","$4.1"
"Liam Hendriks","CHW","RP","55.5","68","($0.3)","$0.4","$0.6","$0.5","($0.4)","$1.0","$1.9","$1.8","$3.8"
"Chris Sale","BOS","SP","286.2","84","$0.1","$0.3","$0.8","$0.5","$0.3","($0.7)","$1.2","$1.8","$3.8"
"Craig Kimbrel","CHC","RP","157.5","65","($0.3)","$0.2","$0.1","$0.9","($0.4)","$1.2","$1.7","$1.8","$3.6"
"Garrett Crochet","CHW","RP","999.0","53","($0.4)","$1.0","$0.5","$1.1","($0.4)","($0.2)","$1.6","$1.8","$3.6"
"Jack Flaherty","STL","SP","29.5","182","$1.0","($0.3)","$0.1","($0.3)","$1.1","($0.7)","$1.0","$1.8","$3.5"
"James Karinchak","CLE","RP","92.5","64","($0.3)","$0.3","($0.2)","$1.0","($0.4)","$1.1","$1.5","$1.8","$3.5"
"Nick Anderson","TBR","RP","150.7","67","($0.3)","$0.5","$0.6","$0.6","($0.4)","$0.5","$1.5","$1.8","$3.5"
"Aaron Nola","PHI","SP","22.5","190","$1.2","($0.3)","($0.4)","($0.5)","$1.2","($0.7)","$0.4","$1.8","$2.9"
"Trevor May","NYM","RP","519.4","64","($0.3)","$0.3","$0.3","$0.6","($0.4)","$0.2","$0.6","$1.8","$2.7"
"Kirby Yates","TOR","RP","129.1","60","($0.4)","$0.1","$0.2","$0.2","($0.4)","$0.9","$0.6","$1.8","$2.7"
"Peter Fairbanks","TBR","RP","428.5","64","($0.4)","$0.4","$0.1","$0.3","($0.4)","$0.5","$0.5","$1.8","$2.6"
"Drew Pomeranz","SDP","RP","204.9","62","($0.3)","$0.2","($0.1)","$0.2","($0.4)","$0.8","$0.4","$1.8","$2.5"
"Ryan Pressly","HOU","RP","108.1","62","($0.4)","$0.1","$0.1","($0.2)","($0.4)","$1.1","$0.4","$1.8","$2.5"
"Devin Williams","MIL","RP","170.7","64","($0.3)","$0.3","($0.2)","$0.5","($0.4)","$0.0","($0.1)","$1.8","$2.1"
"Will Smith","ATL","RP","206.2","64","($0.3)","$0.0","$0.0","$0.2","($0.4)","$0.5","($0.1)","$1.8","$2.1"
"Raisel Iglesias","LAA","RP","84.6","64","($0.4)","($0.3)","$0.0","($0.1)","($0.4)","$1.0","($0.1)","$1.8","$2.0"
"Trevor Rosenthal","OAK","RP","134.2","62","($0.4)","$0.0","($0.5)","$0.3","($0.4)","$0.9","($0.2)","$1.8","$2.0"
"Chad Green","NYY","RP","567.0","63","($0.4)","($0.2)","$0.3","$0.2","($0.4)","$0.2","($0.2)","$1.8","$2.0"
"Austin Adams","SDP","RP","598.4","56","($0.4)","$0.4","($0.1)","$0.3","($0.4)","($0.1)","($0.2)","$1.8","$1.9"
"Kevin Gausman","SFG","SP","138.4","170","$0.9","($0.5)","($0.1)","($1.1)","$1.0","($0.7)","($0.5)","$1.8","$1.9"
"Corbin Burnes","MIL","SP","60.5","139","$0.6","($0.5)","($0.5)","($0.1)","$0.7","($0.7)","($0.6)","$1.8","$1.8"
"Matt Barnes","BOS","RP","206.2","65","($0.3)","($0.3)","($0.6)","$0.3","($0.4)","$1.0","($0.4)","$1.8","$1.8"
"Freddy Peralta","MIL","RP","353.2","95","($0.1)","($0.4)","($0.2)","$0.5","($0.2)","$0.0","($0.4)","$1.8","$1.8"
"Charlie Morton","ATL","SP","120.5","168","$1.1","($0.4)","($0.4)","($1.1)","$0.9","($0.7)","($0.6)","$1.8","$1.8"
"Brad Hand","WSN","RP","106.2","64","($0.4)","($0.4)","($0.1)","$0.0","($0.4)","$0.8","($0.5)","$1.8","$1.7"
"Taylor Rogers","MIN","RP","172.5","64","($0.3)","$0.1","$0.1","($0.2)","($0.4)","$0.4","($0.5)","$1.8","$1.7"
"Brusdar Graterol","LAD","RP","512.3","60","($0.4)","$0.2","($0.1)","($0.3)","($0.4)","$0.4","($0.5)","$1.8","$1.7"
"Jordan Hicks","STL","RP","220.4","50","($0.5)","$0.4","($0.3)","$0.1","($0.4)","$0.1","($0.5)","$1.8","$1.7"
"Diego Castillo","TBR","RP","309.3","65","($0.4)","$0.2","($0.2)","($0.2)","($0.4)","$0.4","($0.6)","$1.8","$1.6"
"Jake McGee","SFG","RP","364.3","63","($0.4)","($0.1)","($0.1)","($0.2)","($0.4)","$0.6","($0.6)","$1.8","$1.6"
"Alex Reyes","STL","RP","369.4","58","($0.4)","($0.1)","($0.5)","$0.2","($0.4)","$0.5","($0.6)","$1.8","$1.6"
"Jose Alvarado","PHI","RP","580.2","56","($0.4)","$0.3","($0.4)","$0.3","($0.4)","$0.0","($0.6)","$1.8","$1.6"
"Jose Leclerc","TEX","RP","269.7","62","($0.4)","($0.4)","($0.5)","$0.4","($0.4)","$0.7","($0.6)","$1.8","$1.6"
"Giovanny Gallegos","STL","RP","256.8","63","($0.4)","($0.1)","$0.1","($0.2)","($0.4)","$0.3","($0.7)","$1.8","$1.5"
"Seth Lugo","NYM","SP/RP","518.8","55","($0.4)","$0.2","$0.2","($0.2)","($0.3)","($0.4)","($0.9)","$1.8","$1.5"
"Jake Diekman","OAK","RP","375.6","67","($0.3)","$0.3","($0.5)","$0.1","($0.4)","$0.1","($0.7)","$1.8","$1.5"
"Chris Martin","ATL","RP","324.0","65","($0.3)","($0.2)","$0.0","($0.5)","($0.4)","$0.6","($0.8)","$1.8","$1.4"
"Tyler Matzek","ATL","RP","589.8","58","($0.4)","$0.0","($0.3)","$0.2","($0.4)","$0.0","($0.9)","$1.8","$1.3"
"Kenley Jansen","LAD","RP","115.8","62","($0.4)","($0.7)","$0.0","($0.3)","($0.4)","$0.9","($0.9)","$1.8","$1.3"
"Blake Treinen","LAD","RP","448.7","66","($0.3)","$0.1","($0.4)","($0.5)","($0.4)","$0.5","($0.9)","$1.8","$1.3"
"Adrian Morejon","SDP","RP","561.1","70","($0.1)","$0.2","($0.2)","($0.1)","$0.0","($0.7)","($0.9)","$1.8","$1.3"
"Emilio Pagan","SDP","RP","475.8","63","($0.4)","($0.4)","$0.1","($0.1)","($0.4)","$0.3","($0.9)","$1.8","$1.3"
"Aaron Bummer","CHW","RP","525.4","62","($0.4)","$0.4","($0.4)","($0.3)","($0.4)","$0.1","($1.0)","$1.8","$1.3"
"Andres Munoz","SEA","RP","595.5","36","($0.6)","$0.1","($0.1)","$0.3","($0.4)","($0.3)","($1.0)","$1.8","$1.3"
"Keone Kela","SDP","RP","582.9","46","($0.5)","$0.1","$0.0","$0.1","($0.4)","($0.4)","($1.0)","$1.8","$1.2"
"Amir Garrett","CIN","RP","247.6","63","($0.4)","($0.5)","($0.6)","$0.2","($0.4)","$0.6","($1.0)","$1.8","$1.2"
"Emmanuel Clase","CLE","RP","490.0","60","($0.4)","$0.0","($0.2)","($0.2)","($0.4)","$0.2","($1.0)","$1.8","$1.2"
"Chris Paddack","SDP","SP","107.3","107","$0.3","($0.5)","$0.2","($0.9)","$0.4","($0.7)","($1.2)","$1.8","$1.2"
"Rafael Montero","SEA","RP","169.7","63","($0.4)","($0.5)","($0.3)","($0.3)","($0.4)","$0.8","($1.1)","$1.8","$1.2"
"Lucas Sims","CIN","RP","417.7","63","($0.4)","($0.6)","($0.3)","$0.3","($0.4)","$0.3","($1.1)","$1.8","$1.1"
"Tanner Rainey","WSN","RP","474.4","62","($0.4)","($0.3)","($0.9)","$0.5","($0.4)","$0.3","($1.2)","$1.8","$1.1"
"Hector Neris","PHI","RP","288.5","65","($0.4)","($0.6)","($0.3)","($0.1)","($0.4)","$0.6","($1.2)","$1.8","$1.1"
"Lucas Giolito","CHW","SP","18.5","172","$0.9","($1.7)","($0.5)","($0.2)","$0.9","($0.7)","($1.3)","$1.8","$1.1"
"Joakim Soria","ARI","RP","269.2","62","($0.4)","($0.5)","($0.4)","($0.4)","($0.4)","$0.8","($1.3)","$1.8","$1.0"
"Tanner Scott","BAL","RP","582.5","65","($0.4)","$0.0","($0.6)","$0.0","($0.4)","$0.1","($1.3)","$1.8","$1.0"
"Miguel Castro","NYM","RP","999.0","62","($0.4)","($0.1)","($0.5)","($0.1)","($0.4)","$0.2","($1.3)","$1.8","$1.0"
"Reyes Moronta","SFG","RP","457.5","58","($0.4)","($0.3)","($0.6)","$0.0","($0.4)","$0.4","($1.4)","$1.8","$0.9"
"Noah Syndergaard","NYM","SP","342.7","95","$0.2","($0.4)","$0.1","($0.9)","$0.4","($0.7)","($1.4)","$1.8","$0.9"
"Josh James","HOU","RP","598.2","42","($0.5)","($0.1)","($0.2)","$0.3","($0.4)","($0.5)","($1.4)","$1.8","$0.9"
"Richard Rodriguez","PIT","RP","197.1","65","($0.4)","($0.7)","($0.3)","($0.4)","($0.4)","$0.8","($1.4)","$1.8","$0.9"
"Framber Valdez","HOU","SP","115.8","102","$0.3","$0.2","($0.7)","($1.0)","$0.5","($0.7)","($1.5)","$1.8","$0.8"
"Luis Severino","NYY","SP","448.7","83","$0.0","($0.5)","$0.0","($0.5)","$0.2","($0.7)","($1.5)","$1.8","$0.8"
"Pierce Johnson","SDP","RP","597.7","60","($0.4)","($0.3)","($0.4)","($0.1)","($0.4)","$0.2","($1.5)","$1.8","$0.8"
"Victor Gonzalez","LAD","RP","999.0","58","($0.4)","$0.0","($0.3)","($0.5)","($0.4)","$0.1","($1.5)","$1.8","$0.8"
"Jonathan Loaisiga","NYY","RP","583.9","52","($0.5)","($0.2)","($0.1)","($0.1)","($0.4)","($0.2)","($1.5)","$1.8","$0.8"
"Drew Rasmussen","MIL","RP","999.0","62","($0.3)","($0.1)","($0.4)","$0.1","($0.3)","($0.5)","($1.5)","$1.8","$0.8"
"Jesus Luzardo","OAK","SP","106.2","151","$0.7","($0.5)","($0.3)","($1.5)","$0.8","($0.7)","($1.6)","$1.8","$0.8"
"A.J. Puk","OAK","SP","392.9","104","$0.1","($0.4)","($0.5)","($0.3)","$0.2","($0.7)","($1.6)","$1.8","$0.7"
"Dellin Betances","NYM","RP","600.7","58","($0.4)","($0.2)","($0.5)","($0.1)","($0.4)","$0.1","($1.6)","$1.8","$0.7"
"Sam Selman","SFG","RP","999.0","50","($0.5)","($0.1)","($0.4)","$0.0","($0.4)","($0.2)","($1.6)","$1.8","$0.7"
"Tony Gonsolin","LAD","SP","257.4","98","$0.1","($0.7)","($0.1)","($0.5)","$0.0","($0.4)","($1.6)","$1.8","$0.7"
"Corey Knebel","LAD","RP","564.2","56","($0.4)","($0.4)","($0.4)","$0.0","($0.4)","$0.0","($1.6)","$1.8","$0.7"
"Andrew Chafin","CHC","RP","999.0","62","($0.4)","($0.1)","($0.6)","($0.3)","($0.4)","$0.1","($1.7)","$1.8","$0.7"
"Joe Musgrove","SDP","SP","127.0","169","$1.0","($0.8)","($0.1)","($1.9)","$0.9","($0.7)","($1.7)","$1.8","$0.6"
"Brent Suter","MIL","RP","551.2","62","($0.4)","($0.3)","$0.0","($0.7)","($0.4)","$0.1","($1.7)","$1.8","$0.6"
"Aaron Loup","NYM","RP","999.0","52","($0.5)","$0.0","($0.3)","($0.4)","($0.4)","($0.2)","($1.7)","$1.8","$0.6"
"Jordan Romano","TOR","RP","406.1","62","($0.4)","($0.5)","($0.3)","($0.4)","($0.4)","$0.2","($1.7)","$1.8","$0.6"
"Dustin May","LAD","SP","217.6","99","$0.2","($0.1)","($0.2)","($1.1)","$0.1","($0.7)","($1.7)","$1.8","$0.6"
"Matt Wisler","SFG","RP","585.5","62","($0.4)","($0.5)","($0.2)","($0.5)","($0.4)","$0.2","($1.7)","$1.8","$0.6"
"Kevin Ginkel","ARI","RP","596.7","56","($0.5)","($0.5)","($0.4)","$0.0","($0.4)","$0.0","($1.8)","$1.8","$0.5"
"Ray Black","MIL","RP","600.8","46","($0.5)","($0.3)","($0.3)","$0.2","($0.4)","($0.4)","($1.8)","$1.8","$0.5"
"Drew Smyly","ATL","SP","231.6","134","$0.6","($1.6)","($0.7)","$0.0","$0.5","($0.7)","($1.8)","$1.8","$0.5"
"Tim Hill","SDP","RP","999.0","55","($0.4)","$0.1","($0.3)","($0.7)","($0.4)","($0.2)","($1.8)","$1.8","$0.5"
"A.J. Minter","ATL","RP","552.9","60","($0.4)","($0.4)","($0.6)","($0.3)","($0.4)","$0.2","($1.9)","$1.8","$0.5"
"Felix Pena","LAA","RP","600.2","60","($0.4)","($0.6)","($0.2)","($0.5)","($0.4)","$0.2","($1.9)","$1.8","$0.5"
"Tyler Duffey","MIN","RP","558.9","62","($0.4)","($0.5)","($0.3)","($0.5)","($0.4)","$0.2","($1.9)","$1.8","$0.4"
"Scott Barlow","KCR","RP","559.8","65","($0.4)","($0.5)","($0.5)","($0.3)","($0.4)","$0.2","($1.9)","$1.8","$0.4"
"Genesis Cabrera","STL","RP","594.8","38","($0.6)","($0.1)","($0.3)","($0.1)","($0.4)","($0.6)","($2.0)","$1.8","$0.4"
"Josh Staumont","KCR","RP","484.2","63","($0.4)","($0.7)","($0.9)","$0.1","($0.4)","$0.4","($2.0)","$1.8","$0.4"
"Cody Reed","TBR","RP","999.0","44","($0.5)","$0.0","($0.2)","($0.3)","($0.4)","($0.5)","($2.0)","$1.8","$0.4"
"David Robertson","","RP","599.7","47","($0.5)","($0.2)","($0.2)","$0.0","($0.4)","($0.7)","($2.0)","$1.8","$0.3"
"Justin Topa","MIL","RP","999.0","55","($0.4)","($0.3)","($0.2)","($0.4)","($0.4)","($0.2)","($2.0)","$1.8","$0.3"
"Anthony Misiewicz","SEA","RP","999.0","62","($0.4)","($0.5)","($0.2)","($0.7)","($0.4)","$0.1","($2.0)","$1.8","$0.3"
"Yimi Garcia","MIA","RP","362.2","63","($0.4)","($0.8)","($0.3)","($0.6)","($0.4)","$0.4","($2.0)","$1.8","$0.3"
"Joe Kelly","LAD","RP","599.2","54","($0.4)","($0.1)","($0.6)","($0.4)","($0.4)","($0.1)","($2.1)","$1.8","$0.3"
"Matt Strahm","SDP","RP","600.7","44","($0.5)","($0.3)","$0.0","($0.4)","($0.4)","($0.5)","($2.1)","$1.8","$0.3"
"Taylor Widener","ARI","RP","600.5","47","($0.5)","($0.5)","($0.3)","($0.2)","($0.4)","($0.3)","($2.1)","$1.8","$0.2"
"Taylor Hearn","TEX","RP","600.9","57","($0.5)","($0.6)","($0.5)","$0.0","($0.4)","($0.1)","($2.1)","$1.8","$0.2"
"Phil Maton","CLE","RP","600.7","58","($0.4)","($0.6)","($0.3)","($0.3)","($0.4)","$0.0","($2.1)","$1.8","$0.2"
"Connor Brogdon","PHI","RP","999.0","52","($0.5)","($0.7)","($0.3)","($0.1)","($0.4)","($0.2)","($2.2)","$1.8","$0.2"
"Zac Gallen","ARI","SP","39.8","165","$0.7","($1.4)","($0.8)","($0.7)","$0.9","($0.7)","($2.1)","$1.8","$0.2"
"Zack Britton","NYY","RP","380.9","64","($0.3)","$0.2","($1.0)","($0.9)","($0.4)","$0.2","($2.2)","$1.8","$0.2"
"David Price","LAD","SP","188.3","126","$0.6","($1.0)","($0.5)","($1.0)","$0.5","($0.7)","($2.1)","$1.8","$0.2"
"Brandon Workman","CHC","RP","554.4","58","($0.4)","($0.5)","($0.8)","($0.2)","($0.4)","$0.2","($2.2)","$1.8","$0.1"
"Lance McCullers Jr.","HOU","SP","120.2","161","$0.9","($0.5)","($1.0)","($1.7)","$0.9","($0.7)","($2.1)","$1.8","$0.1"
"Anthony Bass","MIA","RP","292.1","63","($0.4)","($0.4)","($0.7)","($1.0)","($0.4)","$0.6","($2.3)","$1.8","$0.1"
"Ryne Stanek","HOU","RP","600.8","48","($0.5)","($0.6)","($0.4)","($0.1)","($0.4)","($0.4)","($2.3)","$1.8","$0.1"
"Erik Swanson","SEA","RP","999.0","46","($0.5)","($0.6)","($0.1)","($0.3)","($0.4)","($0.4)","($2.3)","$1.8","$0.0"
"Daniel Bard","COL","RP","285.9","63","($0.4)","($1.2)","($0.9)","($0.2)","($0.4)","$0.7","($2.4)","$1.8","$0.0"
"Jeurys Familia","NYM","RP","601.0","56","($0.4)","($0.3)","($0.8)","($0.4)","($0.4)","($0.1)","($2.4)","$1.8","$0.0"
"Will Harris","WSN","RP","599.8","60","($0.4)","($0.5)","($0.5)","($0.7)","($0.4)","$0.1","($2.4)","$1.8","$0.0"
"David Phelps","TOR","RP","999.0","58","($0.4)","($0.6)","($0.5)","($0.3)","($0.4)","($0.1)","($2.4)","$1.8","$0.0"
"Rafael Dolis","TOR","RP","556.9","65","($0.4)","($0.7)","($0.7)","($0.4)","($0.4)","$0.2","($2.4)","$1.8","$0.0"
"Paul Fry","BAL","RP","999.0","58","($0.4)","($0.3)","($0.7)","($0.5)","($0.4)","($0.1)","($2.4)","$1.8","$0.0"
"Julian Merryweather","TOR","RP","598.9","53","($0.4)","($0.4)","($0.4)","($0.3)","($0.3)","($0.5)","($2.4)","$1.8","$0.0"
"Enoli Paredes","HOU","RP","999.0","58","($0.4)","($0.6)","($0.7)","($0.3)","($0.4)","$0.0","($2.4)","$1.8","$0.0"
"Ty Buttrey","LAA","RP","599.6","59","($0.4)","($0.6)","($0.4)","($0.6)","($0.4)","$0.0","($2.4)","$1.8","$0.0"
"Andrew Miller","STL","RP","579.8","63","($0.4)","($0.6)","($0.7)","($0.6)","($0.4)","$0.1","($2.5)","$1.8","($0.1)"
"Collin McHugh","TBR","RP","596.6","67","($0.4)","($0.8)","($0.4)","($0.5)","($0.3)","($0.1)","($2.5)","$1.8","($0.1)"
"Sean Newcomb","ATL","RP","999.0","44","($0.5)","($0.4)","($0.5)","($0.3)","($0.4)","($0.4)","($2.5)","$1.8","($0.1)"
"Archie Bradley","PHI","RP","250.8","67","($0.4)","($0.9)","($0.7)","($0.6)","($0.4)","$0.4","($2.5)","$1.8","($0.1)"
"Justin Wilson","NYY","RP","601.0","60","($0.4)","($0.7)","($0.8)","($0.2)","($0.4)","$0.0","($2.6)","$1.8","($0.2)"
"James Paxton","SEA","SP","236.0","133","$0.4","($1.2)","($0.3)","($1.1)","$0.5","($0.7)","($2.4)","$1.8","($0.2)"
"Darwinzon Hernandez","BOS","RP","585.7","53","($0.5)","($0.7)","($1.1)","$0.2","($0.4)","($0.1)","($2.6)","$1.8","($0.2)"
"Jason Adam","CHC","RP","600.7","54","($0.5)","($0.9)","($0.6)","($0.2)","($0.4)","($0.1)","($2.6)","$1.8","($0.2)"
"Codi Heuer","CHW","RP","999.0","58","($0.4)","($0.5)","($0.6)","($0.6)","($0.4)","$0.0","($2.6)","$1.8","($0.2)"
"Daniel Hudson","WSN","RP","529.5","61","($0.4)","($1.1)","($0.7)","($0.3)","($0.4)","$0.4","($2.6)","$1.8","($0.2)"
"Jonathan Hernandez","TEX","RP","425.6","64","($0.4)","($0.8)","($0.8)","($0.5)","($0.4)","$0.3","($2.6)","$1.8","($0.2)"
"J.B. Wendelken","OAK","RP","551.8","56","($0.5)","($0.6)","($0.5)","($0.5)","($0.4)","($0.2)","($2.6)","$1.8","($0.2)"
"Kyle Finnegan","WSN","RP","999.0","42","($0.6)","($0.4)","($0.6)","($0.3)","($0.4)","($0.4)","($2.6)","$1.8","($0.2)"
"Jacob Barnes","NYM","RP","999.0","38","($0.6)","($0.3)","($0.4)","($0.3)","($0.4)","($0.5)","($2.6)","$1.8","($0.2)"
"Jesse Hahn","KCR","RP","596.9","56","($0.5)","($0.6)","($0.6)","($0.7)","($0.4)","$0.2","($2.6)","$1.8","($0.2)"
"Ryan Helsley","STL","RP","600.6","56","($0.5)","($0.8)","($0.7)","($0.4)","($0.4)","$0.0","($2.7)","$1.8","($0.3)"
"Jeff Hoffman","CIN","RP","600.3","65","($0.4)","($1.1)","($0.5)","($0.3)","($0.3)","($0.1)","($2.7)","$1.8","($0.3)"
"Sonny Gray","CIN","SP","70.0","168","$0.9","($1.3)","($1.5)","($0.7)","$0.9","($0.7)","($2.5)","$1.8","($0.3)"
"JoJo Romero","PHI","RP","999.0","42","($0.5)","($0.3)","($0.4)","($0.5)","($0.4)","($0.5)","($2.7)","$1.8","($0.3)"
"Rowan Wick","CHC","RP","549.9","50","($0.5)","($0.6)","($0.6)","($0.4)","($0.4)","($0.2)","($2.7)","$1.8","($0.3)"
"Joe Smith","HOU","RP","999.0","56","($0.4)","($0.6)","($0.4)","($0.8)","($0.4)","($0.1)","($2.7)","$1.8","($0.3)"
"Ryan Brasier","BOS","RP","600.9","58","($0.4)","($1.0)","($0.5)","($0.4)","($0.4)","$0.0","($2.7)","$1.8","($0.3)"
"Ryan Tepera","CHC","RP","600.5","56","($0.4)","($0.8)","($0.7)","($0.5)","($0.4)","$0.0","($2.7)","$1.8","($0.3)"
"Sam Howard","PIT","RP","999.0","38","($0.6)","($0.4)","($0.4)","($0.3)","($0.4)","($0.6)","($2.7)","$1.8","($0.3)"
"Mark Melancon","SDP","RP","247.6","60","($0.4)","($0.3)","($0.7)","($1.2)","($0.4)","$0.2","($2.7)","$1.8","($0.3)"
"David Bednar","PIT","RP","999.0","46","($0.5)","($0.6)","($0.6)","($0.4)","($0.4)","($0.3)","($2.8)","$1.8","($0.3)"
"Keynan Middleton","SEA","RP","600.4","56","($0.5)","($0.9)","($0.6)","($0.2)","($0.4)","($0.1)","($2.8)","$1.8","($0.3)"
"Patrick Sandoval","LAA","SP","587.9","37","($0.5)","($0.3)","($0.3)","($0.4)","($0.3)","($0.7)","($2.6)","$1.8","($0.3)"
"Luke Jackson","ATL","RP","600.5","38","($0.6)","($0.4)","($0.5)","($0.4)","($0.4)","($0.5)","($2.8)","$1.8","($0.4)"
"Ryan Borucki","TOR","RP","600.7","56","($0.4)","($0.6)","($0.6)","($0.6)","($0.4)","($0.2)","($2.8)","$1.8","($0.4)"
"Michael Feliz","PIT","RP","999.0","60","($0.5)","($1.1)","($0.8)","($0.3)","($0.4)","$0.2","($2.8)","$1.8","($0.4)"
"Brooks Raley","HOU","RP","999.0","54","($0.5)","($0.7)","($0.4)","($0.7)","($0.4)","($0.2)","($2.9)","$1.8","($0.4)"
"Evan Marshall","CHW","RP","599.7","60","($0.4)","($0.7)","($0.7)","($0.8)","($0.4)","$0.1","($2.9)","$1.8","($0.4)"
"John Curtiss","MIA","RP","600.2","59","($0.5)","($0.7)","($0.7)","($0.5)","($0.4)","$0.0","($2.9)","$1.8","($0.4)"
"Joely Rodriguez","TEX","RP","592.4","63","($0.4)","($0.6)","($0.9)","($0.7)","($0.4)","$0.1","($2.9)","$1.8","($0.4)"
"Stephen Strasburg","WSN","SP","70.0","163","$0.8","($1.6)","($0.6)","($1.4)","$0.8","($0.7)","($2.7)","$1.8","($0.5)"
"Cody Stashak","MIN","RP","600.5","58","($0.4)","($1.1)","($0.3)","($0.6)","($0.4)","$0.0","($2.9)","$1.8","($0.5)"
"Craig Stammen","SDP","RP","600.3","38","($0.6)","($0.3)","($0.3)","($0.6)","($0.4)","($0.7)","($2.9)","$1.8","($0.5)"
"Chris Stratton","PIT","RP","599.1","64","($0.4)","($0.8)","($0.7)","($0.8)","($0.4)","$0.1","($2.9)","$1.8","($0.5)"
"Brett Martin","TEX","RP","999.0","58","($0.5)","($0.5)","($0.7)","($0.8)","($0.4)","($0.1)","($2.9)","$1.8","($0.5)"
"Josh Taylor","BOS","RP","999.0","42","($0.6)","($0.6)","($0.6)","($0.3)","($0.4)","($0.5)","($2.9)","$1.8","($0.5)"
"Gregory Soto","DET","RP","504.5","63","($0.4)","($0.8)","($1.1)","($0.6)","($0.4)","$0.3","($3.0)","$1.8","($0.5)"
"Hunter Harvey","BAL","RP","315.0","63","($0.4)","($1.3)","($0.8)","($0.8)","($0.4)","$0.7","($3.0)","$1.8","($0.5)"
"Mike Mayers","LAA","RP","531.2","66","($0.4)","($1.2)","($0.6)","($0.6)","($0.4)","$0.2","($3.0)","$1.8","($0.5)"
"Stefan Crichton","ARI","RP","305.2","60","($0.4)","($0.8)","($0.8)","($1.0)","($0.4)","$0.4","($3.0)","$1.8","($0.5)"
"Chris Devenski","ARI","RP","599.7","52","($0.5)","($1.0)","($0.5)","($0.5)","($0.4)","($0.1)","($3.0)","$1.8","($0.5)"
"Sixto Sanchez","MIA","SP","133.9","138","$0.5","($0.5)","($0.6)","($2.1)","$0.7","($0.7)","($2.7)","$1.8","($0.5)"
"Ryan Hendrix","CIN","RP","999.0","38","($0.6)","($0.6)","($0.7)","($0.2)","($0.4)","($0.6)","($3.0)","$1.8","($0.5)"
"Daniel Norris","DET","RP","593.7","70","($0.3)","($0.8)","($0.4)","($0.9)","($0.3)","($0.2)","($3.0)","$1.8","($0.6)"
"Chasen Shreve","PIT","RP","999.0","55","($0.5)","($0.8)","($0.8)","($0.3)","($0.4)","($0.1)","($3.0)","$1.8","($0.6)"
"Brad Boxberger","MIL","RP","999.0","38","($0.6)","($0.6)","($0.5)","($0.2)","($0.4)","($0.7)","($3.0)","$1.8","($0.6)"
"Nik Turley","OAK","RP","999.0","42","($0.6)","($0.6)","($0.5)","($0.4)","($0.4)","($0.5)","($3.0)","$1.8","($0.6)"
"Taylor Clarke","ARI","RP","600.9","38","($0.6)","($0.6)","($0.4)","($0.5)","($0.4)","($0.5)","($3.0)","$1.8","($0.6)"
"Jace Fry","CHW","RP","999.0","44","($0.5)","($0.6)","($0.8)","($0.4)","($0.4)","($0.3)","($3.0)","$1.8","($0.6)"
"Joe Jimenez","DET","RP","578.5","60","($0.5)","($1.3)","($0.5)","($0.5)","($0.4)","$0.1","($3.0)","$1.8","($0.6)"
"Dylan Floro","MIA","RP","599.7","64","($0.4)","($0.5)","($0.7)","($1.2)","($0.4)","$0.2","($3.0)","$1.8","($0.6)"
"Josh Sborz","TEX","RP","999.0","50","($0.5)","($0.9)","($0.6)","($0.4)","($0.4)","($0.3)","($3.0)","$1.8","($0.6)"
"Adam Ottavino","BOS","RP","403.7","66","($0.4)","($1.3)","($1.1)","($0.2)","($0.4)","$0.3","($3.1)","$1.8","($0.6)"
"Jose Cisnero","DET","RP","599.4","56","($0.5)","($0.9)","($0.7)","($0.5)","($0.4)","($0.1)","($3.1)","$1.8","($0.6)"
"Tyler Alexander","DET","RP","999.0","52","($0.5)","($0.7)","($0.2)","($0.9)","($0.4)","($0.4)","($3.1)","$1.8","($0.7)"
"Chaz Roe","TBR","RP","999.0","50","($0.5)","($0.8)","($0.7)","($0.6)","($0.4)","($0.2)","($3.2)","$1.8","($0.7)"
"Wandy Peralta","SFG","RP","999.0","44","($0.6)","($0.4)","($0.7)","($0.7)","($0.4)","($0.4)","($3.2)","$1.8","($0.7)"
"James Hoyt","MIA","RP","600.9","53","($0.5)","($0.7)","($0.7)","($0.7)","($0.4)","($0.2)","($3.2)","$1.8","($0.7)"
"Derek Holland","DET","RP","999.0","42","($0.6)","($0.8)","($0.5)","($0.4)","($0.4)","($0.5)","($3.2)","$1.8","($0.7)"
"Corey Kluber","NYY","SP","181.0","156","$0.8","($2.0)","($0.3)","($1.5)","$0.8","($0.7)","($2.9)","$1.8","($0.7)"
"Tyler Rogers","SFG","RP","566.7","63","($0.4)","($0.6)","($0.9)","($1.3)","($0.4)","$0.4","($3.2)","$1.8","($0.7)"
"Ross Detwiler","MIA","RP","999.0","42","($0.6)","($0.3)","($0.5)","($0.9)","($0.4)","($0.5)","($3.2)","$1.8","($0.7)"
"Jorge Alcala","MIN","RP","600.4","45","($0.5)","($0.8)","($0.6)","($0.5)","($0.4)","($0.4)","($3.2)","$1.8","($0.7)"
"Daulton Jefferies","OAK","SP","595.5","36","($0.5)","($0.7)","($0.2)","($0.6)","($0.2)","($0.7)","($2.9)","$1.8","($0.8)"
"Jimmy Cordero","CHW","RP","999.0","36","($0.6)","($0.5)","($0.6)","($0.6)","($0.4)","($0.6)","($3.2)","$1.8","($0.8)"
"Nick Wittgren","CLE","RP","532.4","66","($0.4)","($1.3)","($0.6)","($0.8)","($0.4)","$0.2","($3.2)","$1.8","($0.8)"
"Trevor Rogers","MIA","SP","999.0","97","$0.1","($0.8)","($0.8)","($1.1)","$0.3","($0.7)","($3.0)","$1.8","($0.8)"
"Matt Foster","CHW","RP","999.0","56","($0.5)","($1.1)","($0.7)","($0.5)","($0.4)","($0.1)","($3.3)","$1.8","($0.8)"
"Pablo Lopez","MIA","SP","134.4","160","$0.7","($0.8)","($0.6)","($2.3)","$0.9","($0.7)","($3.0)","$1.8","($0.8)"
"David Hale","PHI","RP","999.0","44","($0.5)","($0.7)","($0.4)","($0.8)","($0.4)","($0.4)","($3.3)","$1.8","($0.8)"
"Max Fried","ATL","SP","69.0","171","$1.1","($0.6)","($1.7)","($2.1)","$1.0","($0.7)","($3.0)","$1.8","($0.8)"
"Edward Cabrera","MIA","RP","999.0","42","($0.5)","($0.6)","($0.6)","($0.6)","($0.3)","($0.7)","($3.3)","$1.8","($0.8)"
"Kendall Graveman","SEA","RP","593.6","63","($0.4)","($0.8)","($0.7)","($1.1)","($0.4)","$0.1","($3.3)","$1.8","($0.8)"
"Ryan Thompson","TBR","RP","999.0","58","($0.5)","($0.7)","($0.6)","($1.1)","($0.4)","$0.0","($3.3)","$1.8","($0.8)"
"Richard Bleier","MIA","RP","999.0","56","($0.5)","($0.2)","($0.6)","($1.6)","($0.4)","($0.1)","($3.3)","$1.8","($0.8)"
"Chris Flexen","SEA","SP","580.6","99","$0.0","($1.2)","($0.6)","($0.7)","$0.2","($0.7)","($3.0)","$1.8","($0.8)"
"Lou Trivino","OAK","RP","590.9","58","($0.5)","($0.9)","($0.7)","($0.7)","($0.4)","($0.1)","($3.3)","$1.8","($0.8)"
"Lewis Thorpe","MIN","RP","999.0","47","($0.5)","($0.8)","($0.4)","($0.7)","($0.3)","($0.6)","($3.3)","$1.8","($0.9)"
"Heath Hembree","CLE","RP","999.0","38","($0.6)","($1.0)","($0.5)","($0.3)","($0.4)","($0.6)","($3.3)","$1.8","($0.9)"
"Adam Kolarek","OAK","RP","999.0","50","($0.5)","($0.3)","($0.6)","($1.2)","($0.4)","($0.4)","($3.3)","$1.8","($0.9)"
"Zack Wheeler","PHI","SP","97.6","181","$1.0","($1.5)","($0.5)","($2.3)","$1.1","($0.7)","($3.0)","$1.8","($0.9)"
"Sal Romano","CIN","RP","999.0","46","($0.5)","($0.9)","($0.6)","($0.6)","($0.4)","($0.4)","($3.3)","$1.8","($0.9)"
"Anthony Kay","TOR","RP","598.1","38","($0.6)","($0.7)","($0.6)","($0.4)","($0.4)","($0.7)","($3.4)","$1.8","($0.9)"
"Cole Sulser","BAL","RP","595.8","38","($0.6)","($0.8)","($0.5)","($0.4)","($0.4)","($0.7)","($3.4)","$1.8","($0.9)"
"Matt Bush","TEX","RP","999.0","40","($0.6)","($0.8)","($0.5)","($0.5)","($0.4)","($0.6)","($3.4)","$1.8","($0.9)"
"Blake Parker","CLE","RP","999.0","52","($0.5)","($1.1)","($0.6)","($0.5)","($0.4)","($0.2)","($3.4)","$1.8","($0.9)"
"Greg Holland","KCR","RP","235.7","58","($0.5)","($1.2)","($1.2)","($0.7)","($0.4)","$0.6","($3.4)","$1.8","($0.9)"
"Tyler Clippard","ARI","RP","596.0","64","($0.4)","($1.5)","($0.6)","($0.6)","($0.4)","$0.1","($3.4)","$1.8","($0.9)"
"Demarcus Evans","TEX","RP","999.0","38","($0.6)","($0.8)","($0.9)","$0.0","($0.4)","($0.7)","($3.4)","$1.8","($0.9)"
"Edgar Santana","PIT","RP","999.0","40","($0.6)","($0.8)","($0.5)","($0.7)","($0.4)","($0.5)","($3.4)","$1.8","($0.9)"
"Nick Nelson","NYY","RP","999.0","42","($0.6)","($0.9)","($0.8)","($0.3)","($0.4)","($0.5)","($3.4)","$1.8","($0.9)"
"Caleb Thielbar","MIN","RP","999.0","56","($0.5)","($1.1)","($0.5)","($0.9)","($0.4)","($0.1)","($3.4)","$1.8","($1.0)"
"Jarlin Garcia","SFG","RP","600.6","55","($0.5)","($0.8)","($0.8)","($0.9)","($0.4)","$0.0","($3.5)","$1.8","($1.0)"
"Mychal Givens","COL","RP","579.5","65","($0.4)","($1.6)","($0.9)","($0.2)","($0.4)","$0.1","($3.5)","$1.8","($1.0)"
"Richard Lovelady","KCR","RP","999.0","40","($0.6)","($0.6)","($0.7)","($0.7)","($0.4)","($0.5)","($3.5)","$1.8","($1.0)"
"Tyler Webb","STL","RP","999.0","57","($0.5)","($0.9)","($0.8)","($0.9)","($0.4)","($0.1)","($3.5)","$1.8","($1.0)"
"Darren O'Day","NYY","RP","600.5","58","($0.4)","($1.4)","($0.7)","($0.5)","($0.4)","($0.1)","($3.5)","$1.8","($1.0)"
"Alex Colome","MIN","RP","152.8","65","($0.4)","($1.3)","($1.0)","($1.2)","($0.4)","$0.7","($3.5)","$1.8","($1.0)"
"Oliver Perez","CLE","RP","999.0","56","($0.5)","($1.1)","($0.6)","($0.8)","($0.4)","($0.1)","($3.5)","$1.8","($1.0)"
"Bryse Wilson","ATL","RP","589.1","50","($0.4)","($0.9)","($0.6)","($0.8)","($0.2)","($0.7)","($3.5)","$1.8","($1.0)"
"Jose De Leon","CIN","RP","597.6","61","($0.4)","($1.2)","($1.0)","$0.0","($0.2)","($0.7)","($3.5)","$1.8","($1.0)"
"John Gant","STL","RP","600.1","55","($0.4)","($0.7)","($0.8)","($0.8)","($0.3)","($0.4)","($3.5)","$1.8","($1.0)"
"Jose Alvarez","","RP","999.0","40","($0.6)","($0.6)","($0.6)","($0.7)","($0.4)","($0.7)","($3.5)","$1.8","($1.0)"
"Michael Kopech","CHW","SP","308.5","99","$0.0","($1.6)","($0.9)","($0.2)","$0.1","($0.7)","($3.2)","$1.8","($1.0)"
"Nick Tropeano","SFG","RP","999.0","54","($0.5)","($1.0)","($0.6)","($0.7)","($0.3)","($0.6)","($3.6)","$1.8","($1.1)"
"Wander Suero","WSN","RP","999.0","58","($0.4)","($1.2)","($0.8)","($0.7)","($0.4)","$0.0","($3.6)","$1.8","($1.1)"
"Blake Taylor","HOU","RP","600.9","62","($0.4)","($0.9)","($1.3)","($0.8)","($0.4)","$0.3","($3.6)","$1.8","($1.1)"
"Robbie Ray","TOR","SP","347.3","163","$0.8","($2.5)","($2.0)","$0.4","$0.7","($0.7)","($3.2)","$1.8","($1.1)"
"Sean Doolittle","CIN","RP","524.7","55","($0.5)","($1.7)","($0.6)","($0.6)","($0.4)","$0.2","($3.6)","$1.8","($1.1)"
"Austin Pruitt","HOU","RP","999.0","38","($0.6)","($0.8)","($0.5)","($0.9)","($0.3)","($0.7)","($3.6)","$1.8","($1.1)"
"Joey Lucchesi","PIT","SP","578.3","58","($0.3)","($0.9)","($0.6)","($0.7)","$0.0","($0.7)","($3.3)","$1.8","($1.1)"
"Cam Bedrosian","CIN","RP","600.8","50","($0.5)","($1.1)","($0.8)","($0.6)","($0.4)","($0.2)","($3.6)","$1.8","($1.1)"
"Hansel Robles","MIN","RP","600.7","54","($0.5)","($1.3)","($0.7)","($0.6)","($0.4)","($0.2)","($3.6)","$1.8","($1.1)"
"Noe Ramirez","CIN","RP","599.3","60","($0.4)","($1.5)","($0.8)","($0.6)","($0.4)","$0.1","($3.6)","$1.8","($1.1)"
"Jesse Chavez","LAA","RP","999.0","46","($0.5)","($1.0)","($0.5)","($0.8)","($0.4)","($0.4)","($3.6)","$1.8","($1.1)"
"Brandon Brennan","SEA","RP","999.0","50","($0.5)","($0.8)","($0.9)","($0.8)","($0.4)","($0.3)","($3.7)","$1.8","($1.2)"
"MacKenzie Gore","SDP","SP","999.0","83","$0.0","($1.0)","($0.9)","($0.9)","$0.2","($0.7)","($3.3)","$1.8","($1.2)"
"Jacob Webb","ATL","RP","600.8","54","($0.5)","($1.1)","($1.0)","($0.7)","($0.4)","($0.1)","($3.8)","$1.8","($1.2)"
"Josh Tomlin","ATL","RP","600.6","50","($0.5)","($1.3)","($0.4)","($1.0)","($0.4)","($0.2)","($3.8)","$1.8","($1.2)"
"Yoan Lopez","ARI","RP","600.9","44","($0.6)","($1.0)","($0.7)","($0.7)","($0.4)","($0.4)","($3.8)","$1.8","($1.2)"
"Austin Voth","WSN","SP","598.9","50","($0.4)","($1.0)","($0.4)","($0.6)","($0.2)","($0.7)","($3.4)","$1.8","($1.3)"
"Matt Andriese","BOS","RP","600.5","63","($0.4)","($1.4)","($0.8)","($0.9)","($0.4)","$0.2","($3.8)","$1.8","($1.3)"
"Carlos Estevez","COL","RP","999.0","48","($0.5)","($1.4)","($0.8)","($0.3)","($0.4)","($0.4)","($3.8)","$1.8","($1.3)"
"Harrison Holmes","OAK","SP","999.0","36","($0.6)","($0.7)","($0.5)","($0.7)","($0.2)","($0.7)","($3.4)","$1.8","($1.3)"
"Shawn Armstrong","BAL","RP","999.0","53","($0.5)","($1.3)","($0.7)","($0.7)","($0.4)","($0.2)","($3.9)","$1.8","($1.3)"
"Pedro Strop","CHC","RP","999.0","38","($0.6)","($0.9)","($0.8)","($0.6)","($0.4)","($0.5)","($3.9)","$1.8","($1.3)"
"Michael King","NYY","RP","600.3","52","($0.4)","($1.0)","($0.5)","($0.9)","($0.3)","($0.7)","($3.9)","$1.8","($1.3)"
"Casey Sadler","SEA","RP","999.0","58","($0.5)","($1.2)","($0.7)","($1.0)","($0.4)","($0.1)","($3.9)","$1.8","($1.4)"
"Kyle Ryan","CHC","RP","999.0","44","($0.5)","($0.7)","($1.0)","($0.9)","($0.4)","($0.4)","($3.9)","$1.8","($1.4)"
"Austin Brice","BOS","RP","999.0","48","($0.5)","($1.2)","($0.8)","($0.6)","($0.4)","($0.4)","($3.9)","$1.8","($1.4)"
"Dan Winkler","CHC","RP","598.3","36","($0.6)","($0.9)","($0.8)","($0.5)","($0.4)","($0.7)","($3.9)","$1.8","($1.4)"
"Jeremy Jeffress","WSN","RP","546.0","54","($0.5)","($0.9)","($1.0)","($0.9)","($0.4)","($0.2)","($3.9)","$1.8","($1.4)"
"Steve Cishek","TEX","RP","600.1","38","($0.6)","($0.9)","($0.7)","($0.6)","($0.4)","($0.7)","($3.9)","$1.8","($1.4)"
"Riley Smith","ARI","RP","999.0","48","($0.5)","($0.9)","($0.6)","($0.9)","($0.3)","($0.7)","($4.0)","$1.8","($1.4)"
"Sergio Romo","OAK","RP","581.7","63","($0.4)","($1.6)","($0.7)","($1.0)","($0.4)","$0.2","($4.0)","$1.8","($1.4)"
"Phillips Valdez","BOS","RP","999.0","36","($0.6)","($0.9)","($0.7)","($0.7)","($0.4)","($0.7)","($4.0)","$1.8","($1.4)"
"Chris Archer","TBR","SP","476.3","139","$0.4","($1.9)","($0.8)","($1.1)","$0.6","($0.7)","($3.6)","$1.8","($1.4)"
"Adam Cimber","MIA","RP","999.0","48","($0.5)","($0.7)","($0.7)","($1.2)","($0.4)","($0.4)","($4.0)","$1.8","($1.4)"
"Tony Watson","PHI","RP","599.8","54","($0.5)","($1.2)","($0.7)","($1.1)","($0.4)","($0.1)","($4.0)","$1.8","($1.5)"
"Junior Guerra","LAA","RP","999.0","50","($0.5)","($1.2)","($0.9)","($0.8)","($0.4)","($0.2)","($4.0)","$1.8","($1.5)"
"Eric Yardley","MIL","RP","999.0","56","($0.5)","($0.7)","($0.9)","($1.4)","($0.4)","($0.2)","($4.0)","$1.8","($1.5)"
"Scott Oberg","COL","RP","545.1","52","($0.5)","($1.3)","($1.0)","($0.7)","($0.4)","($0.1)","($4.0)","$1.8","($1.5)"
"Tyler Beede","SFG","SP","600.6","45","($0.5)","($1.0)","($0.8)","($0.5)","($0.1)","($0.7)","($3.6)","$1.8","($1.5)"
"Luis Patino","TBR","RP","999.0","66","($0.3)","($1.4)","($1.0)","($0.6)","($0.1)","($0.7)","($4.0)","$1.8","($1.5)"
"Lance Lynn","CHW","SP","52.7","191","$1.0","($2.5)","($0.9)","($1.5)","$1.1","($0.7)","($3.6)","$1.8","($1.5)"
"Andrew Heaney","LAA","SP","215.5","172","$0.8","($2.5)","($0.4)","($1.7)","$0.8","($0.7)","($3.6)","$1.8","($1.5)"
"Robert Stephenson","COL","RP","600.0","62","($0.4)","($2.0)","($1.2)","($0.2)","($0.4)","$0.1","($4.1)","$1.8","($1.5)"
"Tarik Skubal","DET","SP","999.0","105","$0.1","($1.8)","($0.8)","($0.7)","$0.3","($0.7)","($3.7)","$1.8","($1.5)"
"Ryan Sherriff","TBR","RP","999.0","48","($0.5)","($0.9)","($0.8)","($1.1)","($0.4)","($0.4)","($4.1)","$1.8","($1.5)"
"Nick Margevicius","SEA","SP","600.4","39","($0.6)","($0.9)","($0.4)","($0.8)","($0.2)","($0.7)","($3.7)","$1.8","($1.5)"
"Dillon Tate","BAL","RP","599.5","60","($0.5)","($1.2)","($0.9)","($1.3)","($0.4)","$0.1","($4.1)","$1.8","($1.6)"
"Rogelio Armenteros","WSN","SP","999.0","37","($0.5)","($1.1)","($0.6)","($0.5)","($0.2)","($0.7)","($3.7)","$1.8","($1.6)"
"Kyle Zimmer","KCR","RP","600.9","55","($0.5)","($1.2)","($1.2)","($0.8)","($0.4)","($0.1)","($4.1)","$1.8","($1.6)"
"Jake Newberry","KCR","RP","999.0","36","($0.6)","($1.1)","($0.8)","($0.6)","($0.4)","($0.7)","($4.1)","$1.8","($1.6)"
"Luis Cessa","NYY","RP","999.0","45","($0.5)","($1.2)","($0.8)","($0.8)","($0.4)","($0.4)","($4.2)","$1.8","($1.6)"
"Patrick Corbin","WSN","SP","135.4","190","$1.1","($1.7)","($1.3)","($2.1)","$1.1","($0.7)","($3.7)","$1.8","($1.6)"
"Nathan Eovaldi","BOS","SP","247.7","149","$0.7","($2.1)","($0.8)","($1.5)","$0.7","($0.7)","($3.7)","$1.8","($1.6)"
"Alex Young","ARI","SP/RP","600.4","59","($0.4)","($0.9)","($0.7)","($0.9)","($0.2)","($0.7)","($3.8)","$1.8","($1.6)"
"Trevor Cahill","","SP/RP","600.3","47","($0.5)","($0.9)","($0.7)","($0.6)","($0.3)","($0.7)","($3.8)","$1.8","($1.6)"
"Carson Fulmer","PIT","RP","999.0","37","($0.6)","($1.1)","($0.9)","($0.5)","($0.4)","($0.7)","($4.2)","$1.8","($1.7)"
"Beau Burrows","DET","RP","999.0","36","($0.6)","($1.2)","($0.7)","($0.6)","($0.4)","($0.7)","($4.3)","$1.8","($1.7)"
"Jaime Barria","LAA","SP","594.5","54","($0.5)","($1.3)","($0.4)","($0.8)","($0.3)","($0.6)","($3.8)","$1.8","($1.7)"
"Alex Claudio","LAA","RP","999.0","55","($0.5)","($0.8)","($1.0)","($1.6)","($0.4)","($0.1)","($4.3)","$1.8","($1.7)"
"Shane Greene","","RP","591.7","54","($0.5)","($1.1)","($0.8)","($0.9)","($0.4)","($0.7)","($4.3)","$1.8","($1.8)"
"Cesar Valdez","BAL","RP","595.0","56","($0.5)","($1.2)","($0.7)","($1.6)","($0.4)","$0.0","($4.3)","$1.8","($1.8)"
"Jose Berrios","MIN","SP","83.4","178","$0.9","($2.4)","($0.8)","($1.7)","$0.9","($0.7)","($3.9)","$1.8","($1.8)"
"Travis Lakins","BAL","RP","999.0","48","($0.6)","($1.2)","($0.9)","($0.9)","($0.4)","($0.4)","($4.4)","$1.8","($1.8)"
"Brandon Kintzler","PHI","RP","481.9","62","($0.4)","($1.3)","($1.1)","($1.5)","($0.4)","$0.2","($4.4)","$1.8","($1.8)"
"Kenta Maeda","MIN","SP","50.8","172","$0.9","($2.5)","($0.8)","($1.6)","$0.8","($0.7)","($4.0)","$1.8","($1.9)"
"Hyun-Jin Ryu","TOR","SP","70.4","179","$1.0","($1.4)","($0.7)","($3.2)","$1.0","($0.7)","($4.0)","$1.8","($1.9)"
"Braxton Garrett","MIA","SP","999.0","55","($0.4)","($0.8)","($1.0)","($1.0)","$0.0","($0.7)","($4.0)","$1.8","($1.9)"
"Buck Farmer","DET","RP","599.8","61","($0.5)","($1.5)","($1.1)","($1.1)","($0.4)","$0.1","($4.5)","$1.8","($1.9)"
"Spencer Howard","PHI","SP","999.0","71","($0.2)","($1.5)","($0.8)","($0.8)","$0.0","($0.7)","($4.0)","$1.8","($1.9)"
"Logan Gilbert","SEA","SP","999.0","65","($0.3)","($1.4)","($0.6)","($0.9)","$0.0","($0.7)","($4.0)","$1.8","($1.9)"
"Jairo Diaz","COL","RP","999.0","42","($0.6)","($1.4)","($1.1)","($0.6)","($0.4)","($0.5)","($4.5)","$1.8","($1.9)"
"Yusmeiro Petit","OAK","RP","595.9","70","($0.4)","($1.8)","($0.6)","($1.5)","($0.4)","$0.0","($4.6)","$1.8","($2.0)"
"Tyler Chatwood","TOR","SP","596.9","81","($0.2)","($1.1)","($1.6)","($0.9)","($0.3)","$0.0","($4.1)","$1.8","($2.0)"
"David Peterson","NYM","SP","999.0","90","$0.1","($0.9)","($1.2)","($1.6)","$0.3","($0.7)","($4.1)","$1.8","($2.1)"
"Connor Seabold","BOS","SP","999.0","37","($0.6)","($1.2)","($0.6)","($0.8)","($0.2)","($0.7)","($4.2)","$1.8","($2.1)"
"Pedro Baez","HOU","RP","589.1","65","($0.4)","($1.9)","($1.1)","($1.1)","($0.4)","$0.1","($4.7)","$1.8","($2.1)"
"Adbert Alzolay","CHC","SP","398.4","94","$0.0","($1.8)","($1.3)","($0.5)","$0.1","($0.7)","($4.2)","$1.8","($2.2)"
"Shane McClanahan","TBR","SP","593.7","71","($0.3)","($1.1)","($1.0)","($0.9)","($0.2)","($0.7)","($4.2)","$1.8","($2.2)"
"Ian Anderson","ATL","SP","102.1","138","$0.6","($1.8)","($2.0)","($0.9)","$0.6","($0.7)","($4.2)","$1.8","($2.2)"
"Corbin Martin","ARI","SP","577.4","82","($0.1)","($1.5)","($1.1)","($0.9)","$0.1","($0.7)","($4.2)","$1.8","($2.2)"
"Matthew Manning","DET","SP","999.0","46","($0.5)","($1.2)","($0.8)","($0.8)","($0.1)","($0.7)","($4.3)","$1.8","($2.2)"
"Bryan Garcia","DET","RP","432.8","64","($0.4)","($1.8)","($1.4)","($1.3)","($0.4)","$0.5","($4.8)","$1.8","($2.2)"
"Alex Wood","SFG","SP","529.1","141","$0.5","($1.1)","($1.2)","($2.3)","$0.5","($0.7)","($4.3)","$1.8","($2.2)"
"Julio Urias","LAD","SP","122.0","143","$0.7","($1.9)","($1.2)","($1.5)","$0.4","($0.7)","($4.3)","$1.8","($2.2)"
"Devin Smeltzer","MIN","RP","600.8","50","($0.5)","($1.6)","($0.7)","($1.2)","($0.2)","($0.7)","($4.9)","$1.8","($2.2)"
"Frankie Montas","OAK","SP","166.2","145","$0.5","($1.8)","($1.0)","($2.0)","$0.6","($0.7)","($4.3)","$1.8","($2.2)"
"Daniel Ponce de Leon","STL","SP","531.2","104","$0.1","($1.8)","($1.3)","($0.6)","$0.1","($0.7)","($4.4)","$1.8","($2.3)"
"Tyler Kinley","COL","RP","999.0","55","($0.5)","($2.0)","($1.6)","($0.4)","($0.4)","($0.2)","($5.0)","$1.8","($2.4)"
"Elieser Hernandez","MIA","SP","238.2","135","$0.3","($2.4)","($0.8)","($1.3)","$0.5","($0.7)","($4.5)","$1.8","($2.4)"
"Marcus Stroman","NYM","SP","202.4","160","$0.8","($0.8)","($1.5)","($3.0)","$0.9","($0.7)","($4.5)","$1.8","($2.4)"
"Jonathan Stiever","CHW","SP","999.0","40","($0.6)","($1.4)","($0.7)","($0.9)","($0.2)","($0.7)","($4.5)","$1.8","($2.4)"
"Josh Lindblom","MIL","SP","323.6","168","$0.7","($2.9)","($0.7)","($1.7)","$0.7","($0.7)","($4.5)","$1.8","($2.4)"
"Wade Davis","KCR","RP","600.8","53","($0.5)","($1.7)","($1.3)","($0.9)","($0.4)","($0.2)","($5.1)","$1.8","($2.5)"
"Nick Neidert","MIA","SP","999.0","58","($0.4)","($1.3)","($0.8)","($1.2)","($0.1)","($0.7)","($4.5)","$1.8","($2.5)"
"Jordan Montgomery","NYY","SP","247.0","122","$0.4","($2.1)","($0.9)","($1.6)","$0.4","($0.7)","($4.5)","$1.8","($2.5)"
"Jorge Guzman","MIA","RP","999.0","54","($0.5)","($1.6)","($1.4)","($0.7)","($0.2)","($0.7)","($5.2)","$1.8","($2.5)"
"Kyle Crick","PIT","RP","597.0","56","($0.5)","($1.9)","($1.4)","($1.0)","($0.4)","($0.1)","($5.3)","$1.8","($2.6)"
"Miguel Yajure","PIT","SP","999.0","54","($0.4)","($1.2)","($0.9)","($1.2)","($0.1)","($0.7)","($4.7)","$1.8","($2.6)"
"Jordan Zimmermann","MIL","SP","999.0","60","($0.4)","($1.6)","($0.6)","($1.3)","($0.1)","($0.7)","($4.7)","$1.8","($2.7)"
"Vince Velasquez","PHI","SP","563.5","128","$0.4","($2.7)","($1.2)","($0.9)","$0.4","($0.7)","($4.7)","$1.8","($2.7)"
"Jordan Sheffield","COL","RP","999.0","38","($0.6)","($1.8)","($1.5)","($0.4)","($0.4)","($0.7)","($5.4)","$1.8","($2.7)"
"Kyle Cody","TEX","SP","999.0","53","($0.4)","($1.6)","($1.0)","($0.9)","($0.1)","($0.7)","($4.8)","$1.8","($2.7)"
"Ross Stripling","TOR","SP","522.3","122","$0.2","($1.8)","($0.9)","($2.0)","$0.0","($0.4)","($4.8)","$1.8","($2.7)"
"Gio Gonzalez","MIA","SP","601.0","70","($0.2)","($1.2)","($1.4)","($1.2)","$0.1","($0.7)","($4.8)","$1.8","($2.8)"
"Carlos Hernandez","KCR","SP","999.0","49","($0.5)","($1.5)","($1.0)","($0.9)","($0.2)","($0.7)","($4.8)","$1.8","($2.8)"
"Miles Mikolas","STL","SP","428.9","131","$0.4","($1.6)","($0.4)","($3.0)","$0.6","($0.7)","($4.8)","$1.8","($2.8)"
"Kolby Allard","TEX","SP","600.9","52","($0.4)","($1.5)","($1.0)","($1.0)","($0.1)","($0.7)","($4.8)","$1.8","($2.8)"
"Eric Lauer","MIL","SP","598.4","82","($0.1)","($1.8)","($1.1)","($1.2)","$0.0","($0.7)","($4.9)","$1.8","($2.8)"
"Trent Thornton","TOR","SP","600.9","67","($0.3)","($1.7)","($0.9)","($1.1)","($0.1)","($0.7)","($4.9)","$1.8","($2.8)"
"Tejay Antone","CIN","SP","999.0","117","$0.2","($1.7)","($1.5)","($1.3)","$0.1","($0.7)","($4.9)","$1.8","($2.9)"
"Brad Brach","KCR","RP","999.0","48","($0.6)","($1.7)","($1.4)","($1.2)","($0.4)","($0.4)","($5.6)","$1.8","($2.9)"
"Joseph Sceroler","BAL","RP","999.0","44","($0.6)","($1.7)","($1.3)","($1.1)","($0.4)","($0.5)","($5.6)","$1.8","($2.9)"
"Rich Hill","TBR","SP","446.5","106","$0.1","($1.9)","($1.0)","($1.6)","$0.3","($0.7)","($4.9)","$1.8","($2.9)"
"Kwang-hyun Kim","STL","SP","276.0","165","$0.7","($1.5)","($1.3)","($3.1)","$0.9","($0.7)","($4.9)","$1.8","($2.9)"
"Sam Hentges","CLE","SP","999.0","41","($0.6)","($1.5)","($1.1)","($0.9)","($0.2)","($0.7)","($5.0)","$1.8","($3.0)"
"Yency Almonte","COL","RP","999.0","58","($0.5)","($2.3)","($1.5)","($0.9)","($0.4)","($0.1)","($5.7)","$1.8","($3.0)"
"Jake Odorizzi","","SP","308.0","149","$0.5","($2.9)","($1.2)","($1.3)","$0.6","($0.7)","($5.0)","$1.8","($3.0)"
"Eduardo Rodriguez","BOS","SP","221.0","152","$0.6","($2.6)","($1.7)","($1.3)","$0.7","($0.7)","($5.0)","$1.8","($3.0)"
"Charles Whitley","HOU","SP","999.0","74","($0.2)","($1.9)","($1.4)","($0.8)","$0.1","($0.7)","($5.0)","$1.8","($3.0)"
"Tyler Mahle","CIN","SP","182.0","144","$0.5","($2.9)","($1.4)","($1.0)","$0.5","($0.7)","($5.0)","$1.8","($3.0)"
"Yusei Kikuchi","SEA","SP","329.0","158","$0.5","($2.1)","($1.2)","($2.3)","$0.7","($0.7)","($5.0)","$1.8","($3.0)"
"Luis Garcia","HOU","SP","999.0","64","($0.3)","($1.8)","($1.4)","($0.8)","$0.0","($0.7)","($5.1)","$1.8","($3.1)"
"Domingo German","NYY","SP","328.4","113","$0.2","($2.6)","($0.9)","($1.1)","$0.1","($0.7)","($5.1)","$1.8","($3.1)"
"Chase Anderson","PHI","SP","597.7","83","($0.2)","($2.2)","($0.8)","($1.1)","($0.2)","($0.7)","($5.1)","$1.8","($3.1)"
"Brett de Geus","TEX","RP","999.0","45","($0.6)","($1.7)","($1.6)","($1.1)","($0.4)","($0.4)","($5.8)","$1.8","($3.1)"
"Shohei Ohtani","LAA","SP","208.9","97","$0.1","($2.1)","($1.6)","($0.9)","$0.2","($0.7)","($5.1)","$1.8","($3.1)"
"Luke Weaver","ARI","SP","451.9","130","$0.4","($2.5)","($1.2)","($1.5)","$0.4","($0.7)","($5.1)","$1.8","($3.1)"
"Ryan Weathers","SDP","RP","999.0","49","($0.5)","($1.6)","($1.5)","($1.3)","($0.2)","($0.7)","($6.0)","$1.8","($3.2)"
"Josh Fleming","TBR","SP","999.0","81","($0.1)","($1.2)","($1.0)","($2.3)","$0.1","($0.7)","($5.3)","$1.8","($3.3)"
"Triston McKenzie","CLE","SP","189.3","127","$0.3","($2.9)","($1.1)","($1.3)","$0.4","($0.7)","($5.3)","$1.8","($3.3)"
"Jonathan Brubaker","PIT","SP","516.0","128","$0.3","($1.8)","($1.4)","($2.0)","$0.4","($0.7)","($5.3)","$1.8","($3.3)"
"Matthew Boyd","DET","SP","306.1","172","$0.6","($3.3)","($0.9)","($1.8)","$0.8","($0.7)","($5.3)","$1.8","($3.3)"
"Kyle Hendricks","CHC","SP","82.2","183","$0.9","($2.3)","($0.7)","($3.6)","$1.0","($0.7)","($5.3)","$1.8","($3.4)"
"Anthony DeSclafani","SFG","SP","478.0","145","$0.5","($2.3)","($1.2)","($2.2)","$0.6","($0.7)","($5.4)","$1.8","($3.4)"
"Shelby Miller","CHC","SP","999.0","53","($0.4)","($1.8)","($1.3)","($1.0)","($0.1)","($0.7)","($5.4)","$1.8","($3.5)"
"Logan Webb","SFG","SP","592.1","114","$0.2","($1.5)","($1.8)","($2.0)","$0.4","($0.7)","($5.5)","$1.8","($3.5)"
"Johan Oviedo","STL","SP","999.0","51","($0.5)","($1.7)","($1.5)","($1.0)","($0.2)","($0.7)","($5.5)","$1.8","($3.5)"
"Antonio Santillan","CIN","SP","999.0","46","($0.5)","($2.0)","($1.2)","($0.9)","($0.2)","($0.7)","($5.5)","$1.8","($3.5)"
"Zack Greinke","HOU","SP","106.6","191","$1.0","($2.7)","($0.5)","($3.6)","$1.0","($0.7)","($5.5)","$1.8","($3.5)"
"Mike Soroka","ATL","SP","174.5","139","$0.6","($1.8)","($1.5)","($2.7)","$0.6","($0.7)","($5.5)","$1.8","($3.6)"
"Adrian Houser","MIL","SP","512.4","122","$0.3","($1.8)","($1.6)","($2.2)","$0.4","($0.7)","($5.6)","$1.8","($3.7)"
"Mitch Keller","PIT","SP","310.8","123","$0.2","($2.3)","($1.9)","($1.4)","$0.4","($0.7)","($5.6)","$1.8","($3.7)"
"Sean Manaea","OAK","SP","246.2","161","$0.6","($2.2)","($0.9)","($3.2)","$0.8","($0.7)","($5.6)","$1.8","($3.7)"
"Homer Bailey","","SP","599.8","71","($0.2)","($2.0)","($1.1)","($1.6)","$0.0","($0.7)","($5.8)","$1.8","($3.9)"
"Taijuan Walker","NYM","SP","278.6","141","$0.5","($2.7)","($1.5)","($2.0)","$0.5","($0.7)","($5.8)","$1.8","($3.9)"
"Nate Pearson","TOR","SP","244.7","126","$0.4","($2.8)","($1.5)","($1.6)","$0.4","($0.7)","($5.9)","$1.8","($3.9)"
"Steven Matz","TOR","SP","557.2","132","$0.4","($2.7)","($1.4)","($1.9)","$0.4","($0.7)","($5.9)","$1.8","($4.0)"
"Reynaldo Lopez","CHW","SP","597.8","83","($0.2)","($2.5)","($1.0)","($1.4)","($0.1)","($0.7)","($5.9)","$1.8","($4.0)"
"Jakob Junis","KCR","SP","598.7","88","($0.2)","($2.3)","($1.1)","($1.8)","$0.0","($0.7)","($6.0)","$1.8","($4.1)"
"Cody Ponce","PIT","SP","999.0","74","($0.3)","($2.1)","($1.4)","($1.5)","$0.0","($0.7)","($6.0)","$1.8","($4.1)"
"Tyson Ross","TEX","SP","999.0","46","($0.6)","($2.0)","($1.4)","($1.2)","($0.2)","($0.7)","($6.0)","$1.8","($4.1)"
"Zach Eflin","PHI","SP","201.1","168","$0.8","($3.2)","($1.3)","($2.4)","$0.7","($0.7)","($6.2)","$1.8","($4.3)"
"Matt Shoemaker","MIN","SP","535.1","108","$0.2","($2.7)","($1.4)","($1.7)","$0.2","($0.7)","($6.2)","$1.8","($4.3)"
"Griffin Canning","LAA","SP","303.1","134","$0.4","($3.1)","($1.5)","($1.7)","$0.4","($0.7)","($6.2)","$1.8","($4.3)"
"Deivi Garcia","NYY","SP","378.9","102","$0.1","($3.0)","($1.5)","($1.2)","$0.2","($0.7)","($6.2)","$1.8","($4.3)"
"Jameson Taillon","NYY","SP","197.4","133","$0.4","($3.0)","($1.2)","($2.2)","$0.5","($0.7)","($6.3)","$1.8","($4.4)"
"Erick Fedde","WSN","SP","600.8","70","($0.3)","($2.0)","($1.6)","($1.7)","($0.1)","($0.7)","($6.3)","$1.8","($4.4)"
"Kyle Wright","ATL","SP","546.0","110","$0.2","($2.4)","($2.0)","($1.6)","$0.2","($0.7)","($6.4)","$1.8","($4.5)"
"Jose Urquidy","HOU","SP","198.7","151","$0.6","($3.3)","($1.0)","($2.6)","$0.6","($0.7)","($6.4)","$1.8","($4.5)"
"Jorge Lopez","BAL","SP","999.0","73","($0.3)","($2.3)","($1.3)","($1.7)","($0.1)","($0.7)","($6.5)","$1.8","($4.6)"
"Chris Bassitt","OAK","SP","186.8","176","$0.7","($3.0)","($1.2)","($3.2)","$0.9","($0.7)","($6.5)","$1.8","($4.7)"
"Wade LeBlanc","BAL","SP","999.0","52","($0.5)","($2.3)","($1.2)","($1.6)","($0.2)","($0.7)","($6.5)","$1.8","($4.7)"
"Carlos Rodon","CHW","SP","572.0","111","$0.1","($2.9)","($1.7)","($1.5)","$0.1","($0.7)","($6.6)","$1.8","($4.8)"
"Jose Quintana","LAA","SP","502.9","156","$0.7","($2.9)","($1.5)","($2.8)","$0.6","($0.7)","($6.7)","$1.8","($4.8)"
"German Marquez","COL","SP","177.0","192","$0.8","($3.9)","($2.1)","($1.9)","$1.0","($0.7)","($6.8)","$1.8","($5.0)"
"Caleb Smith","ARI","SP","377.6","132","$0.3","($3.9)","($1.9)","($1.0)","$0.3","($0.7)","($6.8)","$1.8","($5.0)"
"Dane Dunning","TEX","SP","305.3","126","$0.2","($2.9)","($1.9)","($2.0)","$0.4","($0.7)","($6.9)","$1.8","($5.1)"
"Brett Anderson","MIL","SP","591.1","125","$0.3","($1.8)","($1.6)","($3.5)","$0.4","($0.7)","($6.9)","$1.8","($5.1)"
"Michael Pineda","MIN","SP","239.6","159","$0.6","($3.6)","($1.1)","($2.8)","$0.6","($0.7)","($6.9)","$1.8","($5.1)"
"Aaron Sanchez","SFG","SP","546.5","115","$0.1","($2.1)","($2.3)","($2.1)","$0.2","($0.7)","($6.9)","$1.8","($5.1)"
"Dylan Cease","CHW","SP","378.3","133","$0.4","($3.1)","($2.4)","($1.5)","$0.4","($0.7)","($6.9)","$1.8","($5.1)"
"Brady Singer","KCR","SP","253.0","137","$0.4","($2.4)","($2.0)","($2.7)","$0.5","($0.7)","($6.9)","$1.8","($5.1)"
"Carlos Martinez","STL","SP","404.4","134","$0.4","($2.4)","($2.2)","($2.6)","$0.5","($0.7)","($7.0)","$1.8","($5.1)"
"Cristian Javier","HOU","SP","228.9","136","$0.4","($3.9)","($2.1)","($1.0)","$0.4","($0.7)","($7.0)","$1.8","($5.1)"
"Garrett Richards","BOS","SP","450.6","122","$0.3","($3.1)","($1.9)","($1.8)","$0.3","($0.7)","($7.0)","$1.8","($5.2)"
"Kris Bubic","KCR","SP","999.0","126","$0.3","($2.6)","($2.1)","($2.2)","$0.4","($0.7)","($7.0)","$1.8","($5.2)"
"Spencer Turnbull","DET","SP","388.5","147","$0.4","($2.9)","($2.1)","($2.3)","$0.6","($0.7)","($7.0)","$1.8","($5.2)"
"Michael Wacha","TBR","SP","549.5","121","$0.2","($2.9)","($1.7)","($2.3)","$0.3","($0.7)","($7.1)","$1.8","($5.3)"
"Sandy Alcantara","MIA","SP","144.8","181","$0.7","($2.8)","($2.4)","($2.9)","$1.0","($0.7)","($7.1)","$1.8","($5.3)"
"Dylan Bundy","LAA","SP","120.1","175","$0.7","($4.2)","($1.3)","($2.5)","$0.8","($0.7)","($7.2)","$1.8","($5.4)"
"J.A. Happ","MIN","SP","405.9","135","$0.4","($3.3)","($1.6)","($2.5)","$0.4","($0.7)","($7.2)","$1.8","($5.4)"
"Rick Porcello","","SP","592.0","130","$0.3","($3.3)","($1.3)","($2.6)","$0.4","($0.7)","($7.3)","$1.8","($5.5)"
"Cole Hamels","","SP","591.8","109","$0.1","($2.9)","($1.9)","($2.2)","$0.2","($0.7)","($7.3)","$1.8","($5.5)"
"Adam Wainwright","STL","SP","429.9","153","$0.5","($2.7)","($1.9)","($3.1)","$0.7","($0.7)","($7.3)","$1.8","($5.5)"
"Michael Baumann","BAL","SP","999.0","65","($0.4)","($2.8)","($1.8)","($1.6)","($0.1)","($0.7)","($7.5)","$1.8","($5.7)"
"Aaron Civale","CLE","SP","196.5","144","$0.4","($3.4)","($1.4)","($2.9)","$0.6","($0.7)","($7.5)","$1.8","($5.8)"
"Mike Leake","","SP","600.4","95","($0.1)","($2.6)","($1.3)","($3.0)","$0.2","($0.7)","($7.5)","$1.8","($5.8)"
"Matt Moore","PHI","SP","556.0","127","$0.3","($3.7)","($1.8)","($2.0)","$0.3","($0.7)","($7.6)","$1.8","($5.8)"
"Logan Allen","CLE","SP","598.3","118","$0.1","($3.0)","($2.2)","($2.1)","$0.3","($0.7)","($7.6)","$1.8","($5.8)"
"Johnny Cueto","SFG","SP","546.8","174","$0.7","($3.1)","($2.2)","($3.1)","$0.8","($0.7)","($7.7)","$1.8","($5.9)"
"Adam Plutko","CLE","SP","600.2","91","($0.2)","($3.6)","($1.2)","($2.0)","($0.2)","($0.4)","($7.7)","$1.8","($6.0)"
"Merrill Kelly","ARI","SP","504.1","153","$0.4","($3.6)","($1.8)","($2.6)","$0.6","($0.7)","($7.7)","$1.8","($6.0)"
"Michael Lorenzen","CIN","SP","454.1","132","$0.3","($3.1)","($2.5)","($1.9)","$0.2","($0.7)","($7.7)","$1.8","($6.0)"
"Zach Plesac","CLE","SP","77.2","158","$0.5","($3.8)","($1.4)","($2.9)","$0.7","($0.7)","($7.8)","$1.8","($6.0)"
"Matt Harvey","BAL","SP","999.0","81","($0.3)","($3.1)","($1.6)","($2.1)","($0.1)","($0.7)","($7.8)","$1.8","($6.0)"
"Cal Quantrill","CLE","SP","443.7","125","$0.2","($3.3)","($1.6)","($2.5)","$0.1","($0.7)","($7.8)","$1.8","($6.0)"
"John Means","BAL","SP","215.7","160","$0.4","($4.1)","($1.1)","($2.9)","$0.6","($0.7)","($7.8)","$1.8","($6.0)"
"Casey Mize","DET","SP","437.8","106","$0.0","($3.4)","($1.6)","($2.3)","$0.2","($0.7)","($7.8)","$1.8","($6.1)"
"Wil Crowe","PIT","SP","999.0","80","($0.3)","($2.9)","($2.0)","($2.0)","$0.0","($0.7)","($7.9)","$1.8","($6.1)"
"Mike Minor","KCR","SP","315.7","178","$0.6","($3.7)","($1.8)","($3.3)","$0.8","($0.7)","($8.0)","$1.8","($6.3)"
"Justus Sheffield","SEA","SP","305.3","149","$0.4","($2.9)","($2.8)","($2.7)","$0.6","($0.7)","($8.2)","$1.8","($6.4)"
"Trevor Williams","CHC","SP","586.2","117","$0.2","($3.6)","($1.9)","($2.4)","$0.3","($0.7)","($8.2)","$1.8","($6.5)"
"Danny Duffy","KCR","SP","534.9","157","$0.5","($3.9)","($2.0)","($2.7)","$0.6","($0.7)","($8.3)","$1.8","($6.6)"
"Nick Pivetta","BOS","SP","534.2","112","$0.1","($3.8)","($2.1)","($1.9)","$0.1","($0.7)","($8.3)","$1.8","($6.7)"
"Chad Kuhl","PIT","SP","575.2","137","$0.2","($3.7)","($2.5)","($2.1)","$0.4","($0.7)","($8.4)","$1.8","($6.7)"
"Marco Gonzales","SEA","SP","176.1","180","$0.6","($3.5)","($1.4)","($4.3)","$0.9","($0.7)","($8.4)","$1.8","($6.8)"
"Keegan Akin","BAL","SP","999.0","127","$0.1","($4.0)","($2.5)","($1.7)","$0.3","($0.7)","($8.4)","$1.8","($6.8)"
"Randy Dobnak","MIN","SP","550.5","113","$0.1","($2.7)","($1.8)","($3.4)","$0.0","($0.7)","($8.5)","$1.8","($6.8)"
"Ryan Yarbrough","TBR","SP","257.1","163","$0.5","($3.4)","($1.6)","($4.0)","$0.7","($0.7)","($8.5)","$1.8","($6.9)"
"Alex Cobb","LAA","SP","556.6","144","$0.5","($3.3)","($1.9)","($3.6)","$0.5","($0.7)","($8.6)","$1.8","($6.9)"
"Bruce Zimmermann","BAL","SP","999.0","99","($0.1)","($3.3)","($2.2)","($2.3)","$0.1","($0.7)","($8.6)","$1.8","($6.9)"
"Julio Teheran","DET","SP","597.9","68","($0.4)","($3.5)","($2.0)","($1.7)","($0.2)","($0.7)","($8.6)","$1.8","($6.9)"
"Joe Ross","WSN","SP","586.8","127","$0.3","($3.8)","($2.2)","($2.5)","$0.3","($0.7)","($8.6)","$1.8","($7.0)"
"Alec Mills","CHC","SP","505.2","141","$0.4","($3.8)","($2.2)","($2.9)","$0.5","($0.7)","($8.8)","$1.8","($7.1)"
"Wade Miley","CIN","SP","595.3","138","$0.4","($3.3)","($3.1)","($2.6)","$0.4","($0.7)","($8.9)","$1.8","($7.3)"
"Justin Dunn","SEA","SP","569.6","112","$0.0","($4.1)","($2.4)","($2.0)","$0.1","($0.7)","($9.1)","$1.8","($7.5)"
"Jon Lester","WSN","SP","547.7","135","$0.4","($4.1)","($2.3)","($2.8)","$0.4","($0.7)","($9.3)","$1.8","($7.7)"
"Felix Hernandez","BAL","SP","999.0","99","($0.2)","($3.8)","($2.2)","($2.6)","$0.1","($0.7)","($9.5)","$1.8","($7.9)"
"Anibal Sanchez","","SP","599.8","119","$0.1","($4.4)","($2.1)","($2.7)","$0.2","($0.7)","($9.5)","$1.8","($7.9)"
"Jake Arrieta","CHC","SP","561.1","135","$0.4","($3.6)","($2.7)","($3.3)","$0.4","($0.7)","($9.5)","$1.8","($7.9)"
"Ryan Castellani","COL","SP","999.0","58","($0.5)","($4.1)","($2.6)","($1.4)","($0.3)","($0.7)","($9.6)","$1.8","($8.0)"
"Tanner Houck","BOS","SP","999.0","111","$0.1","($4.0)","($3.0)","($2.2)","$0.2","($0.7)","($9.7)","$1.8","($8.1)"
"Jeff Samardzija","","SP","599.8","99","($0.1)","($4.4)","($1.9)","($2.6)","$0.0","($0.7)","($9.8)","$1.8","($8.2)"
"Dean Kremer","BAL","SP","999.0","145","$0.2","($4.5)","($2.7)","($2.5)","$0.5","($0.7)","($9.8)","$1.8","($8.2)"
"Steven Brault","PIT","SP","533.6","158","$0.4","($3.8)","($3.5)","($2.8)","$0.6","($0.7)","($9.8)","$1.8","($8.3)"
"Tyler Anderson","PIT","SP","594.8","148","$0.3","($4.3)","($2.6)","($3.1)","$0.5","($0.7)","($10.0)","$1.8","($8.5)"
"Austin Gomber","COL","SP","570.6","125","$0.2","($4.7)","($3.2)","($1.8)","$0.2","($0.7)","($10.1)","$1.8","($8.6)"
"Tanner Roark","TOR","SP","598.2","135","$0.3","($4.6)","($2.3)","($3.1)","$0.3","($0.7)","($10.1)","$1.8","($8.6)"
"Michael Fulmer","DET","SP","582.4","129","$0.2","($4.1)","($2.3)","($3.5)","$0.2","($0.7)","($10.2)","$1.8","($8.7)"
"Kyle Gibson","TEX","SP","556.3","174","$0.5","($4.1)","($3.3)","($3.4)","$0.8","($0.7)","($10.2)","$1.8","($8.7)"
"Jose Urena","DET","SP","596.9","132","$0.1","($4.7)","($2.7)","($3.5)","$0.1","($0.7)","($11.4)","$1.8","($10.0)"
"Mike Foltynewicz","TEX","SP","558.0","131","$0.0","($5.3)","($2.8)","($2.9)","$0.2","($0.7)","($11.6)","$1.8","($10.2)"
"Dallas Keuchel","CHW","SP","203.2","185","$0.8","($3.9)","($3.5)","($5.2)","$0.9","($0.7)","($11.6)","$1.8","($10.2)"
"Zach Davies","CHC","SP","253.8","159","$0.5","($4.9)","($3.2)","($3.9)","$0.5","($0.7)","($11.7)","$1.8","($10.3)"
"Madison Bumgarner","ARI","SP","401.9","176","$0.5","($5.7)","($2.5)","($3.9)","$0.7","($0.7)","($11.7)","$1.8","($10.3)"
"Brad Keller","KCR","SP","366.1","166","$0.5","($4.1)","($3.6)","($4.6)","$0.7","($0.7)","($11.8)","$1.8","($10.5)"
"Jon Gray","COL","SP","529.8","155","$0.4","($5.8)","($3.3)","($2.8)","$0.4","($0.7)","($11.9)","$1.8","($10.5)"
"Mike Fiers","OAK","SP","570.7","146","$0.3","($5.4)","($2.4)","($4.3)","$0.3","($0.7)","($12.2)","$1.8","($10.9)"
"Martin Perez","BOS","SP","589.3","161","$0.5","($5.3)","($3.9)","($4.1)","$0.5","($0.7)","($13.0)","$1.8","($11.7)"
"Jordan Lyles","TEX","SP","596.7","148","$0.1","($6.4)","($3.5)","($3.5)","$0.3","($0.7)","($13.7)","$1.8","($12.5)"
"Kyle Freeland","COL","SP","575.8","168","$0.4","($6.5)","($4.5)","($3.7)","$0.5","($0.7)","($14.5)","$1.8","($13.4)"
"Antonio Senzatela","COL","SP","566.6","168","$0.3","($7.8)","($5.2)","($4.6)","$0.4","($0.7)","($17.6)","$1.8","($16.7)"
