"PlayerName","Team","POS","ADP","PA","mRBI","mR","mSB","mHR","mOBP","mH","PTS","aPOS","Dollars"
"Ronald Acuna Jr.","ATL","OF","1.7","683","$0.6","$1.3","$1.3","$1.0","$0.9","$0.6","$5.6","$1.8","$8.0"
"Juan Soto","WSN","OF","3.6","651","$1.1","$0.9","$0.2","$0.9","$1.9","$0.5","$5.5","$1.8","$7.8"
"Fernando Tatis Jr.","SDP","SS","2.3","677","$0.5","$1.1","$1.1","$0.8","$0.4","$0.7","$4.7","$2.6","$7.7"
"Mike Trout","LAA","OF","5.9","671","$0.9","$1.2","$0.1","$1.0","$1.9","$0.2","$5.2","$1.8","$7.6"
"Trevor Story","COL","SS","12.6","672","$0.4","$0.8","$1.0","$0.6","$0.1","$0.6","$3.5","$2.6","$6.6"
"Cody Bellinger","LAD","OF","16.3","642","$1.2","$0.6","$0.3","$1.0","$0.8","$0.3","$4.3","$1.8","$6.6"
"Mookie Betts","LAD","OF","3.8","685","$0.2","$1.2","$0.7","$0.5","$0.8","$0.5","$4.0","$1.8","$6.3"
"Trea Turner","WSN","SS","7.1","688","($0.2)","$0.9","$1.6","($0.2)","$0.2","$0.9","$3.1","$2.6","$6.1"
"Christian Yelich","MIL","OF","10.9","670","$0.4","$0.8","$0.6","$0.5","$1.0","$0.4","$3.7","$1.8","$6.1"
"Bryce Harper","PHI","OF","18.6","663","$0.6","$0.7","$0.3","$0.7","$1.1","($0.1)","$3.2","$1.8","$5.6"
"Francisco Lindor","NYM","SS","17.9","682","$0.2","$0.7","$0.7","$0.5","($0.1)","$0.5","$2.5","$2.6","$5.6"
"Freddie Freeman","ATL","1B","13.0","662","$0.7","$0.8","($0.2)","$0.4","$1.2","$0.6","$3.5","$1.6","$5.6"
"Jose Ramirez","CLE","3B","10.9","653","$0.5","$0.5","$0.9","$0.4","$0.4","$0.3","$3.2","$1.6","$5.2"
"Corey Seager","LAD","SS","38.4","641","$0.6","$0.5","($0.4)","$0.3","$0.5","$0.7","$2.1","$2.6","$5.2"
"J.D. Martinez","BOS","DH","93.2","647","$0.8","$0.4","($0.4)","$0.5","$0.3","$0.4","$2.1","$2.6","$5.2"
"Alex Bregman","HOU","3B","43.0","660","$0.6","$0.6","($0.3)","$0.3","$1.1","$0.2","$2.7","$1.6","$4.7"
"Manny Machado","SDP","3B","21.0","661","$0.8","$0.5","$0.0","$0.6","$0.2","$0.5","$2.7","$1.6","$4.7"
"Bo Bichette","TOR","SS","24.7","673","($0.1)","$0.5","$1.0","($0.2)","($0.3)","$0.8","$1.6","$2.6","$4.7"
"Yasmani Grandal","CHW","C","128.9","566","($0.4)","($0.3)","($0.4)","($0.1)","$0.1","($0.8)","($1.9)","$6.0","$4.6"
"Yordan Alvarez","HOU","DH","77.2","552","$0.6","$0.1","($0.4)","$0.7","$0.6","($0.2)","$1.4","$2.6","$4.5"
"Xander Bogaerts","BOS","SS","33.8","649","$0.4","$0.2","$0.0","($0.1)","$0.3","$0.5","$1.3","$2.6","$4.4"
"Rafael Devers","BOS","3B","41.9","658","$0.7","$0.5","($0.1)","$0.5","($0.1)","$0.7","$2.3","$1.6","$4.4"
"J.T. Realmuto","PHI","C","40.3","533","($0.3)","($0.6)","($0.2)","($0.3)","($0.3)","($0.4)","($2.1)","$6.0","$4.4"
"Eloy Jimenez","CHW","OF","32.0","628","$0.9","$0.2","($0.5)","$0.8","($0.1)","$0.6","$2.0","$1.8","$4.3"
"Salvador Perez","KCR","C","83.5","534","$0.0","($0.7)","($0.4)","$0.1","($0.9)","($0.3)","($2.3)","$6.0","$4.2"
"Adalberto Mondesi","KCR","SS","22.8","639","($0.3)","($0.1)","$2.9","($0.5)","($1.1)","$0.2","$1.1","$2.6","$4.2"
"Marcell Ozuna","ATL","OF/DH","45.3","635","$0.7","$0.2","($0.3)","$0.4","$0.3","$0.4","$1.7","$1.8","$4.1"
"Giancarlo Stanton","NYY","DH","118.9","582","$0.6","$0.1","($0.3)","$0.8","$0.0","($0.4)","$0.9","$2.6","$4.0"
"Anthony Rizzo","CHC","1B","107.7","663","$0.3","$0.5","($0.2)","$0.2","$0.8","$0.2","$1.9","$1.6","$4.0"
"Gleyber Torres","NYY","SS","68.8","618","$0.4","$0.1","($0.2)","$0.3","$0.1","$0.2","$0.9","$2.6","$4.0"
"George Springer","TOR","OF","49.5","668","$0.0","$0.7","($0.1)","$0.4","$0.3","$0.3","$1.5","$1.8","$3.9"
"Anthony Rendon","LAA","3B","40.6","656","$0.5","$0.3","($0.4)","$0.0","$0.9","$0.4","$1.6","$1.6","$3.7"
"Franmil Reyes","CLE","DH","151.4","631","$0.5","$0.0","($0.5)","$0.6","($0.2)","$0.1","$0.5","$2.6","$3.6"
"Michael Conforto","NYM","OF","73.4","648","$0.3","$0.3","($0.1)","$0.3","$0.4","$0.0","$1.2","$1.8","$3.5"
"Pete Alonso","NYM","1B","57.0","634","$0.7","$0.4","($0.4)","$1.0","($0.1)","($0.2)","$1.4","$1.6","$3.5"
"Aaron Judge","NYY","OF","54.0","601","$0.1","$0.4","($0.2)","$0.6","$0.6","($0.5)","$1.0","$1.8","$3.4"
"DJ LeMahieu","NYY","2B","27.5","683","($0.3)","$0.5","($0.1)","($0.4)","$0.2","$1.0","$0.9","$1.9","$3.4"
"Ozzie Albies","ATL","2B","33.7","641","$0.1","$0.2","$0.3","($0.1)","($0.1)","$0.6","$0.9","$1.9","$3.4"
"Kyle Tucker","HOU","OF","31.7","622","$0.3","$0.0","$0.7","$0.1","($0.3)","$0.1","$0.9","$1.8","$3.3"
"Jose Altuve","HOU","2B","97.4","673","$0.0","$0.4","$0.1","($0.3)","$0.0","$0.7","$0.8","$1.9","$3.3"
"Vladimir Guerrero Jr.","TOR","1B/DH","54.3","619","$0.4","$0.1","($0.4)","$0.0","$0.5","$0.6","$1.2","$1.6","$3.3"
"Tim Anderson","CHW","SS","44.7","664","($0.1)","$0.0","$0.6","($0.3)","($0.8)","$0.8","$0.2","$2.6","$3.3"
"Javier Baez","CHC","SS","75.1","646","$0.5","($0.1)","$0.2","$0.2","($1.1)","$0.3","$0.1","$2.6","$3.2"
"Jose Abreu","CHW","1B","39.8","658","$0.7","$0.1","($0.4)","$0.4","($0.4)","$0.5","$1.0","$1.6","$3.1"
"Marcus Semien","TOR","SS","129.3","682","($0.4)","$0.4","$0.2","($0.3)","($0.2)","$0.2","($0.1)","$2.6","$3.0"
"Ketel Marte","ARI","2B","84.2","670","($0.2)","$0.3","($0.1)","($0.4)","$0.2","$0.8","$0.5","$1.9","$3.0"
"Eugenio Suarez","CIN","3B","72.1","655","$0.6","$0.2","($0.3)","$0.6","$0.0","($0.1)","$0.9","$1.6","$3.0"
"Mike Moustakas","CIN","2B","119.7","620","$0.6","$0.0","($0.4)","$0.6","($0.4)","$0.0","$0.5","$1.9","$2.9"
"Nelson Cruz","MIN","DH","91.4","581","$0.3","($0.1)","($0.5)","$0.4","$0.0","($0.3)","($0.2)","$2.6","$2.9"
"Nolan Arenado","STL","3B","38.8","652","$0.5","$0.1","($0.4)","$0.3","$0.0","$0.3","$0.8","$1.6","$2.9"
"Matt Chapman","OAK","3B","116.4","663","$0.5","$0.3","($0.4)","$0.5","($0.3)","$0.0","$0.7","$1.6","$2.8"
"Paul Goldschmidt","STL","1B","91.7","662","$0.1","$0.2","($0.3)","$0.1","$0.5","$0.2","$0.7","$1.6","$2.7"
"Max Kepler","MIN","OF","188.6","654","$0.0","$0.4","($0.1)","$0.3","($0.2)","$0.0","$0.4","$1.8","$2.7"
"Matt Olson","OAK","1B","90.4","629","$0.6","$0.1","($0.4)","$0.8","($0.1)","($0.3)","$0.6","$1.6","$2.7"
"Jeff McNeil","NYM","OF","91.0","665","($0.3)","$0.2","$0.0","($0.5)","$0.3","$0.8","$0.3","$1.8","$2.7"
"Carlos Correa","HOU","SS","122.5","622","$0.1","($0.1)","($0.4)","$0.0","$0.0","$0.0","($0.4)","$2.6","$2.7"
"Whit Merrifield","KCR","OF","42.0","691","($0.7)","$0.3","$1.0","($0.8)","($0.3)","$0.8","$0.3","$1.8","$2.7"
"Luis Robert","CHW","OF","35.7","610","$0.0","($0.2)","$0.9","$0.1","($0.6)","$0.1","$0.3","$1.8","$2.6"
"Jorge Soler","KCR","DH","142.8","616","$0.2","($0.1)","($0.4)","$0.4","($0.2)","($0.3)","($0.5)","$2.6","$2.6"
"Joey Gallo","TEX","OF","165.1","634","$0.5","$0.1","($0.2)","$0.9","($0.2)","($0.7)","$0.3","$1.8","$2.6"
"Michael Brantley","HOU","DH","149.8","606","$0.0","($0.2)","($0.3)","($0.6)","$0.1","$0.4","($0.6)","$2.6","$2.5"
"Paul DeJong","STL","SS","228.2","640","$0.1","($0.2)","($0.2)","$0.0","($0.4)","$0.0","($0.7)","$2.6","$2.4"
"Starling Marte","MIA","OF","49.8","646","($0.3)","($0.2)","$0.9","($0.5)","($0.4)","$0.5","$0.1","$1.8","$2.4"
"Nicholas Castellanos","CIN","OF","82.9","651","$0.2","$0.3","($0.4)","$0.2","($0.5)","$0.3","$0.0","$1.8","$2.4"
"Trent Grisham","SDP","OF","67.9","632","($0.4)","$0.2","$0.4","($0.2)","$0.1","($0.1)","$0.0","$1.8","$2.4"
"Joey Votto","CIN","1B","362.5","674","($0.4)","$0.4","($0.4)","($0.2)","$0.7","$0.1","$0.3","$1.6","$2.4"
"Charlie Blackmon","COL","OF","87.1","609","($0.2)","$0.0","($0.2)","($0.1)","$0.1","$0.4","$0.0","$1.8","$2.3"
"Kris Bryant","CHC","3B","125.7","651","($0.1)","$0.3","($0.3)","$0.0","$0.3","$0.0","$0.2","$1.6","$2.3"
"Rhys Hoskins","PHI","1B","162.9","602","$0.1","$0.2","($0.4)","$0.3","$0.5","($0.7)","$0.1","$1.6","$2.2"
"Travis d'Arnaud","ATL","C","137.8","445","($0.9)","($1.1)","($0.4)","($0.7)","($0.3)","($0.9)","($4.4)","$6.0","$2.1"
"Randy Arozarena","TBR","OF/DH","59.2","607","($0.3)","($0.2)","$0.7","($0.3)","($0.2)","$0.0","($0.3)","$1.8","$2.1"
"Miguel Cabrera","DET","DH","535.2","624","($0.1)","($0.4)","($0.5)","($0.3)","($0.1)","$0.2","($1.1)","$2.6","$2.0"
"Miguel Sano","MIN","1B","195.1","619","$0.5","$0.0","($0.5)","$0.8","($0.5)","($0.5)","($0.1)","$1.6","$2.0"
"Willson Contreras","CHC","C","124.4","430","($1.0)","($1.2)","($0.4)","($0.7)","$0.0","($1.2)","($4.5)","$6.0","$2.0"
"Anthony Santander","BAL","OF","164.0","639","$0.2","($0.1)","($0.2)","$0.2","($0.8)","$0.3","($0.4)","$1.8","$1.9"
"Keston Hiura","MIL","2B","69.7","598","$0.0","($0.3)","$0.1","$0.1","($0.5)","($0.1)","($0.6)","$1.9","$1.9"
"Luke Voit","NYY","1B","60.3","615","$0.1","$0.1","($0.5)","$0.3","$0.0","($0.2)","($0.2)","$1.6","$1.8"
"Dansby Swanson","ATL","SS","108.9","642","($0.4)","($0.1)","$0.1","($0.5)","($0.4)","$0.0","($1.4)","$2.6","$1.7"
"Josh Donaldson","MIN","3B","191.2","591","$0.0","$0.0","($0.4)","$0.2","$0.3","($0.6)","($0.4)","$1.6","$1.7"
"Andrew McCutchen","PHI","OF","203.7","613","($0.6)","$0.2","$0.0","($0.1)","$0.1","($0.3)","($0.8)","$1.8","$1.6"
"Didi Gregorius","PHI","SS","159.8","580","$0.0","($0.5)","($0.1)","($0.2)","($0.6)","($0.1)","($1.6)","$2.6","$1.5"
"Shohei Ohtani","LAA","DH","208.9","492","($0.3)","($0.6)","$0.3","($0.2)","($0.1)","($0.7)","($1.6)","$2.6","$1.5"
"Josh Bell","WSN","1B/DH","150.5","583","$0.2","($0.3)","($0.5)","$0.1","$0.2","($0.3)","($0.6)","$1.6","$1.5"
"Yoan Moncada","CHW","3B","88.4","650","($0.2)","$0.0","($0.1)","($0.2)","($0.3)","$0.1","($0.6)","$1.6","$1.5"
"Tommy Pham","SDP","OF/DH","132.8","551","($0.6)","($0.2)","$0.4","($0.5)","$0.4","($0.4)","($0.9)","$1.8","$1.4"
"Teoscar Hernandez","TOR","OF","82.4","614","$0.1","($0.2)","$0.0","$0.2","($0.8)","($0.3)","($1.0)","$1.8","$1.4"
"Ian Happ","CHC","OF","165.6","594","($0.3)","($0.1)","$0.0","$0.0","($0.1)","($0.5)","($1.0)","$1.8","$1.4"
"Carlos Santana","KCR","1B","286.6","634","($0.1)","($0.2)","($0.4)","($0.2)","$0.4","($0.3)","($0.8)","$1.6","$1.3"
"Gary Sanchez","NYY","C","163.6","376","($0.9)","($1.3)","($0.5)","($0.3)","($0.4)","($1.8)","($5.2)","$6.0","$1.3"
"Eddie Rosario","CLE","OF","106.6","547","$0.1","($0.5)","($0.3)","$0.0","($0.5)","($0.1)","($1.1)","$1.8","$1.2"
"Lourdes Gurriel Jr.","TOR","OF","89.1","584","$0.0","($0.4)","($0.1)","($0.1)","($0.7)","$0.1","($1.1)","$1.8","$1.2"
"J.P. Crawford","SEA","SS","485.0","671","($0.9)","($0.2)","$0.3","($0.9)","($0.2)","$0.0","($1.9)","$2.6","$1.2"
"Christian Vazquez","BOS","C","150.7","430","($1.2)","($1.4)","($0.2)","($1.0)","($0.5)","($1.1)","($5.3)","$6.0","$1.2"
"Cavan Biggio","TOR","2B","66.1","627","($0.7)","$0.0","$0.3","($0.5)","$0.2","($0.5)","($1.3)","$1.9","$1.2"
"Byron Buxton","MIN","OF","111.3","531","($0.2)","($0.4)","$0.6","($0.1)","($0.6)","($0.4)","($1.2)","$1.8","$1.2"
"Eric Hosmer","SDP","1B","152.0","636","$0.1","($0.3)","($0.2)","($0.2)","($0.5)","$0.1","($0.9)","$1.6","$1.1"
"Will Smith","LAD","C","96.3","369","($1.1)","($1.4)","($0.4)","($0.6)","($0.2)","($1.7)","($5.4)","$6.0","$1.1"
"David Fletcher","LAA","SS","235.1","654","($1.0)","($0.2)","$0.0","($1.3)","($0.2)","$0.6","($2.0)","$2.6","$1.1"
"Aaron Hicks","NYY","OF","276.4","583","($0.4)","($0.2)","$0.0","($0.3)","$0.2","($0.7)","($1.4)","$1.8","$1.0"
"Mike Yastrzemski","SFG","OF","138.6","659","($0.5)","$0.0","($0.1)","($0.4)","($0.4)","$0.0","($1.4)","$1.8","$1.0"
"Buster Posey","SFG","C","241.3","472","($1.3)","($1.3)","($0.4)","($1.3)","($0.3)","($0.9)","($5.5)","$6.0","$1.0"
"Wil Myers","SDP","OF","137.1","598","($0.1)","($0.4)","$0.3","($0.1)","($0.6)","($0.4)","($1.4)","$1.8","$1.0"
"Yuli Gurriel","HOU","1B","316.3","609","$0.1","($0.4)","($0.3)","($0.3)","($0.6)","$0.3","($1.2)","$1.6","$0.9"
"Ramon Laureano","OAK","OF","146.4","621","($0.3)","($0.3)","$0.1","($0.3)","($0.5)","($0.2)","($1.5)","$1.8","$0.9"
"Alec Bohm","PHI","3B","999.0","554","($0.3)","($0.5)","($0.3)","($0.4)","$0.2","$0.0","($1.3)","$1.6","$0.8"
"Mitch Haniger","SEA","OF","258.4","607","($0.5)","($0.2)","($0.1)","($0.1)","($0.3)","($0.4)","($1.5)","$1.8","$0.8"
"Justin Turner","LAD","3B","202.8","553","($0.3)","($0.3)","($0.4)","($0.4)","$0.3","($0.2)","($1.3)","$1.6","$0.8"
"Jean Segura","PHI","2B/3B","188.1","596","($0.5)","($0.4)","$0.0","($0.8)","($0.2)","$0.3","($1.7)","$1.9","$0.8"
"Kyle Schwarber","WSN","OF","195.8","508","($0.2)","($0.4)","($0.3)","$0.3","$0.0","($1.0)","($1.6)","$1.8","$0.7"
"Alex Verdugo","BOS","OF","128.9","581","($0.6)","($0.3)","($0.1)","($0.8)","$0.0","$0.2","($1.6)","$1.8","$0.7"
"Brandon Lowe","TBR","2B","72.0","572","($0.3)","($0.4)","($0.2)","($0.1)","($0.3)","($0.4)","($1.8)","$1.9","$0.7"
"Jorge Polanco","MIN","SS","242.5","557","($0.7)","($0.4)","($0.1)","($0.8)","($0.2)","($0.2)","($2.4)","$2.6","$0.7"
"Joc Pederson","CHC","OF","289.1","538","($0.4)","($0.3)","($0.3)","$0.1","($0.2)","($0.7)","($1.7)","$1.8","$0.6"
"Kyle Seager","SEA","3B","288.3","634","$0.0","($0.4)","($0.2)","$0.0","($0.6)","($0.2)","($1.5)","$1.6","$0.6"
"Brian Anderson","MIA","3B","247.2","647","($0.2)","($0.4)","($0.3)","($0.4)","($0.2)","$0.0","($1.5)","$1.6","$0.6"
"Max Muncy","LAD","1B","95.5","556","($0.3)","($0.2)","($0.4)","$0.0","$0.3","($0.9)","($1.6)","$1.6","$0.5"
"Ke'Bryan Hayes","PIT","3B","149.1","574","($0.6)","($0.5)","$0.0","($0.6)","$0.1","$0.0","($1.6)","$1.6","$0.5"
"Mark Canha","OAK","OF/DH","260.2","594","($0.4)","($0.4)","($0.3)","($0.4)","$0.1","($0.5)","($1.8)","$1.8","$0.5"
"Nick Madrigal","CHW","2B","194.4","547","($1.0)","($0.7)","$0.7","($1.4)","$0.2","$0.3","($1.9)","$1.9","$0.5"
"Elvis Andrus","OAK","SS","376.3","608","($0.7)","($0.7)","$0.6","($1.0)","($0.9)","$0.0","($2.6)","$2.6","$0.5"
"Sean Murphy","OAK","C","174.3","373","($1.4)","($1.5)","($0.4)","($0.8)","($0.3)","($1.6)","($6.0)","$6.0","$0.5"
"Victor Robles","WSN","OF","150.1","598","($0.6)","($0.6)","$0.8","($0.7)","($0.6)","($0.2)","($1.9)","$1.8","$0.5"
"Trey Mancini","BAL","1B/OF","167.1","568","($0.3)","($0.4)","($0.5)","($0.1)","($0.3)","($0.2)","($1.9)","$1.8","$0.5"
"Jesse Winker","CIN","DH","215.6","472","($0.8)","($0.8)","($0.4)","($0.5)","$0.5","($0.8)","($2.7)","$2.6","$0.4"
"Justin Upton","LAA","OF","404.0","552","($0.2)","($0.5)","($0.3)","$0.0","($0.3)","($0.7)","($2.0)","$1.8","$0.3"
"James McCann","NYM","C","179.2","427","($1.2)","($1.5)","($0.4)","($0.9)","($0.8)","($1.4)","($6.2)","$6.0","$0.3"
"Austin Nola","SDP","C","167.2","396","($1.4)","($1.6)","($0.4)","($1.2)","($0.2)","($1.4)","($6.2)","$6.0","$0.3"
"Kyle Lewis","SEA","OF","141.5","650","($0.3)","($0.5)","($0.2)","($0.3)","($0.8)","($0.2)","($2.1)","$1.8","$0.2"
"Willie Calhoun","TEX","DH","408.2","527","($0.5)","($0.8)","($0.4)","($0.3)","($0.4)","($0.4)","($2.9)","$2.6","$0.2"
"Andrelton Simmons","MIN","SS","488.1","569","($0.8)","($0.7)","$0.0","($1.2)","($0.3)","$0.1","($2.9)","$2.6","$0.2"
"Hunter Dozier","KCR","1B/OF","241.4","622","($0.3)","($0.5)","($0.2)","($0.5)","($0.5)","($0.2)","($2.2)","$1.8","$0.2"
"Andrew Benintendi","KCR","OF","215.3","573","($0.9)","($0.5)","$0.2","($0.8)","$0.0","($0.4)","($2.3)","$1.8","$0.0"
"Ryan Mountcastle","BAL","OF","151.1","538","($0.3)","($0.8)","($0.4)","($0.2)","($0.5)","($0.1)","($2.4)","$1.8","$0.0"
"Austin Meadows","TBR","OF","94.8","522","($0.7)","($0.5)","$0.2","($0.3)","($0.3)","($0.6)","($2.4)","$1.8","$0.0"
"Bryan Reynolds","PIT","OF","320.9","582","($0.7)","($0.6)","($0.2)","($0.7)","($0.2)","($0.1)","($2.5)","$1.8","($0.1)"
"Yadier Molina","STL","C","258.8","389","($1.5)","($1.8)","($0.4)","($1.2)","($0.5)","($1.3)","($6.6)","$6.0","($0.1)"
"A.J. Pollock","LAD","OF","188.8","528","($0.3)","($0.6)","($0.1)","($0.2)","($0.7)","($0.6)","($2.5)","$1.8","($0.1)"
"Jeimer Candelario","DET","1B","284.7","594","($0.4)","($0.5)","($0.3)","($0.5)","($0.2)","($0.4)","($2.2)","$1.6","($0.2)"
"Danny Jansen","TOR","C","322.9","358","($1.6)","($1.6)","($0.4)","($1.0)","($0.3)","($1.8)","($6.7)","$6.0","($0.2)"
"Christian Walker","ARI","1B","204.4","563","($0.3)","($0.6)","($0.3)","($0.3)","($0.4)","($0.4)","($2.3)","$1.6","($0.2)"
"Eduardo Escobar","ARI","3B","294.9","607","($0.2)","($0.5)","($0.3)","($0.4)","($0.7)","($0.1)","($2.3)","$1.6","($0.2)"
"Nate Lowe","TEX","1B/3B/DH","370.3","519","($0.5)","($0.7)","($0.4)","($0.3)","$0.2","($0.6)","($2.3)","$1.6","($0.2)"
"Nick Ahmed","ARI","SS","454.8","593","($0.6)","($0.9)","($0.1)","($0.7)","($0.7)","($0.3)","($3.3)","$2.6","($0.2)"
"Nick Solak","TEX","OF","180.2","549","($0.7)","($0.8)","$0.0","($0.7)","($0.2)","($0.3)","($2.6)","$1.8","($0.3)"
"Austin Riley","ATL","3B","212.3","519","($0.2)","($0.7)","($0.4)","$0.0","($0.4)","($0.5)","($2.4)","$1.6","($0.3)"
"Giovanny Urshela","NYY","3B","160.0","579","($0.4)","($0.6)","($0.4)","($0.6)","($0.4)","$0.0","($2.4)","$1.6","($0.3)"
"Adam Eaton","CHW","OF","391.9","559","($1.0)","($0.4)","$0.0","($0.9)","$0.0","($0.4)","($2.7)","$1.8","($0.3)"
"Brandon Belt","SFG","1B","441.3","547","($0.6)","($0.5)","($0.4)","($0.5)","$0.3","($0.7)","($2.4)","$1.6","($0.3)"
"Clint Frazier","NYY","OF","176.6","525","($0.4)","($0.7)","($0.2)","($0.3)","($0.4)","($0.7)","($2.7)","$1.8","($0.4)"
"Carson Kelly","ARI","C","258.3","347","($1.6)","($1.8)","($0.5)","($1.1)","($0.2)","($1.8)","($6.9)","$6.0","($0.5)"
"Tucker Barnhart","CIN","C","520.5","381","($1.6)","($1.7)","($0.4)","($1.2)","($0.3)","($1.7)","($7.0)","$6.0","($0.5)"
"Lorenzo Cain","MIL","OF","250.0","560","($1.2)","($0.6)","$0.4","($1.1)","($0.1)","($0.3)","($2.8)","$1.8","($0.5)"
"Willy Adames","TBR","SS","424.9","526","($0.8)","($0.9)","($0.2)","($0.7)","($0.3)","($0.6)","($3.6)","$2.6","($0.5)"
"C.J. Cron","COL","1B","269.5","484","($0.3)","($0.8)","($0.5)","($0.1)","($0.2)","($0.7)","($2.6)","$1.6","($0.5)"
"Evan White","SEA","1B","459.6","596","($0.4)","($0.7)","($0.3)","($0.1)","($0.9)","($0.4)","($2.6)","$1.6","($0.6)"
"Daulton Varsho","ARI","C/OF/DH","179.4","302","($1.8)","($1.9)","($0.1)","($1.2)","($0.2)","($1.9)","($7.1)","$6.0","($0.6)"
"Dominic Smith","NYM","1B/OF","120.5","527","($0.4)","($0.8)","($0.4)","($0.4)","($0.5)","($0.5)","($2.9)","$1.8","($0.6)"
"Elias Diaz","COL","C","446.0","340","($1.7)","($1.9)","($0.5)","($1.3)","($0.2)","($1.5)","($7.1)","$6.0","($0.6)"
"Luis Arraez","MIN","2B","431.1","531","($1.1)","($0.9)","($0.3)","($1.5)","$0.5","$0.2","($3.1)","$1.9","($0.6)"
"Corey Dickerson","MIA","OF","429.5","552","($0.6)","($0.8)","($0.3)","($0.6)","($0.6)","($0.2)","($3.0)","$1.8","($0.6)"
"Wilson Ramos","DET","C","264.2","294","($1.7)","($1.9)","($0.5)","($1.2)","($0.1)","($1.7)","($7.1)","$6.0","($0.7)"
"Miguel Rojas","MIA","SS","486.0","551","($1.2)","($1.0)","$0.1","($1.2)","($0.3)","($0.2)","($3.8)","$2.6","($0.7)"
"Nick Senzel","CIN","OF","271.5","521","($0.9)","($0.7)","$0.4","($0.7)","($0.5)","($0.6)","($3.0)","$1.8","($0.7)"
"Austin Hays","BAL","OF","248.9","528","($0.7)","($0.8)","$0.1","($0.4)","($0.8)","($0.5)","($3.0)","$1.8","($0.7)"
"Raimel Tapia","COL","OF","247.6","557","($1.0)","($0.8)","$0.3","($1.2)","($0.4)","$0.0","($3.1)","$1.8","($0.7)"
"Chris Taylor","LAD","SS/OF","225.0","512","($0.8)","($0.9)","($0.1)","($0.9)","($0.3)","($0.8)","($3.8)","$2.6","($0.7)"
"Dylan Carlson","STL","OF","999.0","538","($0.7)","($0.9)","$0.2","($0.6)","($0.4)","($0.6)","($3.1)","$1.8","($0.7)"
"Mitch Garver","MIN","C","200.9","302","($1.7)","($1.7)","($0.5)","($1.0)","($0.2)","($2.0)","($7.2)","$6.0","($0.7)"
"Ryan Jeffers","MIN","C","999.0","290","($1.7)","($1.8)","($0.4)","($1.1)","($0.2)","($1.9)","($7.2)","$6.0","($0.8)"
"Robbie Grossman","DET","OF","422.1","535","($1.0)","($0.8)","$0.1","($0.9)","$0.2","($0.6)","($3.1)","$1.8","($0.8)"
"David Peralta","ARI","OF","280.6","539","($0.6)","($0.9)","($0.4)","($0.7)","($0.3)","($0.3)","($3.1)","$1.8","($0.8)"
"Kolten Wong","MIL","2B","256.9","550","($1.1)","($0.8)","$0.3","($1.1)","($0.1)","($0.4)","($3.3)","$1.9","($0.8)"
"Jose Iglesias","LAA","SS","500.0","539","($0.9)","($1.0)","($0.1)","($1.2)","($0.6)","($0.1)","($3.9)","$2.6","($0.8)"
"Ryan McMahon","COL","2B","240.0","526","($0.6)","($0.9)","($0.3)","($0.5)","($0.4)","($0.6)","($3.3)","$1.9","($0.9)"
"Cesar Hernandez","CLE","2B","392.8","567","($1.2)","($0.7)","($0.2)","($1.2)","$0.1","($0.2)","($3.3)","$1.9","($0.9)"
"Colin Moran","PIT","1B/DH","497.7","550","($0.5)","($0.9)","($0.5)","($0.5)","($0.3)","($0.3)","($3.0)","$1.6","($0.9)"
"Bobby Dalbec","BOS","1B","326.6","499","($0.5)","($0.7)","($0.3)","$0.0","($0.4)","($1.0)","($3.0)","$1.6","($0.9)"
"Tyler O'Neill","STL","OF","481.5","516","($0.4)","($0.9)","($0.2)","($0.1)","($0.8)","($0.9)","($3.3)","$1.8","($1.0)"
"Jonathan Schoop","DET","2B","379.3","518","($0.6)","($0.9)","($0.4)","($0.3)","($0.8)","($0.5)","($3.5)","$1.9","($1.1)"
"Brendan Rodgers","COL","2B/SS/DH","466.5","472","($0.9)","($1.2)","($0.3)","($0.8)","($0.4)","($0.7)","($4.2)","$2.6","($1.1)"
"Stephen Piscotty","OAK","OF","517.7","534","($0.6)","($0.9)","($0.3)","($0.5)","($0.5)","($0.6)","($3.5)","$1.8","($1.1)"
"Tom Murphy","SEA","C","346.7","339","($1.6)","($1.9)","($0.4)","($0.9)","($0.9)","($1.9)","($7.7)","$6.0","($1.2)"
"Max Stassi","LAA","C","419.0","313","($1.8)","($1.9)","($0.5)","($1.1)","($0.4)","($2.1)","($7.7)","$6.0","($1.2)"
"Willi Castro","DET","SS","263.0","494","($1.1)","($1.1)","($0.1)","($1.0)","($0.5)","($0.6)","($4.3)","$2.6","($1.2)"
"Jesus Aguilar","MIA","1B/DH","369.6","511","($0.7)","($0.9)","($0.5)","($0.4)","($0.2)","($0.8)","($3.3)","$1.6","($1.2)"
"Leody Taveras","TEX","OF","199.4","541","($1.3)","($0.8)","$0.7","($1.1)","($0.6)","($0.6)","($3.6)","$1.8","($1.3)"
"Jacob Stallings","PIT","C","458.1","342","($1.8)","($2.0)","($0.5)","($1.4)","($0.4)","($1.7)","($7.8)","$6.0","($1.3)"
"Isiah Kiner-Falefa","TEX","3B","311.0","591","($1.0)","($0.9)","$0.3","($1.3)","($0.5)","($0.1)","($3.4)","$1.6","($1.4)"
"Yan Gomes","WSN","C","320.2","300","($1.8)","($2.0)","($0.5)","($1.1)","($0.4)","($2.0)","($7.9)","$6.0","($1.4)"
"Roberto Perez","CLE","C","512.2","350","($1.8)","($1.9)","($0.5)","($1.1)","($0.6)","($2.0)","($7.9)","$6.0","($1.4)"
"Brandon Nimmo","NYM","OF","267.7","481","($1.3)","($0.7)","($0.1)","($0.9)","$0.5","($1.2)","($3.8)","$1.8","($1.4)"
"Mike Zunino","TBR","C","553.6","333","($1.7)","($1.9)","($0.4)","($0.9)","($0.9)","($2.1)","($7.9)","$6.0","($1.4)"
"Josh Naylor","CLE","OF","480.2","470","($0.9)","($1.0)","($0.3)","($0.7)","($0.1)","($0.7)","($3.8)","$1.8","($1.4)"
"Tommy Edman","STL","3B/OF","132.1","520","($1.2)","($0.8)","$0.3","($1.0)","($0.5)","($0.4)","($3.6)","$1.6","($1.5)"
"Adam Duvall","MIA","OF","352.0","503","($0.5)","($1.0)","($0.5)","($0.1)","($0.8)","($1.0)","($3.9)","$1.8","($1.5)"
"Alex Dickerson","SFG","OF","355.4","452","($0.9)","($1.0)","($0.4)","($0.7)","$0.0","($0.8)","($3.9)","$1.8","($1.5)"
"Jason Heyward","CHC","OF","503.2","516","($1.0)","($1.0)","($0.3)","($0.9)","($0.1)","($0.8)","($3.9)","$1.8","($1.6)"
"Hunter Renfroe","BOS","OF","452.9","446","($0.6)","($1.0)","($0.3)","($0.1)","($0.7)","($1.2)","($3.9)","$1.8","($1.6)"
"Jose Trevino","TEX","C","532.3","334","($1.9)","($2.0)","($0.4)","($1.4)","($0.7)","($1.7)","($8.1)","$6.0","($1.6)"
"Martin Maldonado","HOU","C","517.7","337","($1.8)","($1.9)","($0.5)","($1.2)","($0.7)","($2.0)","($8.1)","$6.0","($1.6)"
"Myles Straw","HOU","OF","346.8","503","($1.5)","($1.1)","$1.2","($1.6)","($0.2)","($0.7)","($4.0)","$1.8","($1.6)"
"Harrison Bader","STL","OF","508.4","507","($1.0)","($1.1)","$0.2","($0.7)","($0.4)","($1.0)","($4.0)","$1.8","($1.6)"
"Adam Frazier","PIT","2B","521.1","530","($1.3)","($0.9)","($0.2)","($1.1)","($0.3)","($0.4)","($4.1)","$1.9","($1.7)"
"Luis Torrens","SEA","C","528.6","280","($2.0)","($2.1)","($0.4)","($1.4)","($0.3)","($2.0)","($8.3)","$6.0","($1.8)"
"Jorge Alfaro","MIA","C","247.4","303","($1.9)","($2.1)","($0.4)","($1.3)","($0.6)","($2.0)","($8.3)","$6.0","($1.8)"
"Chance Sisco","BAL","C","538.8","290","($2.0)","($2.1)","($0.5)","($1.3)","($0.2)","($2.2)","($8.3)","$6.0","($1.8)"
"Kurt Suzuki","LAA","C","457.5","253","($2.0)","($2.1)","($0.5)","($1.3)","($0.3)","($2.2)","($8.3)","$6.0","($1.8)"
"Starlin Castro","WSN","2B","405.7","481","($0.8)","($1.1)","($0.4)","($0.8)","($0.6)","($0.6)","($4.3)","$1.9","($1.9)"
"Freddy Galvis","BAL","SS","523.3","527","($1.0)","($1.1)","($0.3)","($0.8)","($1.0)","($0.7)","($5.0)","$2.6","($1.9)"
"Brandon Crawford","SFG","SS","551.1","517","($1.0)","($1.3)","($0.3)","($1.0)","($0.6)","($0.8)","($5.0)","$2.6","($1.9)"
"Donovan Solano","SFG","2B","540.4","537","($1.1)","($1.1)","($0.4)","($1.4)","($0.4)","$0.0","($4.4)","$1.9","($1.9)"
"Omar Narvaez","MIL","C","342.4","271","($2.0)","($2.2)","($0.5)","($1.4)","($0.1)","($2.2)","($8.4)","$6.0","($1.9)"
"Alejandro Kirk","TOR","C/DH","999.0","212","($2.1)","($2.2)","($0.4)","($1.4)","$0.0","($2.3)","($8.5)","$6.0","($2.0)"
"Amed Rosario","CLE","SS","339.0","415","($1.4)","($1.4)","$0.2","($1.2)","($0.4)","($0.9)","($5.1)","$2.6","($2.0)"
"Jared Walsh","LAA","1B","216.3","451","($0.8)","($1.0)","($0.5)","($0.3)","($0.4)","($1.1)","($4.1)","$1.6","($2.0)"
"Dylan Moore","SEA","OF","124.1","478","($1.3)","($1.2)","$0.8","($0.9)","($0.7)","($1.2)","($4.4)","$1.8","($2.0)"
"Pedro Severino","BAL","C","340.1","256","($2.1)","($2.2)","($0.5)","($1.3)","($0.3)","($2.2)","($8.6)","$6.0","($2.1)"
"Ty France","SEA","1B/2B/3B/DH","355.9","476","($1.0)","($1.2)","($0.4)","($0.7)","($0.4)","($0.8)","($4.5)","$1.9","($2.1)"
"Jackie Bradley Jr.","","OF","434.4","491","($1.0)","($1.2)","$0.0","($0.6)","($0.5)","($1.2)","($4.5)","$1.8","($2.1)"
"Gregory Polanco","PIT","OF","493.6","471","($0.9)","($1.2)","($0.1)","($0.5)","($0.7)","($1.2)","($4.5)","$1.8","($2.2)"
"Kole Calhoun","ARI","OF","269.0","474","($1.0)","($1.0)","($0.3)","($0.6)","($0.4)","($1.2)","($4.5)","$1.8","($2.2)"
"Cristian Pache","ATL","OF","999.0","500","($1.0)","($1.1)","$0.0","($1.1)","($0.7)","($0.7)","($4.5)","$1.8","($2.2)"
"Orlando Arcia","MIL","SS","535.0","450","($1.2)","($1.5)","($0.1)","($1.0)","($0.5)","($1.0)","($5.3)","$2.6","($2.2)"
"Nico Hoerner","CHC","2B","496.8","448","($1.3)","($1.3)","$0.0","($1.3)","($0.2)","($0.8)","($4.8)","$1.9","($2.3)"
"Rowdy Tellez","TOR","1B/DH","309.4","417","($0.9)","($1.2)","($0.4)","($0.5)","($0.3)","($1.2)","($4.4)","$1.6","($2.4)"
"Alex Avila","WSN","C","599.8","247","($2.2)","($2.2)","($0.5)","($1.3)","($0.1)","($2.6)","($8.9)","$6.0","($2.4)"
"Yandy Diaz","TBR","3B","513.3","468","($1.3)","($1.1)","($0.4)","($1.2)","$0.4","($0.8)","($4.5)","$1.6","($2.4)"
"Kevin Kiermaier","TBR","OF","531.7","490","($1.2)","($1.2)","$0.4","($1.0)","($0.8)","($1.1)","($4.8)","$1.8","($2.4)"
"Manuel Margot","TBR","OF","259.4","432","($1.4)","($1.3)","$0.6","($1.1)","($0.4)","($1.1)","($4.8)","$1.8","($2.4)"
"Ji-Man Choi","TBR","1B","559.3","458","($1.1)","($1.1)","($0.4)","($0.7)","$0.0","($1.2)","($4.5)","$1.6","($2.4)"
"Renato Nunez","DET","1B/DH","463.0","449","($0.8)","($1.2)","($0.5)","($0.4)","($0.5)","($1.1)","($4.5)","$1.6","($2.4)"
"Nicky Lopez","KCR","2B","596.0","522","($1.4)","($1.2)","$0.0","($1.5)","($0.4)","($0.5)","($4.9)","$1.9","($2.4)"
"Kevin Newman","PIT","2B/SS","530.0","440","($1.7)","($1.4)","$0.1","($1.4)","($0.3)","($0.8)","($5.5)","$2.6","($2.5)"
"JaCoby Jones","DET","OF","486.1","512","($1.2)","($1.0)","$0.1","($0.9)","($0.9)","($0.9)","($4.8)","$1.8","($2.5)"
"Rougned Odor","TEX","2B","522.1","449","($1.0)","($1.3)","$0.0","($0.4)","($0.9)","($1.4)","($4.9)","$1.9","($2.5)"
"Rio Ruiz","BAL","3B","547.3","489","($1.0)","($1.2)","($0.4)","($0.7)","($0.5)","($0.9)","($4.7)","$1.6","($2.6)"
"Oscar Mercado","CLE","OF","382.8","454","($1.4)","($1.2)","$0.4","($1.1)","($0.6)","($1.0)","($5.0)","$1.8","($2.6)"
"J.D. Davis","NYM","3B","241.7","419","($1.1)","($1.2)","($0.5)","($0.7)","($0.1)","($1.2)","($4.8)","$1.6","($2.7)"
"Franchy Cordero","BOS","OF/DH","410.7","404","($1.2)","($1.3)","($0.1)","($0.9)","($0.4)","($1.2)","($5.0)","$1.8","($2.7)"
"Gavin Lux","LAD","2B/DH","242.7","403","($1.2)","($1.4)","($0.1)","($1.0)","($0.2)","($1.2)","($5.2)","$1.9","($2.7)"
"Tommy La Stella","SFG","2B","362.0","419","($1.5)","($1.2)","($0.4)","($1.2)","$0.1","($0.9)","($5.2)","$1.9","($2.7)"
"Dom Nunez","COL","C","596.2","210","($2.3)","($2.4)","($0.4)","($1.4)","($0.3)","($2.6)","($9.3)","$6.0","($2.8)"
"Mitch Moreland","OAK","1B","532.9","453","($0.9)","($1.2)","($0.5)","($0.5)","($0.6)","($1.3)","($4.9)","$1.6","($2.8)"
"Niko Goodrum","DET","SS","489.8","443","($1.5)","($1.4)","$0.1","($1.1)","($0.8)","($1.4)","($5.9)","$2.6","($2.8)"
"Jason Castro","HOU","C","545.9","231","($2.2)","($2.3)","($0.5)","($1.4)","($0.3)","($2.6)","($9.3)","$6.0","($2.8)"
"Randal Grichuk","TOR","OF","239.8","403","($0.9)","($1.3)","($0.4)","($0.5)","($0.7)","($1.3)","($5.2)","$1.8","($2.9)"
"Jake Cronenworth","SDP","2B","201.6","420","($1.4)","($1.5)","$0.0","($1.4)","$0.0","($1.0)","($5.3)","$1.9","($2.9)"
"Andres Gimenez","CLE","SS","176.4","370","($1.6)","($1.7)","$0.5","($1.3)","($0.4)","($1.4)","($6.0)","$2.6","($2.9)"
"Jonah Heim","TEX","C/DH","576.1","219","($2.3)","($2.4)","($0.5)","($1.5)","($0.3)","($2.4)","($9.4)","$6.0","($2.9)"
"Andrew Knizner","STL","C/DH","565.5","194","($2.3)","($2.5)","($0.5)","($1.5)","($0.2)","($2.5)","($9.4)","$6.0","($2.9)"
"Francisco Mejia","TBR","C","497.6","211","($2.3)","($2.4)","($0.5)","($1.4)","($0.4)","($2.5)","($9.4)","$6.0","($2.9)"
"Nomar Mazara","DET","OF","527.0","409","($1.1)","($1.4)","($0.4)","($0.7)","($0.4)","($1.3)","($5.3)","$1.8","($2.9)"
"Enrique Hernandez","BOS","2B","450.5","399","($1.3)","($1.3)","($0.4)","($0.8)","($0.3)","($1.4)","($5.4)","$1.9","($3.0)"
"Victor Caratini","SDP","C","522.1","198","($2.3)","($2.4)","($0.5)","($1.5)","($0.1)","($2.5)","($9.4)","$6.0","($3.0)"
"Sam Hilliard","COL","OF","361.5","420","($1.2)","($1.5)","$0.1","($0.8)","($0.7)","($1.3)","($5.3)","$1.8","($3.0)"
"Alexander Kirilloff","MIN","OF","999.0","394","($1.3)","($1.4)","($0.2)","($1.0)","($0.3)","($1.1)","($5.4)","$1.8","($3.0)"
"Tyler Stephenson","CIN","C/DH","477.4","191","($2.3)","($2.4)","($0.5)","($1.5)","($0.2)","($2.6)","($9.6)","$6.0","($3.1)"
"Evan Longoria","SFG","3B","498.0","438","($1.0)","($1.3)","($0.4)","($0.7)","($0.6)","($1.1)","($5.2)","$1.6","($3.1)"
"Austin Barnes","LAD","C","559.6","198","($2.4)","($2.4)","($0.4)","($1.6)","($0.1)","($2.7)","($9.6)","$6.0","($3.2)"
"Chad Wallach","MIA","C","599.8","245","($2.3)","($2.4)","($0.4)","($1.5)","($0.6)","($2.5)","($9.6)","$6.0","($3.2)"
"Luis Urias","MIL","3B","473.9","465","($1.3)","($1.4)","($0.2)","($1.1)","($0.2)","($1.0)","($5.3)","$1.6","($3.2)"
"Mauricio Dubon","SFG","OF","290.4","415","($1.4)","($1.6)","$0.0","($1.2)","($0.4)","($1.0)","($5.6)","$1.8","($3.2)"
"Manny Pina","MIL","C","600.2","194","($2.3)","($2.5)","($0.5)","($1.5)","($0.3)","($2.6)","($9.7)","$6.0","($3.2)"
"Shogo Akiyama","CIN","OF","500.7","387","($1.7)","($1.4)","$0.0","($1.2)","$0.1","($1.3)","($5.6)","$1.8","($3.3)"
"Dexter Fowler","LAA","OF","583.1","447","($1.4)","($1.2)","($0.2)","($0.9)","($0.4)","($1.5)","($5.7)","$1.8","($3.3)"
"Carter Kieboom","WSN","3B","480.4","458","($1.3)","($1.4)","($0.3)","($1.1)","($0.2)","($1.2)","($5.4)","$1.6","($3.3)"
"David Dahl","TEX","OF","356.0","434","($1.3)","($1.4)","($0.2)","($0.9)","($0.7)","($1.2)","($5.7)","$1.8","($3.4)"
"Austin Hedges","CLE","C","599.6","182","($2.3)","($2.5)","($0.5)","($1.4)","($0.4)","($2.8)","($9.9)","$6.0","($3.4)"
"Khris Davis","TEX","DH","534.8","317","($1.4)","($1.7)","($0.5)","($0.6)","($0.3)","($2.0)","($6.5)","$2.6","($3.4)"
"Austin Romine","CHC","C","580.3","183","($2.4)","($2.6)","($0.5)","($1.5)","($0.4)","($2.6)","($9.9)","$6.0","($3.5)"
"Kevin Plawecki","BOS","C","587.1","169","($2.5)","($2.5)","($0.5)","($1.6)","($0.1)","($2.7)","($9.9)","$6.0","($3.5)"
"Stephen Vogt","ARI","C","598.6","179","($2.4)","($2.5)","($0.5)","($1.5)","($0.3)","($2.7)","($10.0)","$6.0","($3.5)"
"D.J. Stewart","BAL","OF","559.7","367","($1.5)","($1.6)","($0.3)","($0.8)","($0.2)","($1.7)","($6.0)","$1.8","($3.6)"
"Scott Kingery","PHI","2B","357.0","432","($1.4)","($1.5)","$0.0","($1.0)","($0.9)","($1.3)","($6.1)","$1.9","($3.6)"
"Jurickson Profar","SDP","OF","268.4","369","($1.5)","($1.6)","($0.1)","($1.0)","($0.2)","($1.6)","($6.0)","$1.8","($3.7)"
"Kyle Higashioka","NYY","C/DH","533.7","148","($2.4)","($2.6)","($0.5)","($1.4)","($0.4)","($2.9)","($10.2)","$6.0","($3.8)"
"Jarred Kelenic","SEA","OF","211.2","381","($1.5)","($1.6)","$0.0","($1.0)","($0.6)","($1.5)","($6.2)","$1.8","($3.8)"
"Grayson Greiner","DET","C","599.3","177","($2.5)","($2.6)","($0.5)","($1.6)","($0.4)","($2.8)","($10.3)","$6.0","($3.9)"
"Curt Casali","SFG","C","588.7","148","($2.6)","($2.7)","($0.5)","($1.6)","($0.2)","($2.9)","($10.4)","$6.0","($3.9)"
"Wander Franco","TBR","SS","999.0","381","($1.8)","($1.8)","($0.1)","($1.4)","($0.6)","($1.5)","($7.1)","$2.6","($4.0)"
"Tomas Nido","NYM","C","999.0","166","($2.5)","($2.7)","($0.5)","($1.6)","($0.4)","($2.8)","($10.5)","$6.0","($4.0)"
"Yasiel Puig","","OF","380.8","318","($1.5)","($1.7)","($0.1)","($1.0)","($0.3)","($1.8)","($6.4)","$1.8","($4.0)"
"Jon Berti","MIA","2B","285.2","371","($2.0)","($1.7)","$0.4","($1.4)","($0.2)","($1.6)","($6.5)","$1.9","($4.0)"
"Michael Perez","PIT","C","999.0","145","($2.6)","($2.7)","($0.5)","($1.6)","($0.2)","($2.9)","($10.5)","$6.0","($4.1)"
"Zack Collins","CHW","C/1B/DH","599.2","131","($2.6)","($2.7)","($0.5)","($1.6)","($0.1)","($3.1)","($10.6)","$6.0","($4.1)"
"Maikel Franco","","3B","506.9","347","($1.3)","($1.6)","($0.5)","($0.8)","($0.3)","($1.6)","($6.2)","$1.6","($4.1)"
"Yoshitomo Tsutsugo","TBR","DH","536.7","299","($1.7)","($1.8)","($0.5)","($1.0)","($0.1)","($2.1)","($7.2)","$2.6","($4.2)"
"Joey Wendle","TBR","2B/3B","351.8","377","($1.7)","($1.7)","$0.1","($1.4)","($0.4)","($1.4)","($6.6)","$1.9","($4.2)"
"Victor Reyes","DET","OF","230.0","361","($1.9)","($1.6)","$0.1","($1.4)","($0.5)","($1.3)","($6.6)","$1.8","($4.2)"
"Reese McGuire","TOR","C","601.0","136","($2.6)","($2.7)","($0.5)","($1.7)","($0.3)","($2.9)","($10.7)","$6.0","($4.2)"
"Alex Jackson","ATL","C","599.1","120","($2.6)","($2.7)","($0.5)","($1.5)","($0.3)","($3.1)","($10.7)","$6.0","($4.3)"
"Isan Diaz","MIA","2B","596.5","379","($1.6)","($1.7)","($0.3)","($1.0)","($0.5)","($1.7)","($6.7)","$1.9","($4.3)"
"Josh Reddick","","OF","597.1","354","($1.6)","($1.7)","($0.4)","($1.2)","($0.2)","($1.5)","($6.6)","$1.8","($4.3)"
"Aramis Garcia","OAK","C/1B","599.8","157","($2.6)","($2.7)","($0.5)","($1.6)","($0.5)","($2.9)","($10.8)","$6.0","($4.3)"
"Cam Gallagher","KCR","C","595.7","134","($2.7)","($2.7)","($0.5)","($1.7)","($0.2)","($2.9)","($10.8)","$6.0","($4.3)"
"Chad Pinder","OAK","2B/3B/OF/DH","568.7","353","($1.5)","($1.7)","($0.5)","($1.0)","($0.5)","($1.6)","($6.8)","$1.9","($4.3)"
"Ha-seong Kim","SDP","DH","999.0","282","($1.9)","($2.0)","($0.1)","($1.3)","($0.2)","($2.0)","($7.4)","$2.6","($4.3)"
"Jacob Nottingham","MIL","C","600.1","131","($2.6)","($2.8)","($0.5)","($1.6)","($0.3)","($3.0)","($10.8)","$6.0","($4.3)"
"Andrew Knapp","PHI","C","584.8","132","($2.7)","($2.7)","($0.5)","($1.7)","($0.1)","($3.0)","($10.8)","$6.0","($4.3)"
"Tyler Flowers","","C","600.4","118","($2.7)","($2.8)","($0.5)","($1.7)","($0.2)","($3.1)","($11.0)","$6.0","($4.5)"
"Nick Markakis","","OF","600.6","343","($1.7)","($1.8)","($0.5)","($1.4)","$0.0","($1.5)","($6.9)","$1.8","($4.5)"
"Albert Pujols","LAA","1B","584.7","354","($1.4)","($1.7)","($0.5)","($0.9)","($0.6)","($1.6)","($6.6)","$1.6","($4.5)"
"Jonathan Villar","NYM","2B/SS","180.2","269","($2.2)","($2.0)","$0.3","($1.4)","($0.3)","($2.1)","($7.7)","$2.6","($4.6)"
"Jake Rogers","DET","C","600.9","112","($2.7)","($2.8)","($0.5)","($1.6)","($0.2)","($3.1)","($11.1)","$6.0","($4.6)"
"Jonathan Lucroy","CHW","C","601.0","110","($2.8)","($2.8)","($0.5)","($1.7)","($0.2)","($3.1)","($11.1)","$6.0","($4.6)"
"Tony Kemp","OAK","2B","598.3","352","($1.9)","($1.8)","$0.0","($1.5)","($0.2)","($1.6)","($7.2)","$1.9","($4.7)"
"Robinson Chirinos","NYY","C","999.0","89","($2.8)","($2.9)","($0.5)","($1.7)","($0.1)","($3.3)","($11.3)","$6.0","($4.8)"
"Avisail Garcia","MIL","OF","317.6","315","($1.7)","($1.9)","($0.3)","($1.2)","($0.3)","($1.8)","($7.1)","$1.8","($4.8)"
"Wilmer Flores","SFG","DH","429.3","247","($1.9)","($2.1)","($0.5)","($1.2)","($0.1)","($2.0)","($7.9)","$2.6","($4.8)"
"Matt Wieters","","C","999.0","90","($2.8)","($2.9)","($0.5)","($1.7)","($0.2)","($3.2)","($11.3)","$6.0","($4.8)"
"Kyle Farmer","CIN","1B/2B/3B/SS/OF","599.9","327","($1.8)","($2.0)","($0.3)","($1.3)","($0.6)","($1.8)","($7.9)","$2.6","($4.8)"
"Tony Wolters","PIT","C","600.7","100","($2.9)","($2.9)","($0.5)","($1.8)","($0.1)","($3.1)","($11.4)","$6.0","($4.9)"
"Marwin Gonzalez","BOS","2B/3B","494.0","313","($1.8)","($1.8)","($0.5)","($1.2)","($0.2)","($1.8)","($7.4)","$1.9","($4.9)"
"Josh Fuentes","COL","1B","545.0","375","($1.5)","($1.8)","($0.4)","($1.2)","($0.8)","($1.4)","($7.0)","$1.6","($5.0)"
"Travis Shaw","MIL","3B","554.7","311","($1.6)","($1.8)","($0.5)","($0.9)","($0.2)","($2.1)","($7.1)","$1.6","($5.0)"
"Joey Bart","SFG","C","496.4","71","($2.9)","($3.0)","($0.5)","($1.7)","($0.1)","($3.2)","($11.5)","$6.0","($5.0)"
"Yusniel Diaz","BAL","OF","999.0","315","($1.9)","($1.9)","($0.3)","($1.3)","($0.3)","($1.9)","($7.4)","$1.8","($5.1)"
"Matt Carpenter","STL","3B","579.1","328","($1.8)","($1.7)","($0.4)","($1.1)","($0.1)","($2.1)","($7.3)","$1.6","($5.2)"
"Austin Allen","OAK","C","600.8","59","($2.9)","($3.0)","($0.5)","($1.8)","($0.1)","($3.3)","($11.7)","$6.0","($5.2)"
"Shed Long","SEA","2B","594.8","308","($2.0)","($1.9)","($0.2)","($1.3)","($0.4)","($2.0)","($7.7)","$1.9","($5.3)"
"William Contreras","ATL","C","999.0","60","($2.9)","($3.0)","($0.5)","($1.8)","($0.1)","($3.3)","($11.7)","$6.0","($5.3)"
"Yoenis Cespedes","","DH","596.3","253","($1.9)","($2.1)","($0.4)","($1.1)","($0.5)","($2.3)","($8.4)","$2.6","($5.3)"
"Ryan Braun","","OF","598.5","255","($1.8)","($2.0)","($0.3)","($1.1)","($0.3)","($2.1)","($7.7)","$1.8","($5.4)"
"Kevan Smith","TBR","C/DH","999.0","48","($3.0)","($3.1)","($0.5)","($1.8)","($0.1)","($3.4)","($11.9)","$6.0","($5.4)"
"Rene Rivera","","C","999.0","49","($3.0)","($3.1)","($0.6)","($1.8)","($0.1)","($3.4)","($11.9)","$6.0","($5.4)"
"Jose Briceno","COL","C","999.0","48","($3.0)","($3.1)","($0.5)","($1.8)","($0.1)","($3.4)","($11.9)","$6.0","($5.4)"
"Beau Taylor","CLE","C","999.0","59","($3.0)","($3.0)","($0.5)","($1.8)","($0.1)","($3.4)","($11.9)","$6.0","($5.4)"
"Garrett Hampson","COL","2B/OF","261.0","286","($2.1)","($2.1)","$0.1","($1.5)","($0.4)","($2.0)","($7.9)","$1.9","($5.5)"
"Welington Castillo","WSN","C","999.0","43","($3.0)","($3.1)","($0.6)","($1.8)","($0.1)","($3.4)","($11.9)","$6.0","($5.5)"
"Sandy Leon","MIA","C","999.0","53","($3.0)","($3.1)","($0.5)","($1.8)","($0.1)","($3.4)","($12.0)","$6.0","($5.5)"
"Meibrys Viloria","KCR","C","999.0","47","($3.0)","($3.1)","($0.5)","($1.8)","($0.1)","($3.4)","($12.0)","$6.0","($5.5)"
"Jake Bauers","CLE","1B/OF","590.1","263","($2.0)","($2.1)","($0.2)","($1.3)","($0.1)","($2.3)","($8.0)","$1.8","($5.6)"
"Keibert Ruiz","LAD","C","597.4","30","($3.1)","($3.1)","($0.6)","($1.8)","$0.0","($3.5)","($12.1)","$6.0","($5.6)"
"Caleb Raleigh","SEA","C","999.0","31","($3.0)","($3.1)","($0.6)","($1.8)","($0.1)","($3.5)","($12.1)","$6.0","($5.6)"
"Brett Gardner","NYY","OF","571.9","266","($2.0)","($2.0)","($0.2)","($1.3)","($0.2)","($2.2)","($8.0)","$1.8","($5.6)"
"Christian Arroyo","BOS","2B/3B/SS","600.7","225","($2.2)","($2.2)","($0.4)","($1.4)","($0.2)","($2.3)","($8.7)","$2.6","($5.7)"
"Yolmer Sanchez","BAL","P/2B/3B/SS/DH","597.1","281","($2.2)","($2.2)","($0.3)","($1.6)","($0.3)","($2.1)","($8.7)","$2.6","($5.7)"
"Kevin Pillar","NYM","OF","486.2","278","($1.9)","($2.1)","($0.2)","($1.3)","($0.5)","($2.0)","($8.1)","$1.8","($5.7)"
"Josh Rojas","ARI","2B/SS/OF/DH","600.4","217","($2.4)","($2.3)","($0.1)","($1.6)","($0.1)","($2.4)","($8.8)","$2.6","($5.8)"
"Brad Miller","PHI","DH","586.8","217","($2.1)","($2.3)","($0.5)","($1.3)","($0.2)","($2.6)","($8.9)","$2.6","($5.8)"
"Edwin Encarnacion","","DH","587.5","207","($2.1)","($2.3)","($0.5)","($1.2)","($0.2)","($2.6)","($8.9)","$2.6","($5.8)"
"Michael A. Taylor","KCR","OF","563.0","282","($2.0)","($2.1)","$0.0","($1.4)","($0.5)","($2.1)","($8.2)","$1.8","($5.9)"
"Luis Garcia","WSN","2B","999.0","274","($2.0)","($2.2)","($0.3)","($1.6)","($0.4)","($1.8)","($8.3)","$1.9","($5.9)"
"Cole Tucker","PIT","OF","598.4","306","($2.1)","($2.1)","($0.2)","($1.5)","($0.4)","($1.9)","($8.3)","$1.8","($5.9)"
"Anthony Alford","PIT","OF/DH","581.5","291","($2.1)","($2.2)","$0.2","($1.5)","($0.6)","($2.1)","($8.3)","$1.8","($5.9)"
"Tim Locastro","ARI","OF","560.9","260","($2.3)","($2.1)","$0.0","($1.6)","($0.2)","($2.2)","($8.3)","$1.8","($6.0)"
"Jordan Luplow","CLE","OF","999.0","240","($2.1)","($2.2)","($0.4)","($1.3)","($0.1)","($2.4)","($8.3)","$1.8","($6.0)"
"Dustin Fowler","PIT","OF","600.2","273","($2.0)","($2.2)","($0.3)","($1.3)","($0.5)","($2.1)","($8.3)","$1.8","($6.0)"
"David Bote","CHC","3B","546.0","267","($2.0)","($2.1)","($0.4)","($1.3)","($0.2)","($2.2)","($8.1)","$1.6","($6.0)"
"Adam Haseley","PHI","OF","596.8","248","($2.1)","($2.2)","($0.4)","($1.5)","($0.2)","($2.2)","($8.6)","$1.8","($6.2)"
"Andrew Vaughn","CHW","1B","999.0","309","($1.9)","($2.0)","($0.4)","($1.2)","($0.7)","($2.1)","($8.3)","$1.6","($6.2)"
"Austin Slater","SFG","OF/DH","517.2","232","($2.3)","($2.2)","($0.2)","($1.5)","$0.0","($2.4)","($8.6)","$1.8","($6.2)"
"Hanser Alberto","KCR","2B","563.2","244","($2.3)","($2.2)","($0.4)","($1.6)","($0.3)","($2.0)","($8.8)","$1.9","($6.4)"
"Garrett Cooper","MIA","1B/DH","505.4","246","($2.1)","($2.2)","($0.5)","($1.3)","($0.2)","($2.2)","($8.5)","$1.6","($6.4)"
"Asdrubal Cabrera","ARI","1B","503.4","251","($2.0)","($2.2)","($0.5)","($1.3)","($0.2)","($2.2)","($8.5)","$1.6","($6.4)"
"Jarrod Dyson","KCR","OF","999.0","249","($2.4)","($2.2)","$0.2","($1.7)","($0.3)","($2.3)","($8.8)","$1.8","($6.4)"
"Jahmai Jones","BAL","2B","600.7","270","($2.2)","($2.2)","($0.2)","($1.6)","($0.4)","($2.2)","($8.9)","$1.9","($6.4)"
"Jarren Duran","BOS","OF","999.0","217","($2.3)","($2.3)","$0.0","($1.7)","($0.2)","($2.3)","($8.8)","$1.8","($6.5)"
"Daniel Johnson Jr.","CLE","OF","596.7","216","($2.2)","($2.3)","($0.3)","($1.4)","($0.3)","($2.4)","($8.9)","$1.8","($6.6)"
"Matt Kemp","","DH","999.0","185","($2.3)","($2.5)","($0.5)","($1.4)","($0.3)","($2.6)","($9.6)","$2.6","($6.6)"
"Daniel Robertson","MIL","2B/3B/SS/OF","999.0","194","($2.4)","($2.5)","($0.4)","($1.6)","$0.0","($2.6)","($9.7)","$2.6","($6.6)"
"Jake Marisnick","CHC","OF","600.1","221","($2.1)","($2.3)","($0.3)","($1.3)","($0.4)","($2.5)","($9.0)","$1.8","($6.6)"
"Adam Engel","CHW","OF","597.5","247","($2.2)","($2.3)","($0.2)","($1.5)","($0.5)","($2.3)","($9.0)","$1.8","($6.7)"
"Leury Garcia","CHW","2B/SS/OF","596.3","189","($2.5)","($2.4)","($0.3)","($1.6)","($0.3)","($2.5)","($9.8)","$2.6","($6.7)"
"Phillip Evans","PIT","1B/3B/OF","600.6","235","($2.2)","($2.3)","($0.4)","($1.5)","($0.2)","($2.3)","($8.9)","$1.6","($6.8)"
"Todd Frazier","PIT","3B","593.9","229","($2.1)","($2.3)","($0.5)","($1.3)","($0.3)","($2.5)","($8.9)","$1.6","($6.8)"
"Jasrado Chisholm","MIA","2B/SS","999.0","179","($2.4)","($2.6)","($0.3)","($1.5)","($0.4)","($2.8)","($10.0)","$2.6","($6.9)"
"Jake Fraley","SEA","OF","598.1","200","($2.3)","($2.4)","($0.2)","($1.5)","($0.3)","($2.6)","($9.4)","$1.8","($7.0)"
"Michael Chavis","BOS","1B","490.6","203","($2.2)","($2.3)","($0.4)","($1.3)","($0.3)","($2.5)","($9.1)","$1.6","($7.0)"
"Jake Cave","MIN","OF","596.8","203","($2.3)","($2.4)","($0.5)","($1.5)","($0.3)","($2.5)","($9.4)","$1.8","($7.1)"
"Brian Goodwin","PIT","OF","596.9","197","($2.3)","($2.4)","($0.3)","($1.5)","($0.2)","($2.6)","($9.4)","$1.8","($7.1)"
"Pat Valaika","BAL","SS","545.3","162","($2.5)","($2.6)","($0.5)","($1.5)","($0.4)","($2.8)","($10.2)","$2.6","($7.1)"
"Jo Adell","LAA","OF","409.6","208","($2.3)","($2.4)","($0.4)","($1.4)","($0.4)","($2.5)","($9.5)","$1.8","($7.1)"
"Franklin Barreto","LAA","2B/3B/SS/OF/DH","600.5","151","($2.5)","($2.6)","($0.4)","($1.5)","($0.3)","($2.9)","($10.2)","$2.6","($7.1)"
"Cedric Mullins II","BAL","OF","501.5","188","($2.5)","($2.4)","($0.1)","($1.6)","($0.3)","($2.6)","($9.5)","$1.8","($7.2)"
"Daniel Vogelbach","MIL","DH","597.9","123","($2.6)","($2.7)","($0.6)","($1.5)","$0.0","($3.1)","($10.3)","$2.6","($7.2)"
"Luis Guillorme","NYM","P/2B/3B/SS","600.2","151","($2.6)","($2.7)","($0.4)","($1.8)","($0.1)","($2.8)","($10.4)","$2.6","($7.3)"
"Andrew Stevenson","WSN","OF","563.2","193","($2.5)","($2.5)","($0.3)","($1.7)","($0.2)","($2.5)","($9.7)","$1.8","($7.3)"
"Jedd Gyorko","","1B","594.3","167","($2.3)","($2.4)","($0.5)","($1.4)","($0.1)","($2.7)","($9.5)","$1.6","($7.4)"
"Blaze Tom","OAK","OF","999.0","197","($2.4)","($2.5)","($0.4)","($1.5)","($0.3)","($2.6)","($9.8)","$1.8","($7.4)"
"Yonathan Daza","COL","OF","999.0","165","($2.5)","($2.6)","($0.3)","($1.7)","($0.1)","($2.5)","($9.8)","$1.8","($7.4)"
"Taylor Trammell","SEA","OF","999.0","197","($2.5)","($2.5)","($0.2)","($1.6)","($0.3)","($2.7)","($9.8)","$1.8","($7.5)"
"Aledmys Diaz","HOU","1B/2B/3B/OF/DH","598.0","157","($2.4)","($2.5)","($0.5)","($1.5)","($0.2)","($2.7)","($9.9)","$1.9","($7.5)"
"Jose  Garcia","CIN","SS","999.0","148","($2.6)","($2.7)","($0.4)","($1.7)","($0.3)","($2.8)","($10.6)","$2.6","($7.5)"
"Jake Lamb","ATL","1B/3B/DH","591.1","178","($2.3)","($2.4)","($0.5)","($1.4)","($0.1)","($2.8)","($9.6)","$1.6","($7.5)"
"Kyle Holder","CIN","SS","999.0","153","($2.6)","($2.7)","($0.5)","($1.7)","($0.3)","($2.8)","($10.6)","$2.6","($7.5)"
"Ender Inciarte","ATL","OF","600.0","176","($2.5)","($2.5)","($0.2)","($1.7)","($0.2)","($2.7)","($9.8)","$1.8","($7.5)"
"Josh Harrison","WSN","1B/2B/3B/OF/DH","593.9","176","($2.5)","($2.5)","($0.4)","($1.6)","($0.3)","($2.6)","($9.9)","$1.9","($7.5)"
"Erik Gonzalez","PIT","SS","587.7","136","($2.7)","($2.8)","($0.4)","($1.7)","($0.3)","($2.8)","($10.7)","$2.6","($7.6)"
"Dee Gordon","CIN","2B/SS/OF/DH","581.3","127","($2.8)","($2.8)","($0.2)","($1.8)","($0.2)","($2.9)","($10.7)","$2.6","($7.6)"
"Mike Brosseau","TBR","P/1B/2B/3B/OF","485.5","149","($2.5)","($2.6)","($0.5)","($1.5)","($0.2)","($2.8)","($10.1)","$1.9","($7.6)"
"Brent Rooker","MIN","OF/DH","590.4","147","($2.4)","($2.6)","($0.5)","($1.5)","($0.2)","($2.9)","($10.0)","$1.8","($7.7)"
"Jed Lowrie","OAK","2B/SS","601.0","123","($2.7)","($2.8)","($0.5)","($1.7)","($0.1)","($3.0)","($10.8)","$2.6","($7.7)"
"Edward Olivares","KCR","OF","543.9","156","($2.5)","($2.6)","($0.3)","($1.6)","($0.3)","($2.7)","($10.1)","$1.8","($7.7)"
"Andy Young","ARI","2B/3B/OF/DH","999.0","145","($2.5)","($2.7)","($0.5)","($1.5)","($0.2)","($2.9)","($10.2)","$1.9","($7.8)"
"Steven Souza Jr.","TEX","OF/DH","600.1","145","($2.5)","($2.6)","($0.4)","($1.5)","($0.1)","($3.0)","($10.1)","$1.8","($7.8)"
"Johan Camargo","ATL","2B","594.8","140","($2.5)","($2.6)","($0.5)","($1.6)","($0.1)","($2.8)","($10.2)","$1.9","($7.8)"
"Lane Thomas","STL","OF","592.5","145","($2.5)","($2.7)","($0.3)","($1.6)","($0.2)","($2.9)","($10.2)","$1.8","($7.8)"
"Tyler Wade","NYY","2B/SS","600.0","109","($2.8)","($2.8)","($0.4)","($1.8)","($0.2)","($3.1)","($10.9)","$2.6","($7.8)"
"Harold Castro","DET","1B/2B/3B/SS/OF/DH","600.3","124","($2.7)","($2.8)","($0.5)","($1.8)","($0.2)","($2.9)","($11.0)","$2.6","($7.9)"
"Matt Beaty","LAD","1B/OF/DH","999.0","136","($2.5)","($2.7)","($0.5)","($1.6)","($0.1)","($2.8)","($10.2)","$1.8","($7.9)"
"Roman Quinn","PHI","OF","550.3","141","($2.6)","($2.7)","($0.1)","($1.7)","($0.2)","($2.9)","($10.2)","$1.8","($7.9)"
"Jay Bruce","NYY","1B/OF/DH","592.6","126","($2.5)","($2.6)","($0.5)","($1.4)","($0.2)","($3.0)","($10.2)","$1.8","($7.9)"
"Darin Ruf","SFG","OF","600.3","133","($2.6)","($2.7)","($0.5)","($1.6)","$0.0","($2.9)","($10.2)","$1.8","($7.9)"
"Albert Almora Jr.","NYM","OF","600.8","155","($2.5)","($2.6)","($0.5)","($1.6)","($0.3)","($2.8)","($10.3)","$1.8","($8.0)"
"Vimael Machin","OAK","1B/2B/3B/SS/DH","999.0","104","($2.8)","($2.8)","($0.5)","($1.8)","($0.1)","($3.1)","($11.1)","$2.6","($8.0)"
"Charlie Culberson","TEX","P/1B/2B/DH","999.0","167","($2.6)","($2.6)","($0.4)","($1.6)","($0.4)","($2.8)","($10.5)","$1.9","($8.0)"
"Aristides Aquino","CIN","OF/DH","585.7","115","($2.5)","($2.7)","($0.5)","($1.4)","($0.2)","($3.0)","($10.4)","$1.8","($8.0)"
"Chris Davis","BAL","1B","599.9","208","($2.4)","($2.5)","($0.5)","($1.4)","($0.6)","($2.8)","($10.1)","$1.6","($8.0)"
"Lewis Brinson","MIA","OF","583.5","155","($2.6)","($2.7)","($0.4)","($1.6)","($0.4)","($2.9)","($10.4)","$1.8","($8.1)"
"Ben Gamel","CLE","OF","999.0","139","($2.7)","($2.7)","($0.4)","($1.7)","($0.1)","($2.9)","($10.5)","$1.8","($8.2)"
"Delino DeShields","TEX","OF","600.3","138","($2.7)","($2.7)","($0.2)","($1.8)","($0.2)","($3.0)","($10.5)","$1.8","($8.2)"
"Joe Panik","TOR","2B/3B/SS/DH","600.4","87","($2.9)","($2.9)","($0.5)","($1.8)","($0.1)","($3.2)","($11.3)","$2.6","($8.2)"
"Chas McCormick","HOU","OF","999.0","131","($2.7)","($2.7)","($0.4)","($1.7)","($0.1)","($2.9)","($10.6)","$1.8","($8.2)"
"Justin Williams","STL","OF","999.0","126","($2.6)","($2.7)","($0.5)","($1.6)","($0.2)","($2.9)","($10.6)","$1.8","($8.2)"
"Richie Martin Jr.","BAL","SS","600.9","95","($2.9)","($2.9)","($0.4)","($1.8)","($0.2)","($3.2)","($11.4)","$2.6","($8.3)"
"Ryan Zimmerman","WSN","1B/3B","600.9","118","($2.6)","($2.7)","($0.5)","($1.5)","($0.1)","($3.0)","($10.4)","$1.6","($8.3)"
"Josh VanMeter","ARI","1B/2B/3B/DH","600.0","107","($2.7)","($2.8)","($0.4)","($1.7)","($0.1)","($3.1)","($10.8)","$1.9","($8.3)"
"Anderson Tejeda","TEX","2B/SS/DH","588.0","71","($2.9)","($3.0)","($0.4)","($1.7)","($0.1)","($3.3)","($11.5)","$2.6","($8.4)"
"Pavin Smith","ARI","1B/OF/DH","596.9","110","($2.7)","($2.8)","($0.5)","($1.7)","$0.0","($3.0)","($10.7)","$1.8","($8.4)"
"Chris Owings","COL","2B/3B/SS/OF","599.6","76","($2.9)","($3.0)","($0.5)","($1.8)","($0.2)","($3.2)","($11.5)","$2.6","($8.4)"
"Brock Holt","TEX","P/1B/3B/OF/DH","600.1","150","($2.7)","($2.7)","($0.5)","($1.7)","($0.1)","($2.9)","($10.5)","$1.6","($8.4)"
"Rylan Bannon","BAL","2B/3B","999.0","112","($2.8)","($2.8)","($0.5)","($1.7)","($0.1)","($3.0)","($10.9)","$1.9","($8.5)"
"Luis Campusano","SDP","DH","999.0","61","($2.9)","($3.0)","($0.5)","($1.8)","($0.1)","($3.3)","($11.6)","$2.6","($8.5)"
"Mike Tauchman","NYY","OF","582.8","105","($2.8)","($2.8)","($0.4)","($1.7)","($0.1)","($3.1)","($10.9)","$1.8","($8.5)"
"Billy Hamilton","CLE","OF","598.0","115","($2.8)","($2.8)","($0.1)","($1.8)","($0.2)","($3.1)","($10.9)","$1.8","($8.6)"
"Edwin Rios","LAD","3B","442.9","118","($2.6)","($2.7)","($0.5)","($1.5)","($0.3)","($3.0)","($10.7)","$1.6","($8.6)"
"Logan Morrison","","1B/DH","999.0","104","($2.6)","($2.7)","($0.5)","($1.5)","($0.1)","($3.1)","($10.7)","$1.6","($8.6)"
"Jose Marmolejos","SEA","OF","595.2","106","($2.7)","($2.8)","($0.5)","($1.7)","($0.2)","($3.1)","($11.0)","$1.8","($8.6)"
"Eli White","TEX","OF/DH","999.0","115","($2.8)","($2.8)","($0.4)","($1.8)","($0.2)","($3.1)","($11.1)","$1.8","($8.7)"
"Edmundo Sosa","STL","2B","999.0","100","($2.8)","($2.9)","($0.5)","($1.7)","($0.2)","($3.1)","($11.2)","$1.9","($8.8)"
"Eric Sogard","","3B","600.5","119","($2.8)","($2.7)","($0.5)","($1.8)","($0.1)","($3.0)","($10.8)","$1.6","($8.8)"
"Matt Joyce","PHI","OF","599.6","88","($2.8)","($2.9)","($0.5)","($1.7)","$0.0","($3.2)","($11.1)","$1.8","($8.8)"
"Greg Bird","COL","1B","598.4","94","($2.7)","($2.8)","($0.5)","($1.6)","($0.1)","($3.2)","($10.9)","$1.6","($8.8)"
"Cameron Maybin","CHC","OF","999.0","92","($2.8)","($2.9)","($0.4)","($1.8)","($0.1)","($3.2)","($11.1)","$1.8","($8.8)"
"Daz Cameron","DET","OF","600.6","97","($2.8)","($2.9)","($0.4)","($1.7)","($0.2)","($3.2)","($11.2)","$1.8","($8.8)"
"Vidal Brujan","TBR","2B","999.0","79","($2.9)","($2.9)","($0.3)","($1.8)","($0.1)","($3.2)","($11.3)","$1.9","($8.8)"
"Jeter Downs","BOS","2B/SS","552.4","39","($3.0)","($3.1)","($0.5)","($1.8)","($0.1)","($3.4)","($11.9)","$2.6","($8.8)"
"Austin Dean","STL","1B/OF","999.0","79","($2.8)","($2.9)","($0.5)","($1.7)","($0.1)","($3.2)","($11.2)","$1.8","($8.8)"
"Heliot Ramos","SFG","OF","999.0","94","($2.8)","($2.9)","($0.5)","($1.7)","($0.1)","($3.1)","($11.2)","$1.8","($8.9)"
"Danny Santana","","1B/OF/DH","588.9","84","($2.8)","($2.9)","($0.4)","($1.7)","($0.2)","($3.2)","($11.2)","$1.8","($8.9)"
"Yu-Cheng Chang","CLE","2B/3B/SS","600.3","46","($3.0)","($3.1)","($0.5)","($1.8)","($0.1)","($3.4)","($12.0)","$2.6","($8.9)"
"Ramon Urias","BAL","2B/SS","599.5","39","($3.0)","($3.1)","($0.5)","($1.8)","$0.0","($3.4)","($12.0)","$2.6","($8.9)"
"Ronald Guzman","TEX","1B","594.5","102","($2.7)","($2.8)","($0.5)","($1.6)","($0.1)","($3.1)","($11.0)","$1.6","($8.9)"
"Steven Duggar","SFG","OF","999.0","102","($2.9)","($2.9)","($0.4)","($1.8)","($0.2)","($3.1)","($11.3)","$1.8","($8.9)"
"Zack Cozart","","SS","999.0","39","($3.0)","($3.1)","($0.5)","($1.8)","($0.1)","($3.5)","($12.0)","$2.6","($8.9)"
"Logan Forsythe","","P/1B/2B/DH","999.0","92","($2.9)","($2.9)","($0.5)","($1.8)","($0.1)","($3.2)","($11.4)","$1.9","($8.9)"
"Abraham Toro","HOU","1B/2B/3B/DH","597.4","72","($2.9)","($2.9)","($0.5)","($1.7)","($0.1)","($3.3)","($11.4)","$1.9","($8.9)"
"Danny Mendick","CHW","2B","999.0","77","($2.9)","($2.9)","($0.5)","($1.8)","($0.1)","($3.2)","($11.4)","$1.9","($8.9)"
"Tim Beckham","CHW","SS","999.0","33","($3.0)","($3.1)","($0.6)","($1.8)","($0.1)","($3.5)","($12.1)","$2.6","($9.0)"
"Ildemaro Vargas","CHC","1B/2B/3B","999.0","75","($2.9)","($3.0)","($0.5)","($1.8)","($0.1)","($3.2)","($11.5)","$1.9","($9.0)"
"Gerardo Parra","WSN","OF","999.0","78","($2.9)","($3.0)","($0.5)","($1.8)","($0.1)","($3.2)","($11.4)","$1.8","($9.1)"
"Jared Oliva","PIT","OF","999.0","70","($2.9)","($3.0)","($0.4)","($1.8)","($0.1)","($3.3)","($11.5)","$1.8","($9.1)"
"Bobby Bradley","CLE","1B/DH","600.5","78","($2.8)","($2.9)","($0.5)","($1.6)","($0.1)","($3.3)","($11.2)","$1.6","($9.2)"
"Odubel Herrera","PHI","OF","598.9","66","($2.9)","($3.0)","($0.5)","($1.8)","($0.1)","($3.3)","($11.5)","$1.8","($9.2)"
"Isaac Paredes","DET","3B","579.9","82","($2.8)","($2.9)","($0.5)","($1.8)","($0.1)","($3.2)","($11.3)","$1.6","($9.2)"
"Ryan McBroom","KCR","1B/OF/DH","600.6","66","($2.9)","($3.0)","($0.5)","($1.8)","($0.1)","($3.3)","($11.6)","$1.8","($9.2)"
"Greg Garcia","DET","2B/3B/DH","999.0","67","($3.0)","($3.0)","($0.5)","($1.8)","$0.0","($3.3)","($11.7)","$1.9","($9.2)"
"Taylor Ward","LAA","OF","599.2","59","($2.9)","($3.0)","($0.5)","($1.8)","$0.0","($3.4)","($11.6)","$1.8","($9.3)"
"Thairo Estrada","NYY","2B","999.0","59","($3.0)","($3.0)","($0.5)","($1.8)","($0.1)","($3.3)","($11.8)","$1.9","($9.3)"
"Brett Phillips","TBR","OF","600.9","65","($2.9)","($3.0)","($0.4)","($1.8)","($0.1)","($3.4)","($11.7)","$1.8","($9.3)"
"Jorge Mateo","SDP","2B/OF/DH","600.6","59","($3.0)","($3.0)","($0.5)","($1.8)","($0.2)","($3.4)","($11.8)","$1.9","($9.3)"
"Bret Boswell","COL","2B/3B","999.0","54","($3.0)","($3.1)","($0.5)","($1.8)","($0.1)","($3.4)","($11.8)","$1.9","($9.3)"
"Ryan O'Hearn","KCR","1B","599.5","74","($2.8)","($2.9)","($0.6)","($1.7)","($0.1)","($3.3)","($11.4)","$1.6","($9.3)"
"Colton Welker","COL","3B","999.0","67","($2.9)","($3.0)","($0.5)","($1.8)","$0.0","($3.2)","($11.4)","$1.6","($9.3)"
"Juan Lagares","LAA","OF","999.0","72","($2.9)","($3.0)","($0.5)","($1.8)","($0.2)","($3.3)","($11.7)","$1.8","($9.3)"
"Christin Stewart","DET","OF","599.5","55","($2.9)","($3.0)","($0.6)","($1.7)","($0.1)","($3.4)","($11.7)","$1.8","($9.4)"
"Braden Bishop","SEA","OF","999.0","71","($2.9)","($3.0)","($0.5)","($1.8)","($0.1)","($3.3)","($11.7)","$1.8","($9.4)"
"Neil Walker","","P/1B/2B/3B/OF/DH","999.0","54","($3.0)","($3.0)","($0.6)","($1.8)","($0.1)","($3.4)","($11.8)","$1.9","($9.4)"
"Sheldon Neuse","LAD","2B","600.9","55","($3.0)","($3.1)","($0.5)","($1.8)","($0.1)","($3.4)","($11.8)","$1.9","($9.4)"
"Luis Barrera","OAK","OF","999.0","59","($3.0)","($3.0)","($0.5)","($1.8)","($0.1)","($3.3)","($11.7)","$1.8","($9.4)"
"Michael Reed","OAK","OF","999.0","66","($3.0)","($3.0)","($0.4)","($1.8)","($0.2)","($3.3)","($11.7)","$1.8","($9.4)"
"Bradley Zimmer","CLE","OF","599.9","59","($3.0)","($3.0)","($0.5)","($1.8)","($0.1)","($3.4)","($11.8)","$1.8","($9.4)"
"Harold Ramirez","CLE","OF","999.0","54","($3.0)","($3.0)","($0.5)","($1.8)","($0.1)","($3.3)","($11.8)","$1.8","($9.4)"
"Phil Gosselin","LAA","1B/2B/3B/OF/DH","999.0","52","($3.0)","($3.1)","($0.5)","($1.8)","($0.1)","($3.4)","($11.9)","$1.9","($9.4)"
"Magneuris Sierra","MIA","OF","599.2","55","($3.0)","($3.1)","($0.4)","($1.9)","($0.1)","($3.3)","($11.8)","$1.8","($9.5)"
"Stuart Fairchild","ARI","OF","999.0","54","($3.0)","($3.1)","($0.5)","($1.8)","($0.1)","($3.4)","($11.8)","$1.8","($9.5)"
"Seth Brown","OAK","1B/DH","600.0","73","($2.9)","($3.0)","($0.5)","($1.7)","($0.2)","($3.3)","($11.6)","$1.6","($9.5)"
"Luis Rengifo","LAA","2B","999.0","38","($3.0)","($3.1)","($0.5)","($1.8)","$0.0","($3.5)","($12.0)","$1.9","($9.5)"
"Zach McKinstry","LAD","2B/OF/DH","999.0","40","($3.0)","($3.1)","($0.5)","($1.8)","($0.1)","($3.4)","($12.0)","$1.9","($9.5)"
"Alex Blandino","CIN","2B/3B","999.0","47","($3.0)","($3.1)","($0.5)","($1.8)","$0.0","($3.5)","($12.0)","$1.9","($9.5)"
"Lewin Diaz","MIA","1B/DH","999.0","61","($2.9)","($3.0)","($0.5)","($1.7)","($0.1)","($3.3)","($11.6)","$1.6","($9.6)"
"Joshua Palacios","TOR","OF","999.0","46","($3.0)","($3.1)","($0.5)","($1.8)","($0.1)","($3.4)","($11.9)","$1.8","($9.6)"
"Andy Ibanez","TEX","2B/3B","999.0","39","($3.0)","($3.1)","($0.5)","($1.8)","($0.1)","($3.4)","($12.0)","$1.9","($9.6)"
"Jason Kipnis","ATL","2B","600.8","37","($3.0)","($3.1)","($0.5)","($1.8)","$0.0","($3.5)","($12.0)","$1.9","($9.6)"
"Matt Adams","","1B/DH","999.0","53","($2.9)","($3.0)","($0.6)","($1.7)","($0.1)","($3.4)","($11.7)","$1.6","($9.6)"
"Mickey Moniak","PHI","OF/DH","999.0","44","($3.0)","($3.1)","($0.5)","($1.8)","($0.1)","($3.4)","($12.0)","$1.8","($9.6)"
"Matt Thaiss","LAA","1B/2B/3B/OF/DH","999.0","32","($3.0)","($3.1)","($0.6)","($1.8)","$0.0","($3.5)","($12.1)","$1.9","($9.7)"
"Jonathan Davis","TOR","OF","999.0","39","($3.0)","($3.1)","($0.5)","($1.8)","($0.1)","($3.5)","($12.0)","$1.8","($9.7)"
"Derek Fisher","MIL","OF/DH","600.5","33","($3.0)","($3.1)","($0.5)","($1.8)","$0.0","($3.5)","($12.0)","$1.8","($9.7)"
"Trayce Thompson","ARI","OF","999.0","47","($3.0)","($3.1)","($0.5)","($1.8)","($0.2)","($3.5)","($12.1)","$1.8","($9.7)"
"Andrew Waters","ATL","OF","583.2","33","($3.0)","($3.1)","($0.5)","($1.8)","$0.0","($3.5)","($12.1)","$1.8","($9.7)"
"Jose Siri","HOU","OF","999.0","39","($3.0)","($3.1)","($0.5)","($1.8)","($0.1)","($3.5)","($12.1)","$1.8","($9.7)"
"Luis Gonzalez","CHW","OF/DH","999.0","33","($3.0)","($3.1)","($0.5)","($1.8)","$0.0","($3.5)","($12.1)","$1.8","($9.7)"
"LaMonte Wade Jr.","SFG","1B/OF","999.0","33","($3.1)","($3.1)","($0.5)","($1.9)","$0.0","($3.5)","($12.1)","$1.8","($9.7)"
"Miguel Andujar","NYY","3B/OF/DH","552.2","33","($3.0)","($3.1)","($0.6)","($1.8)","$0.0","($3.5)","($12.0)","$1.6","($9.9)"
"Matt Duffy","CHC","3B","999.0","40","($3.0)","($3.1)","($0.5)","($1.9)","$0.0","($3.4)","($12.0)","$1.6","($9.9)"
"Nolan Jones","CLE","3B","573.6","33","($3.0)","($3.1)","($0.5)","($1.8)","$0.0","($3.5)","($12.0)","$1.6","($10.0)"
"Mike Ford","NYY","1B/DH","597.1","26","($3.0)","($3.1)","($0.6)","($1.8)","$0.0","($3.5)","($12.1)","$1.6","($10.0)"
"Joshua Jung","TEX","3B","999.0","53","($3.0)","($3.1)","($0.5)","($1.8)","($0.2)","($3.4)","($12.1)","$1.6","($10.0)"
